"COMGBH9JDPVGD8BH","HP AMD Ryzen 5 Hexa Core 5500U - (8 GB/512 GB SSD/Windows 11 Home) 15s- eq2144au Thin and Light Laptop","HP","AMD Ryzen 5 Hexa Core Processor","8 GB DDR4 RAM","512 GB SSD","39.62 cm (15.6 inch) Display","nan","64 bit Windows 11 Operating System","1 Year Onsite Warranty","竄ｹ37,732","竄ｹ54,552","30","4.2","8306","595","No","https://www.flipkart.com/hp-amd-ryzen-5-hexa-core-5500u-8-gb-512-gb-ssd-windows-11-home-15s-eq2144au-thin-light-laptop/p/itmd57b41ed8750a","https://rukminim2.flixcart.com/image/312/312/xif0q/computer/j/a/a/-original-imahcd9zcpenszva.jpeg?q=70","1"
"COMGNRNUUGYRB96A","ASUS Vivobook Go 15 AMD Ryzen 3 Quad Core 7320U - (8 GB/512 GB SSD/Windows 11 Home) E1504FA-NJ321WS Th...","ASUS","AMD Ryzen 3 Quad Core Processor","8 GB LPDDR5 RAM","512 GB SSD","39.62 cm (15.6 Inch) Display","nan","Windows 11 Operating System","1 Year Onsite Warranty","竄ｹ31,990","竄ｹ50,990","37","4.2","3181","298","No","https://www.flipkart.com/asus-vivobook-go-15-amd-ryzen-3-quad-core-7320u-8-gb-512-gb-ssd-windows-11-home-e1504fa-nj321ws-thin-light-laptop/p/itmf2da9c7085e1b","https://rukminim2.flixcart.com/image/312/312/xif0q/computer/v/m/v/-original-imahcd9gyatyfjta.jpeg?q=70","2"
"COMH56DFUBTUMXRH","HP 15 (2024) AMD Ryzen 3 Quad Core 7320U - (8 GB/512 GB SSD/Windows 11 Home) 15-fc0154AU Thin and Ligh...","HP","AMD Ryzen 3 Quad Core Processor","8 GB DDR4 RAM","512 GB SSD","39.62 cm (15.6 Inch) Display","nan","Windows 11 Operating System","1 Year Onsite Warranty","竄ｹ30,990","竄ｹ45,995","32","4.2","2305","193","Yes","https://www.flipkart.com/hp-15-2024-amd-ryzen-3-quad-core-7320u-8-gb-512-gb-ssd-windows-11-home-15-fc0154au-thin-light-laptop/p/itm341b4714ead99","https://rukminim2.flixcart.com/image/312/312/xif0q/computer/c/3/2/-original-imahcd9khtmt87hu.jpeg?q=70","3"
"COMH8VXV7FW2SDAX","HP Victus Intel Core i5 13th Gen 13420H - (16 GB/512 GB SSD/Windows 11 Home/4 GB Graphics/NVIDIA GeFor...","HP","Intel Core i5 Processor (13th Gen)","16 GB DDR4 RAM","512 GB SSD","39.62 cm (15.6 inch) Display","nan","Windows 11 Home Operating System","1 Year Carry-in Warranty","竄ｹ59,990","竄ｹ75,142","20","4","158","5","Yes","https://www.flipkart.com/hp-victus-intel-core-i5-13th-gen-13420h-16-gb-512-gb-ssd-windows-11-home-4-graphics-nvidia-geforce-rtx-2050-15-fa2703tx-gaming-laptop/p/itm280d703c08614","https://rukminim2.flixcart.com/image/312/312/xif0q/computer/0/d/v/-original-imahcd9z3qppfzdm.jpeg?q=70","4"
"COMH4N767SJX8MZV","HP AMD Ryzen 5 Quad Core 7520U - (8 GB/512 GB SSD/Windows 11 Home) 15-fc0155AU Thin and Light Laptop","HP","AMD Ryzen 5 Quad Core Processor","8 GB LPDDR5 RAM","512 GB SSD","39.62 cm (15.6 Inch) Display","nan","Windows 11 Operating System","1 Year Onsite Warranty","竄ｹ36,990","竄ｹ53,413","30","3.9","75","3","Yes","https://www.flipkart.com/hp-amd-ryzen-5-quad-core-7520u-8-gb-512-gb-ssd-windows-11-home-15-fc0155au-thin-light-laptop/p/itmd9ac5762d7458","https://rukminim2.flixcart.com/image/312/312/xif0q/computer/a/p/p/-original-imahcd9dpgfsqfzg.jpeg?q=70","5"
"COMH397X2KJ8XCHR","Acer Aspire 3 AMD Ryzen 3 Quad Core 7330U - (8 GB/512 GB SSD/Windows 11 Home) A325-42 Thin and Light L...","Acer","AMD Ryzen 3 Quad Core Processor","8 GB DDR4 RAM","512 GB SSD","39.62 cm (15.6 Inch) Display","nan","Windows 11 Operating System","1 Year Carry-in Warranty","竄ｹ27,990","竄ｹ44,990","37","4.1","519","80","Yes","https://www.flipkart.com/acer-aspire-3-amd-ryzen-quad-core-7330u-8-gb-512-gb-ssd-windows-11-home-a325-42-thin-light-laptop/p/itmdaf15e01a1d1a","https://rukminim2.flixcart.com/image/312/312/xif0q/computer/o/m/l/-original-imahcd9zt99rekjd.jpeg?q=70","6"
"COMH8PDNRYZH6QHW","HP 15R (2025) Intel Core i3 13th Gen 1315U - (8 GB/512 GB SSD/Windows 11 Pro) 15R G9 Thin and Light La...","HP","Intel Core i3 Processor (13th Gen)","8 GB DDR4 RAM","512 GB SSD","39.62 cm (15.6 inch) Display","nan","64 bit Windows 11 Operating System","1 Year Onsite Warranty","竄ｹ32,000","竄ｹ74,990","57","4.1","72","4","Yes","https://www.flipkart.com/hp-15r-2025-intel-core-i3-13th-gen-1315u-8-gb-512-gb-ssd-windows-11-pro-g9-thin-light-laptop/p/itmff5abac6385ed","https://rukminim2.flixcart.com/image/312/312/xif0q/computer/3/s/2/15r-g9-thin-and-light-laptop-hp-original-imah8zwjtgxdtbxw.jpeg?q=70","7"
"COMH9ZS5WUN6S3H5","HP 15 G10 (2025) AMD Ryzen 3 Quad Core 7320U - (8 GB/512 GB SSD/Windows 11 Home) 15 G10 Thin and Light...","HP","AMD Ryzen 3 Quad Core Processor","8 GB DDR4 RAM","512 GB SSD","39.62 cm (15.6 inch) Display","nan","64 bit Windows 11 Home Operating System","1 Year Onsite Warranty","竄ｹ26,999","竄ｹ49,999","46","4.4","1482","186","No","https://www.flipkart.com/hp-15-g10-2025-amd-ryzen-3-quad-core-7320u-8-gb-512-gb-ssd-windows-11-home-thin-light-laptop/p/itm4b28b4db440f0","https://rukminim2.flixcart.com/image/312/312/xif0q/computer/b/a/9/15-g10-thin-and-light-laptop-hp-original-imah9zs5gw5c7myz.jpeg?q=70","8"
"COMGXNZGJV3MEMWM","HP Intel Core i5 12th Gen 1235U - (16 GB/512 GB SSD/Windows 11 Home) 15s-fq5330TU|15-fd0111TU Thin and...","HP","Intel Core i5 Processor (12th Gen)","16 GB DDR4 RAM","512 GB SSD","39.62 cm (15.6 inch) Display","nan","Windows 11 Operating System","1 Year Onsite warranty","竄ｹ48,180","竄ｹ70,502","31","4.3","7398","348","No","https://www.flipkart.com/hp-intel-core-i5-12th-gen-1235u-16-gb-512-gb-ssd-windows-11-home-15s-fq5330tu-15-fd0111tu-thin-light-laptop/p/itm5b5f94f7b044c","https://rukminim2.flixcart.com/image/312/312/xif0q/computer/v/l/k/-original-imahcd9n7cznyzaa.jpeg?q=70","9"
"COMGZNSBMUR7S8WY","HP 15s Backlit Keyboard AMD Ryzen 3 Quad Core 7320U - (8 GB/512 GB SSD/Windows 11 Home) 15-fc0026AU Th...","HP","AMD Ryzen 3 Quad Core Processor","8 GB LPDDR5 RAM","512 GB SSD","39.62 cm (15.6 Inch) Display","nan","64 bit Windows 11 Operating System","1 Year Onsite Warranty","竄ｹ31,990","竄ｹ45,438","29","4.2","679","64","Yes","https://www.flipkart.com/hp-15s-backlit-keyboard-amd-ryzen-3-quad-core-7320u-8-gb-512-gb-ssd-windows-11-home-15-fc0026au-thin-light-laptop/p/itm4e6d85f618393","https://rukminim2.flixcart.com/image/312/312/xif0q/computer/d/d/j/-original-imahcd9nv7ghh6t6.jpeg?q=70","10"
"COMHYWTJWVCVHFBH","MSI Modern 14 Intel Core i3 12th Gen 1215U - (8 GB/512 GB SSD/Windows 11 Home) Modern 14 C12MO Busines...","MSI","Intel Core i3 Processor (12th Gen)","8 GB DDR4 RAM","512 GB SSD","35.56 cm (14 inch) Display","nan","Windows 11 Operating System","1 Year Warranty Term","竄ｹ32,000","竄ｹ47,990","33","4.4","142","19","No","https://www.flipkart.com/msi-modern-14-intel-core-i3-12th-gen-1215u-8-gb-512-gb-ssd-windows-11-home-c12mo-business-laptop/p/itmb82466e1d1ca2","https://rukminim2.flixcart.com/image/312/312/xif0q/computer/9/x/p/-original-imahcd9jhhubfwrg.jpeg?q=70","11"
"COMH9SJ9YXA8RGGT","ASUS Vivobook Go 14 (2025) with Office 2024 + M365 Basic* AMD Ryzen 3 Quad Core 7320U - (8 GB/512 GB S...","ASUS","AMD Ryzen 3 Quad Core Processor","8 GB LPDDR5 RAM","512 GB SSD","35.56 cm (14 inch) Display","nan","Windows 11 Home Operating System","1 Year Onsite Warranty","竄ｹ33,990","竄ｹ43,990","22","4.2","2410","240","Yes","https://www.flipkart.com/asus-vivobook-go-14-2025-office-2024-m365-basic-amd-ryzen-3-quad-core-7320u-8-gb-512-gb-ssd-windows-11-home-e1404fa-nk3321ws-thin-light-laptop/p/itm1472d87e3ca55","https://rukminim2.flixcart.com/image/312/312/xif0q/computer/d/n/3/-original-imah2y2teghzh7xe.jpeg?q=70","12"
"COMH743DRRNQYDSH","HP 255 G10 (2024) AMD Ryzen 3 Quad Core 7320U - (8 GB/512 GB SSD/Windows 11 Home) 250 G10 Thin and Lig...","HP","AMD Ryzen 3 Quad Core Processor","8 GB DDR4 RAM","512 GB SSD","39.62 cm (15.6 inch) Display","nan","64 bit Windows 11 Operating System","1 Year Onsite Warranty","竄ｹ26,690","竄ｹ31,990","16","4","454","41","Yes","https://www.flipkart.com/hp-255-g10-2024-amd-ryzen-3-quad-core-7320u-8-gb-512-gb-ssd-windows-11-home-250-thin-light-laptop/p/itmac0cd52f844ae","https://rukminim2.flixcart.com/image/312/312/xif0q/computer/j/3/g/250-g10-laptop-hp-original-imah743dczyznxz9.jpeg?q=70","13"
"COMHBFRJEWGN4FMY","HP MSO 2024 Intel Core i3 13th Gen 1315U - (16 GB/512 GB SSD/Windows 11 Home) 15-fd0574TU Thin and Lig...","HP","Intel Core i3 Processor (13th Gen)","16 GB DDR4 RAM","512 GB SSD","39.62 cm (15.6 Inch) Display","nan","Windows 11 Home Operating System","1 Year Onsite Warranty","竄ｹ40,990","竄ｹ54,479","24","4","137","10","Yes","https://www.flipkart.com/hp-mso-2024-intel-core-i3-13th-gen-1315u-16-gb-512-gb-ssd-windows-11-home-15-fd0574tu-thin-light-laptop/p/itm9126a589d1667","https://rukminim2.flixcart.com/image/312/312/xif0q/computer/d/q/s/-original-imahcsmhhghyej8f.jpeg?q=70","14"
"COMGZVGHE9QU8C6M","HP 15s Intel Core i3 12th Gen 1215U - (8 GB/512 GB SSD/Windows 11 Home) 15s-fy5003TU Thin and Light La...","HP","Intel Core i3 Processor (12th Gen)","8 GB DDR4 RAM","512 GB SSD","39.62 cm (15.6 inch) Display","nan","Windows 11 Operating System","1 Year Onsite Warranty","竄ｹ34,490","竄ｹ51,266","32","4.2","6126","368","Yes","https://www.flipkart.com/hp-15s-intel-core-i3-12th-gen-1215u-8-gb-512-gb-ssd-windows-11-home-15s-fy5003tu-thin-light-laptop/p/itm2977a9ca00317","https://rukminim2.flixcart.com/image/312/312/xif0q/computer/c/j/c/-original-imahcd9arucnzwgg.jpeg?q=70","15"
"COMH7Z2FGDVU8DZT","HP G9 Intel Core i3 13th Gen 1315U Turbo Boost with Finger Print - (16 GB/512 GB SSD/Windows 11 Pro) 2...","HP","Intel Core i3 Processor (13th Gen)","16 GB DDR4 RAM","512 GB SSD","39.62 cm (15.6 inch) Display","nan","64 bit Windows 11 Operating System","nan","竄ｹ33,490","竄ｹ49,990","33","4.1","169","20","Yes","https://www.flipkart.com/hp-g9-intel-core-i3-13th-gen-1315u-turbo-boost-finger-print-16-gb-512-gb-ssd-windows-11-pro-250r-business-laptop/p/itmff5abac6385ed","https://rukminim2.flixcart.com/image/312/312/xif0q/computer/x/f/5/250r-g10-business-laptop-hp-original-imah7z2fhgrz6ygn.jpeg?q=70","16"
"COMGQN94CKCN3EYH","DELL Intel Core i3 13th Gen - (8 GB/512 GB SSD/Windows 11 Home) 3530 Thin and Light Laptop","DELL","Intel Core i3 Processor (13th Gen)","8 GB DDR4 RAM","512 GB SSD","39.62 cm (15.6 inch) Display","nan","Windows 11 Operating System","1 year domestic warranty","竄ｹ35,490","竄ｹ49,149","27","4.2","133","14","Yes","https://www.flipkart.com/dell-intel-core-i3-13th-gen-8-gb-512-gb-ssd-windows-11-home-3530-thin-light-laptop/p/itme37811760d94c","https://rukminim2.flixcart.com/image/312/312/xif0q/computer/3/k/e/-original-imah8bgr5e2gqx25.jpeg?q=70","17"
"COMH94998FGG8FHG","ASUS Vivobook Go 15 AMD Ryzen 3 Quad Core 7320U - (8 GB/512 GB SSD/Windows 11 Home) E1504FA-NJ131WS Th...","ASUS","AMD Ryzen 3 Quad Core Processor","8 GB LPDDR5 RAM","512 GB SSD","39.62 cm (15.6 Inch) Display","nan","Windows 11 Home Operating System","1 Year Onsite Warranty","竄ｹ32,390","竄ｹ44,990","28","4.2","3181","298","Yes","https://www.flipkart.com/asus-vivobook-go-15-amd-ryzen-3-quad-core-7320u-8-gb-512-gb-ssd-windows-11-home-e1504fa-nj131ws-thin-light-laptop/p/itm1a9101a401f3c","https://rukminim2.flixcart.com/image/312/312/xif0q/computer/v/m/v/-original-imahcd9gyatyfjta.jpeg?q=70","18"
"COMH75KHRZHEHBNY","HP 250R G9 (2024) Intel Core i3 13th Gen Intel Core i3 - 1315U (13th Gen) - (8 GB/512 GB SSD/Windows 1...","HP","Intel Core i3 Processor (13th Gen)","8 GB DDR4 RAM","512 GB SSD","39.62 cm (15.6 inch) Display","nan","Windows 11 Home Operating System","1 Year Onsite Warranty","竄ｹ32,490","竄ｹ39,724","18","4.4","45","1","Yes","https://www.flipkart.com/hp-250r-g9-2024-intel-core-i3-13th-gen-1315u-13th-gen-8-gb-512-gb-ssd-windows-11-home-thin-light-laptop/p/itmff5abac6385ed","https://rukminim2.flixcart.com/image/312/312/xif0q/computer/q/t/o/250r-g9-thin-and-light-laptop-hp-original-imah77g3dbdcvy6p.jpeg?q=70","19"
"COMH6AHAGBDZW429","HP (2024) Intel Core i3 12th Gen 1215U - (8 GB/512 GB SSD/Windows 11 Home) 15-fd0061TU Thin and Light ...","HP","Intel Core i3 Processor (12th Gen)","8 GB DDR4 RAM","512 GB SSD","39.62 cm (15.6 inch) Display","nan","64 bit Windows 11 Operating System","1 Year Warranty","竄ｹ34,990","竄ｹ45,995","23","3.9","136","7","Yes","https://www.flipkart.com/hp-2024-intel-core-i3-12th-gen-1215u-8-gb-512-gb-ssd-windows-11-home-15-fd0061tu-thin-light-laptop/p/itmae9a067923020","https://rukminim2.flixcart.com/image/312/312/xif0q/computer/x/j/9/-original-imahbgw5pwf7f2gy.jpeg?q=70","20"
"COMGQY48KGHRAF3B","HP Intel Core i3 12th Gen 1215U - (16 GB/512 GB SSD/Windows 11 Home) 15s-fy5004TU Thin and Light Lapto...","HP","Intel Core i3 Processor (12th Gen)","16 GB DDR4 RAM","512 GB SSD","39.62 cm (15.6 inch) Display","nan","Windows 11 Operating System","1 Year Onsite Warranty","竄ｹ35,590","竄ｹ52,721","32","4.3","1749","93","Yes","https://www.flipkart.com/hp-intel-core-i3-12th-gen-1215u-16-gb-512-gb-ssd-windows-11-home-15s-fy5004tu-thin-light-laptop/p/itm2977a9ca00317","https://rukminim2.flixcart.com/image/312/312/xif0q/computer/c/j/c/-original-imahcd9arucnzwgg.jpeg?q=70","21"
"COMH9MT3HWTYP8UY","HP 15R (2025) Intel Core i3 13th Gen 1315U - (16 GB/512 GB SSD/Windows 11 Home) 15R G9 Thin and Light ...","HP","Intel Core i3 Processor (13th Gen)","16 GB DDR4 RAM","512 GB SSD","39.62 cm (15.6 inch) Display","nan","64 bit Windows 11 Home Operating System","1 Year Onsite Warranty","竄ｹ34,990","竄ｹ82,990","57","3.8","38","1","No","https://www.flipkart.com/hp-15r-2025-intel-core-i3-13th-gen-1315u-16-gb-512-gb-ssd-windows-11-home-g9-thin-light-laptop/p/itma7df4d7d70080","https://rukminim2.flixcart.com/image/312/312/xif0q/computer/r/y/i/15r-g9-thin-and-light-laptop-hp-original-imah9m5bkrhtb4me.jpeg?q=70","22"
"COMHY9G672HKDZHB","HP Laptop Intel Core i3 13th Gen 1315U - (8 GB/512 GB SSD/Windows 11 Home) 15-fd0186TU Thin and Light ...","HP","Intel Core i3 Processor (13th Gen)","8 GB DDR4 RAM","512 GB SSD","39.62 cm (15.6 Inch) Display","nan","Windows 11 Operating System","1 Year Onsite Warranty","竄ｹ36,990","竄ｹ50,843","27","4.2","489","31","Yes","https://www.flipkart.com/hp-laptop-intel-core-i3-13th-gen-1315u-8-gb-512-gb-ssd-windows-11-home-15-fd0186tu-thin-light/p/itm4fc6159aa1303","https://rukminim2.flixcart.com/image/312/312/xif0q/computer/l/u/q/-original-imahcd9khfgpqt9k.jpeg?q=70","23"
"COMGKW2NSU4SPZSG","HP 15s Intel Core i3 12th Gen 1215U - (8 GB/512 GB SSD/Windows 11 Home) 15s-fq5007TU Thin and Light La...","HP","Intel Core i3 Processor (12th Gen)","8 GB DDR4 RAM","512 GB SSD","39.62 cm (15.6 inch) Display","nan","64 bit Windows 11 Operating System","1 Year Onsite Warranty","竄ｹ36,499","竄ｹ56,990","35","4.2","7061","573","No","https://www.flipkart.com/hp-15s-intel-core-i3-12th-gen-1215u-8-gb-512-gb-ssd-windows-11-home-15s-fq5007tu-thin-light-laptop/p/itmd2ff5362367f2","https://rukminim2.flixcart.com/image/312/312/xif0q/computer/6/g/i/-original-imahcd9c3nzk7f9s.jpeg?q=70","24"
"COMGFBK9A3Z2QD9H","HP 255 G9 AMD Ryzen 3 Dual Core 3250 - (8 GB/512 GB SSD/Windows 11 Home) 255 G8 Thin and Light Laptop","HP","AMD Ryzen 3 Dual Core Processor","8 GB DDR4 RAM","512 GB SSD","39.62 cm (15.6 inch) Display","nan","64 bit Windows 11 Operating System","nan","竄ｹ26,939","竄ｹ47,990","43","4.1","1503","108","Yes","https://www.flipkart.com/hp-255-g9-amd-ryzen-3-dual-core-3250-8-gb-512-gb-ssd-windows-11-home-g8-thin-light-laptop/p/itm087b6d1981ee8","https://rukminim2.flixcart.com/image/312/312/l48s9zk0/computer/6/z/k/hp-laptop-255-g8-notebook-notebook-hp-original-imagf6hthg9zbxug.jpeg?q=70","25"
"COMH4N76ZS7U93JE","HP AMD Ryzen 5 Quad Core 7520U - (16 GB/512 GB SSD/Windows 11 Home) 15-fc0156AU Thin and Light Laptop","HP","AMD Ryzen 5 Quad Core Processor","16 GB LPDDR5 RAM","512 GB SSD","39.62 cm (15.6 Inch) Display","nan","Windows 11 Operating System","1 Year Onsite Warranty","竄ｹ39,990","竄ｹ56,831","29","3.9","103","13","No","https://www.flipkart.com/hp-amd-ryzen-5-quad-core-7520u-16-gb-512-gb-ssd-windows-11-home-15-fc0156au-thin-light-laptop/p/itm84a68fe7b6015","https://rukminim2.flixcart.com/image/312/312/xif0q/computer/t/o/l/-original-imahcd9dzczmhyuh.jpeg?q=70","26"
"COMGZNSBJSPBBC4M","HP 15s AMD Ryzen 5 Quad Core 7520U - (8 GB/512 GB SSD/Windows 11 Home) 15-fc0029AU Thin and Light Lapt...","HP","AMD Ryzen 5 Quad Core Processor","8 GB LPDDR5 RAM","512 GB SSD","39.62 cm (15.6 Inch) Display","nan","64 bit Windows 11 Operating System","1 Year Onsite Warranty","竄ｹ39,990","竄ｹ57,990","31","4.2","103","10","No","https://www.flipkart.com/hp-15s-amd-ryzen-5-quad-core-7520u-8-gb-512-gb-ssd-windows-11-home-15-fc0029au-thin-light-laptop/p/itm33d61a12623b2","https://rukminim2.flixcart.com/image/312/312/xif0q/computer/a/p/p/-original-imahcd9dpgfsqfzg.jpeg?q=70","27"
"COMGZ7FRHVADKQ5V","HP 14s Intel Core i3 12th Gen 1215U - (8 GB/512 GB SSD/Windows 11 Home) 14s - dy5008TU Thin and Light ...","HP","Intel Core i3 Processor (12th Gen)","8 GB DDR4 RAM","512 GB SSD","35.56 cm (14 Inch) Display","nan","64 bit Windows 11 Operating System","1 Year Onsite Warranty","竄ｹ34,890","竄ｹ49,509","29","3.7","74","4","No","https://www.flipkart.com/hp-14s-intel-core-i3-12th-gen-1215u-8-gb-512-gb-ssd-windows-11-home-dy5008tu-thin-light-laptop/p/itm9643034ac6cf7","https://rukminim2.flixcart.com/image/312/312/xif0q/computer/j/4/f/14s-dy5008tu-thin-and-light-laptop-hp-original-imah3bdtvahahjhq.jpeg?q=70","29"
"COMGYHP5UVCYJFJY","HP AMD Ryzen 5 Hexa Core 5500U - (8 GB/512 GB SSD/Windows 11 Home) 15s- eq2304au Thin and Light Laptop","HP","AMD Ryzen 5 Hexa Core Processor","8 GB DDR4 RAM","512 GB SSD","39.62 cm (15.6 inch) Display","nan","64 bit Windows 11 Operating System","1 Year Onsite Warranty","竄ｹ36,990","竄ｹ48,419","23","4.4","354","28","Yes","https://www.flipkart.com/hp-amd-ryzen-5-hexa-core-5500u-8-gb-512-gb-ssd-windows-11-home-15s-eq2304au-thin-light-laptop/p/itm79cd7879eb1f2","https://rukminim2.flixcart.com/image/312/312/xif0q/computer/a/n/r/-original-imahcd9pqkyfh8mu.jpeg?q=70","30"
"COMGXMY58FZSXHQW","MSI Modern 14 H Intel Core i5 13th Gen 13420H - (16 GB/512 GB SSD/Windows 11 Home) Modern 14 H D13MG-0...","MSI","Intel Core i5 Processor (13th Gen)","16 GB DDR4 RAM","512 GB SSD","35.56 cm (14 inch) Display","nan","Windows 11 Operating System","1 Year Onsite Warranty","竄ｹ55,990","竄ｹ68,990","18","4.5","19","4","No","https://www.flipkart.com/msi-modern-14-h-intel-core-i5-13th-gen-13420h-16-gb-512-gb-ssd-windows-11-home-d13mg-073in-thin-light-laptop/p/itma3487f87490c9","https://rukminim2.flixcart.com/image/312/312/xif0q/computer/b/w/l/-original-imahcd9mrhx7kfxn.jpeg?q=70","31"
"COMH9DVYSUGVCXZV","HP 15 G9 (2025) AMD Ryzen 3 Dual Core 3250U - (16 GB/512 GB SSD/Windows 11 Pro) 15 G9 Thin and Light L...","HP","AMD Ryzen 3 Dual Core Processor","16 GB DDR4 RAM","512 GB SSD","39.62 cm (15.6 inch) Display","nan","64 bit Windows 11 Operating System","1 Year Onsite Warranty","竄ｹ28,990","竄ｹ52,990","45","4.1","98","7","Yes","https://www.flipkart.com/hp-15-g9-2025-amd-ryzen-3-dual-core-3250u-16-gb-512-gb-ssd-windows-11-pro-thin-light-laptop/p/itma7df4d7d70080","https://rukminim2.flixcart.com/image/312/312/xif0q/computer/y/2/q/15-g9-thin-and-light-laptop-hp-original-imah9h2hecydjh2c.jpeg?q=70","33"
"COMGNGEBJTGS365F","HP Pavilion Aero AMD Ryzen 5 Hexa Core 7535U - (16 GB/512 GB SSD/Windows 11 Home) 13-BE2056AU Thin and...","HP","AMD Ryzen 5 Hexa Core Processor","16 GB LPDDR5 RAM","512 GB SSD","33.78 cm (13.3 Inch) Display","nan","Windows 11 Operating System","1 Year Onsite Warranty","竄ｹ69,999","竄ｹ80,314","12","4.2","306","35","No","https://www.flipkart.com/hp-pavilion-aero-amd-ryzen-5-hexa-core-7535u-16-gb-512-gb-ssd-windows-11-home-13-be2056au-thin-light-laptop/p/itm1d02741b7e06e","https://rukminim2.flixcart.com/image/312/312/xif0q/computer/f/d/f/-original-imahcd9jpzsqv2qu.jpeg?q=70","34"
"COMGSB2RFTGDGBTF","HP Intel Celeron Dual Core N4500 - (8 GB/512 GB SSD/Windows 11 Home) 15s- fq3066TU Thin and Light Lapt...","HP","Intel Celeron Dual Core Processor","8 GB DDR4 RAM","512 GB SSD","39.62 cm (15.6 inch) Display","nan","Windows 11 Operating System","1 Year Onsite Warranty","竄ｹ25,999","竄ｹ33,999","23","3.8","982","78","No","https://www.flipkart.com/hp-intel-celeron-dual-core-n4500-8-gb-512-gb-ssd-windows-11-home-15s-fq3066tu-thin-light-laptop/p/itm973a47e6377c8","https://rukminim2.flixcart.com/image/312/312/xif0q/computer/c/w/c/-original-imahcd9hrgcrdkfu.jpeg?q=70","35"
"COMGU4EGRV4S6EAM","HP Intel Core i5 13th Gen - (16 GB/512 GB SSD/Windows 11 Home/Intel Integrated intel hd) 14-ek1074TU 2...","HP","Intel Core i5 Processor (13th Gen)","16 GB DDR4 RAM","512 GB SSD","35.56 cm (14 inch) Touchscreen Display","nan","Windows 11 Home Operating System","1 year Warranty","竄ｹ67,990","竄ｹ91,615","25","4.4","64","3","Yes","https://www.flipkart.com/hp-intel-core-i5-13th-gen-16-gb-512-gb-ssd-windows-11-home-intel-integrated-hd-14-ek1074tu-2-1-gaming-laptop/p/itm52734005494bf","https://rukminim2.flixcart.com/image/312/312/xif0q/computer/f/z/a/14-ek1010tu-thin-and-light-laptop-hp-original-imagnksxpampc2fe.jpeg?q=70","36"
"COMGZUYDGFJGHZR4","Samsung Galaxy Book4 Metal Intel Core i5 13th Gen 1335U - (16 GB/512 GB SSD/Windows 11 Home) NP750XGJ-...","Samsung","Intel Core i5 Processor (13th Gen)","16 GB LPDDR4X RAM","512 GB SSD","39.62 cm (15.6 Inch) Display","nan","Windows 11 Operating System","1 Year Manufacturer Warranty for Laptop and 6 Months for In-Box Accessories","竄ｹ53,990","竄ｹ82,789","34","4.5","7581","658","Yes","https://www.flipkart.com/samsung-galaxy-book4-metal-intel-core-i5-13th-gen-1335u-16-gb-512-gb-ssd-windows-11-home-np750xgj-kg2in-np750xgj-lg2in-thin-light-laptop/p/itm1df5212efb9fc","https://rukminim2.flixcart.com/image/312/312/xif0q/computer/n/l/v/-original-imahcd9jggredwvf.jpeg?q=70","37"
"COMH28U4QR7GUZHM","HP Omen AMD Ryzen 7 Octa Core 7840HS - (16 GB/1 TB SSD/Windows 11 Home/6 GB Graphics/NVIDIA GeForce RT...","HP","AMD Ryzen 7 Octa Core Processor","16 GB DDR5 RAM","1 TB SSD","40.89 cm (16.1 Inch) Display","nan","Windows 11 Operating System","1 Year Onsite Warranty","竄ｹ93,990","竄ｹ1,23,652","23","4.4","381","50","Yes","https://www.flipkart.com/hp-omen-amd-ryzen-7-octa-core-7840hs-16-gb-1-tb-ssd-windows-11-home-6-gb-graphics-nvidia-geforce-rtx-4050-16-xd0015ax-gaming-laptop/p/itmabad31c69922e","https://rukminim2.flixcart.com/image/312/312/xif0q/computer/n/t/b/-original-imahcd9m3y8hzkkv.jpeg?q=70","38"
"COMHF6WAGPZCBQVZ","HP Laptop Intel Core i3 13th Gen 1315U - (8 GB/512 GB SSD/Windows 11 Home) 15-fd0129TU Thin and Light ...","HP","Intel Core i3 Processor (13th Gen)","8 GB DDR4 RAM","512 GB SSD","39.62 cm (15.6 inch) Display","nan","Windows 11 Home Operating System","1 Year Carry-in Warranty","竄ｹ37,990","竄ｹ50,903","25","4","137","10","Yes","https://www.flipkart.com/hp-laptop-intel-core-i3-13th-gen-1315u-8-gb-512-gb-ssd-windows-11-home-15-fd0129tu-thin-light/p/itmcf7c16556a324","https://rukminim2.flixcart.com/image/312/312/xif0q/computer/d/q/s/-original-imahcsmhhghyej8f.jpeg?q=70","39"
"COMH9EZYWAQP9GEU","HP 15 G9 (2025) AMD Ryzen 5 Hexa Core 5625U - (16 GB/512 GB SSD/Windows 11 Pro) 15 G9 Thin and Light L...","HP","AMD Ryzen 5 Hexa Core Processor","16 GB DDR4 RAM","512 GB SSD","39.62 cm (15.6 inch) Display","nan","64 bit Windows 11 Operating System","1 Year Onsite Warranty","竄ｹ45,990","竄ｹ75,990","39","4.3","32","3","No","https://www.flipkart.com/hp-15-g9-2025-amd-ryzen-5-hexa-core-5625u-16-gb-512-gb-ssd-windows-11-pro-thin-light-laptop/p/itme6fd8a1c31200","https://rukminim2.flixcart.com/image/312/312/xif0q/computer/x/1/c/15-g9-thin-and-light-laptop-hp-original-imah9h2gnmmhnsbj.jpeg?q=70","40"
"COMH8XZFKQRGWMWT","HP Victus AI AMD Ryzen 5 Hexa Core 8645HS - (16 GB/512 GB SSD/Windows 11 Home/4 GB Graphics/NVIDIA GeF...","HP","AMD Ryzen 5 Hexa Core Processor","16 GB DDR5 RAM","512 GB SSD","39.62 cm (15.6 inch) Display","nan","Windows 11 Home Operating System","1 Year Onsite Warranty","竄ｹ57,990","竄ｹ75,142","22","4.1","72","10","Yes","https://www.flipkart.com/hp-victus-ai-amd-ryzen-5-hexa-core-8645hs-16-gb-512-gb-ssd-windows-11-home-4-graphics-nvidia-geforce-rtx-2050-fb3003ax-gaming-laptop/p/itme1af8ffef0502","https://rukminim2.flixcart.com/image/312/312/xif0q/computer/q/7/1/-original-imahcd9q7nevt4g3.jpeg?q=70","41"
"COMH4Y6KKRC9YSWE","Samsung Galaxy Book4 Metal Intel Core i3 13th Gen 1315U - (8 GB/512 GB SSD/Windows 11 Home) NP750XGJ-L...","Samsung","Intel Core i3 Processor (13th Gen)","8 GB LPDDR4X RAM","512 GB SSD","39.62 cm (15.6 Inch) Display","nan","Windows 11 Operating System","1 Year Onsite Warranty","竄ｹ38,990","竄ｹ57,499","32","4.5","4067","459","Yes","https://www.flipkart.com/samsung-galaxy-book4-metal-intel-core-i3-13th-gen-1315u-8-gb-512-gb-ssd-windows-11-home-np750xgj-lg4in-thin-light-laptop/p/itmc29d559898e6f","https://rukminim2.flixcart.com/image/312/312/xif0q/computer/o/y/6/-original-imahcd9h9ethbxaz.jpeg?q=70","42"
"COMH9H2NSRNMBH9C","HP 14R (2025) Intel Core i3 13th Gen 1315U - (16 GB/512 GB SSD/Windows 11 Home) 14R G9 Thin and Light ...","HP","Intel Core i3 Processor (13th Gen)","16 GB DDR4 RAM","512 GB SSD","35.56 cm (14 inch) Display","nan","64 bit Windows 11 Home Operating System","1 Year Onsite Warranty","竄ｹ34,299","竄ｹ75,000","54","4.4","25","4","No","https://www.flipkart.com/hp-14r-2025-intel-core-i3-13th-gen-1315u-16-gb-512-gb-ssd-windows-11-home-g9-thin-light-laptop/p/itm590fc87e57789","https://rukminim2.flixcart.com/image/312/312/xif0q/computer/m/n/h/14r-g9-thin-and-light-laptop-hp-original-imah9h2nuak3qfk5.jpeg?q=70","43"
"COMH9F24SECZFEZW","HP 15 G9 (2025) AMD Ryzen 5 Hexa Core 5625U - (16 GB/512 GB SSD/Windows 11 Home) 15 G9 Thin and Light ...","HP","AMD Ryzen 5 Hexa Core Processor","16 GB DDR4 RAM","512 GB SSD","39.62 cm (15.6 inch) Display","nan","64 bit Windows 11 Home Operating System","1 Year Onsite Warranty","竄ｹ42,611","竄ｹ80,990","47","4","99","9","No","https://www.flipkart.com/hp-15-g9-2025-amd-ryzen-5-hexa-core-5625u-16-gb-512-gb-ssd-windows-11-home-thin-light-laptop/p/itm8b3f045df43be","https://rukminim2.flixcart.com/image/312/312/xif0q/computer/t/i/e/15-g9-thin-and-light-laptop-hp-original-imah9h2gc9hyn5xg.jpeg?q=70","44"
"COMGXNZGBJUZ6B6Z","HP Intel Core i5 13th Gen 1334U - (16 GB/512 GB SSD/Windows 11 Home) 15-fd0221TU Thin and Light Laptop","HP","Intel Core i5 Processor (13th Gen)","16 GB DDR4 RAM","512 GB SSD","39.62 cm (15.6 inch) Display","nan","Windows 11 Operating System","1 Year Onsite warranty","竄ｹ55,900","竄ｹ79,999","30","4.1","236","15","No","https://www.flipkart.com/hp-intel-core-i5-13th-gen-1334u-16-gb-512-gb-ssd-windows-11-home-15-fd0221tu-thin-light-laptop/p/itm35a5d83544c54","https://rukminim2.flixcart.com/image/312/312/xif0q/computer/x/r/o/-original-imahcd9zdhdgzuqh.jpeg?q=70","45"
"COMFVUYY7PYZEDCR","HP 245 G7 AMD APU Pro A4 4350B - (4 GB/500 GB HDD/DOS) 245 G7 Thin and Light Laptop","HP","AMD APU Pro A4 Processor","4 GB DDR4 RAM","500 GB HDD","35.56 cm (14 inch) Display","nan","DOS Operating System","1 Year Onsite Warranty","竄ｹ23,999","竄ｹ31,999","25","3.5","15","1","No","https://www.flipkart.com/hp-245-g7-amd-apu-pro-a4-4350b-4-gb-500-gb-hdd-dos-thin-light-laptop/p/itmac8d7520b916f","https://rukminim2.flixcart.com/image/312/312/khuvxjk0/computer/a/z/6/hp-na-thin-and-light-laptop-original-imafxrzgqyd5zxwb.jpeg?q=70","46"
"COMHY8KVSJHQUACX","HP Pavilion AMD Ryzen 5 Dual Core 5500U - (8 GB/512 GB SSD/Windows 11 Home) 15-eh1137AU Thin and Light...","HP","AMD Ryzen 5 Dual Core Processor","8 GB DDR4 RAM","512 GB SSD","39.62 cm (15.6 inch) Display","nan","Windows 11 Operating System","1 Year Onsite Warranty","竄ｹ42,990","竄ｹ59,899","28","4.5","1751","174","Yes","https://www.flipkart.com/hp-pavilion-amd-ryzen-5-dual-core-5500u-8-gb-512-gb-ssd-windows-11-home-15-eh1137au-thin-light-laptop/p/itme2327928ac401","https://rukminim2.flixcart.com/image/312/312/xif0q/computer/m/d/y/-original-imahcd9ptdzeq85z.jpeg?q=70","48"
"COMHF6WAKCNSF4TM","HP Laptop Intel Core i3 N305 - (8 GB/512 GB SSD/Windows 11 Home) 15-fd0123TU Thin and Light Laptop","HP","Intel Core i3 Processor","8 GB DDR4 RAM","512 GB SSD","39.62 cm (15.6 inch) Display","nan","Windows 11 Home Operating System","1 Year Carry-in Warranty","竄ｹ32,290","竄ｹ39,995","19","4.3","218","13","No","https://www.flipkart.com/hp-laptop-intel-core-i3-n305-8-gb-512-gb-ssd-windows-11-home-15-fd0123tu-thin-light/p/itmd793360b80fc2","https://rukminim2.flixcart.com/image/312/312/xif0q/computer/5/u/t/-original-imahcd9zgkmtfbpw.jpeg?q=70","49"
"COMHFR4FYPGWT7W5","HP Victus Intel Core i7 13th Gen 13620H - (16 GB/512 GB SSD/Windows 11 Home/6 GB Graphics/NVIDIA GeFor...","HP","Intel Core i7 Processor (13th Gen)","16 GB DDR4 RAM","512 GB SSD","39.62 cm (15.6 inch) Display","nan","Windows 11 Home Operating System","1 Year Carry-in Warranty","竄ｹ92,990","竄ｹ1,13,017","17","4.2","6","0","Yes","https://www.flipkart.com/hp-victus-intel-core-i7-13th-gen-13620h-16-gb-512-gb-ssd-windows-11-home-6-graphics-nvidia-geforce-rtx-3050-15-fa1321tx-gaming-laptop/p/itm7a5617d4d7ce2","https://rukminim2.flixcart.com/image/312/312/xif0q/computer/t/o/d/-original-imahcd9junfdckf8.jpeg?q=70","50"
"COMGHKTNCWKGCSB6","HP 245G9 Silver AMD Ryzen 3 Dual Core 3rd Gen AMD Ryzen 3 3250U - (8 GB/512 GB SSD/Windows 11 Home) 24...","HP","AMD Ryzen 3 Dual Core Processor (3rd Gen)","8 GB DDR4 RAM","512 GB SSD","35.56 cm (14 inch) Display","nan","Windows 11 Operating System","1 Year Onsite Warranty","竄ｹ26,490","竄ｹ43,990","39","4.1","137","11","Yes","https://www.flipkart.com/hp-245g9-silver-amd-ryzen-3-dual-core-3rd-gen-3250u-8-gb-512-gb-ssd-windows-11-home-245-g8-business-laptop/p/itmf0a680c05d471","https://rukminim2.flixcart.com/image/312/312/xif0q/computer/z/w/n/245-g9-business-laptop-hp-original-imahfbegdermvk2a.jpeg?q=70","53"
"COMH2FYRJ4ZHDAC3","HP FQ Series Intel Core i3 12th Gen 1215U - (8 GB/1 TB SSD/Windows 11 Home) 15s-FQ5328TU Thin and Ligh...","HP","Intel Core i3 Processor (12th Gen)","8 GB DDR4 RAM","1 TB SSD","39.62 cm (15.6 Inch) Display","nan","64 bit Windows 11 Operating System","1 Year Onsite Warranty","竄ｹ41,990","竄ｹ51,990","19","3.9","136","7","No","https://www.flipkart.com/hp-fq-series-intel-core-i3-12th-gen-1215u-8-gb-1-tb-ssd-windows-11-home-15s-fq5328tu-thin-light-laptop/p/itme9a2532043dc2","https://rukminim2.flixcart.com/image/312/312/xif0q/computer/l/l/q/15s-fq5328tu-laptop-hp-original-imah27v6zbus7y8n.jpeg?q=70","54"
"COMH3J9YFHMHUHBZ","HP Intel Core i3 12th Gen 1215U - (8 GB/512 GB SSD/Windows 11 Home) 15-fd0063TU Thin and Light Laptop","HP","Intel Core i3 Processor (12th Gen)","8 GB DDR4 RAM","512 GB SSD","39.62 cm (15.6 Inch) Display","nan","Windows 11 Operating System","1 Year Onsite Warranty","竄ｹ38,999","竄ｹ49,600","21","4.2","24","2","No","https://www.flipkart.com/hp-intel-core-i3-12th-gen-1215u-8-gb-512-gb-ssd-windows-11-home-15-fd0063tu-thin-light-laptop/p/itmf386dd67694e5","https://rukminim2.flixcart.com/image/312/312/xif0q/computer/5/2/p/15-fd0063tu-thin-and-light-laptop-hp-original-imah43dyjhqvkeah.jpeg?q=70","55"
"COMGZVGHMDQS67FQ","HP 15s Intel Core i5 13th Gen 1334U - (16 GB/512 GB SSD/Windows 11 Home) 15-fd0013TU Thin and Light La...","HP","Intel Core i5 Processor (13th Gen)","16 GB DDR4 RAM","512 GB SSD","39.62 cm (15.6 inch) Display","nan","64 bit Windows 11 Operating System","1 Year Onsite Warranty","竄ｹ57,990","竄ｹ76,180","23","4.2","425","35","No","https://www.flipkart.com/hp-15s-intel-core-i5-13th-gen-1334u-16-gb-512-gb-ssd-windows-11-home-15-fd0013tu-thin-light-laptop/p/itme3568fa69de98","https://rukminim2.flixcart.com/image/312/312/xif0q/computer/o/a/v/15-fd0011tu-thin-and-light-laptop-hp-original-imah3bdpjdmcefed.jpeg?q=70","56"
"COMH9M5CEFTZGJKZ","HP 15 G9 (2025) AMD Ryzen 3 Dual Core 3250U - (16 GB/512 GB SSD/Windows 11 Home) 15 G9 Thin and Light ...","HP","AMD Ryzen 3 Dual Core Processor","16 GB DDR4 RAM","512 GB SSD","39.62 cm (15.6 inch) Display","nan","64 bit Windows 11 Home Operating System","1 Year Onsite Warranty","竄ｹ28,555","竄ｹ49,990","42","4.6","12","0","Yes","https://www.flipkart.com/hp-15-g9-2025-amd-ryzen-3-dual-core-3250u-16-gb-512-gb-ssd-windows-11-home-thin-light-laptop/p/itm8b3f045df43be","https://rukminim2.flixcart.com/image/312/312/xif0q/computer/l/0/q/15-g9-thin-and-light-laptop-hp-original-imah9h2gnjfht4bq.jpeg?q=70","59"
"COMGHAGN3U9FJH39","HP Laptop AMD Ryzen 3 Quad Core 5300U - (8 GB/512 GB SSD/Windows 11 Home) 15s- eq2212AU Thin and Light...","HP","AMD Ryzen 3 Quad Core Processor","8 GB DDR4 RAM","512 GB SSD","39.37 cm (15.5 inch) Display","nan","Windows 11 Operating System","1 Year Onsite Warranty","竄ｹ32,290","竄ｹ44,783","27","4.2","2305","193","No","https://www.flipkart.com/hp-laptop-amd-ryzen-3-quad-core-5300u-8-gb-512-gb-ssd-windows-11-home-15s-eq2212au-thin-light/p/itmd82eb9bd7fabe","https://rukminim2.flixcart.com/image/312/312/xif0q/computer/l/e/o/-original-imahcd9kpcgukgvs.jpeg?q=70","60"
"COMH9M5DQJZHFT5F","HP 14 G9 (2025) AMD Ryzen 3 Dual Core 3250U - (16 GB/512 GB SSD/Windows 11 Pro) 14 G9 Thin and Light L...","HP","AMD Ryzen 3 Dual Core Processor","16 GB DDR4 RAM","512 GB SSD","35.56 cm (14 inch) Display","nan","64 bit Windows 11 Operating System","1 Year Onsite Warranty","竄ｹ28,490","竄ｹ58,990","51",\N,"4","0","No","https://www.flipkart.com/hp-14-g9-2025-amd-ryzen-3-dual-core-3250u-16-gb-512-gb-ssd-windows-11-pro-thin-light-laptop/p/itme6fd8a1c31200","https://rukminim2.flixcart.com/image/312/312/xif0q/computer/q/y/5/14-g9-thin-and-light-laptop-hp-original-imah9h2j6yrxfeg7.jpeg?q=70","63"
"COMGPYHAMPKQYPQB","HP Pavilion Intel Core i5 13th Gen 1340P - (16 GB/512 GB SSD/Windows 11 Home) 15-eg3079TU Thin and Lig...","HP","Intel Core i5 Processor (13th Gen)","16 GB DDR4 RAM","512 GB SSD","39.62 cm (15.6 Inch) Display","nan","Windows 11 Operating System","1 Year Onsite Warranty","竄ｹ63,490","竄ｹ83,705","24","4.3","1409","97","Yes","https://www.flipkart.com/hp-pavilion-intel-core-i5-13th-gen-1340p-16-gb-512-gb-ssd-windows-11-home-15-eg3079tu-thin-light-laptop/p/itm4ae6958287d36","https://rukminim2.flixcart.com/image/312/312/xif0q/computer/r/3/b/-original-imahcd9zj95zxak8.jpeg?q=70","64"
"COMGG3S9SZMBSGBY","HP AMD Ryzen 7 Octa Core 5700U - (16 GB/512 GB SSD/Windows 11 Home) 14s-fy1005AU Thin and Light Laptop","HP","AMD Ryzen 7 Octa Core Processor","16 GB DDR4 RAM","512 GB SSD","35.56 cm (14 Inch) Display","nan","64 bit Windows 11 Operating System","1 Year Onsite Warranty","竄ｹ52,999","竄ｹ75,191","29","4.2","155","13","Yes","https://www.flipkart.com/hp-amd-ryzen-7-octa-core-5700u-16-gb-512-gb-ssd-windows-11-home-14s-fy1005au-thin-light-laptop/p/itm85aa5e3547575","https://rukminim2.flixcart.com/image/312/312/xif0q/computer/a/j/8/-original-imahcd9gcq6njgeh.jpeg?q=70","65"
"COMGZNSBGP8AGWVF","HP 15s AMD Ryzen 5 Quad Core 7520U - (16 GB/512 GB SSD/Windows 11 Home) 15-fc0030AU Thin and Light Lap...","HP","AMD Ryzen 5 Quad Core Processor","16 GB LPDDR5 RAM","512 GB SSD","39.62 cm (15.6 Inch) Display","nan","64 bit Windows 11 Operating System","1 Year Onsite Warranty","竄ｹ53,990","竄ｹ57,970","6","4.3","63","1","Yes","https://www.flipkart.com/hp-15s-amd-ryzen-5-quad-core-7520u-16-gb-512-gb-ssd-windows-11-home-15-fc0030au-thin-light-laptop/p/itm6ce58d3e95838","https://rukminim2.flixcart.com/image/312/312/xif0q/computer/1/o/5/-original-imahcd9pxujexkkr.jpeg?q=70","66"
"COMGZ49S7BZQJ8AY","HP Intel Core i5 12th Gen 1235U - (8 GB/1 TB SSD/Windows 11 Home) 15s-fq5331TU Thin and Light Laptop","HP","Intel Core i5 Processor (12th Gen)","8 GB DDR4 RAM","1 TB SSD","39.62 cm (15.6 Inch) Display","nan","Windows 11 Operating System","1 Year Onsite warranty","竄ｹ48,985","竄ｹ68,223","28","4.2","68","2","No","https://www.flipkart.com/hp-intel-core-i5-12th-gen-1235u-8-gb-1-tb-ssd-windows-11-home-15s-fq5331tu-thin-light-laptop/p/itme6ec779524458","https://rukminim2.flixcart.com/image/312/312/xif0q/computer/u/q/u/-original-imahcd9jznazfnda.jpeg?q=70","69"
"COMHBXNYFATRHUAZ","HP Professional Intel Core i5 13th Gen 1334U Turbo Boost Finger Print - (32 GB/512 GB SSD/Windows 11 P...","HP","Intel Core i5 Processor (13th Gen)","32 GB DDR4 RAM","512 GB SSD","39.62 cm (15.6 inch) Display","nan","64 bit Windows 11 Operating System","nan","竄ｹ59,990","竄ｹ86,990","31","5","3","2","No","https://www.flipkart.com/hp-professional-intel-core-i5-13th-gen-1334u-turbo-boost-finger-print-32-gb-512-gb-ssd-windows-11-pro-250-g10-thin-light-laptop/p/itm508f5c67d3f86","https://rukminim2.flixcart.com/image/312/312/xif0q/computer/2/u/f/250-g10-thin-and-light-laptop-hp-original-imahbxnypnkdzyvj.jpeg?q=70","70"
"COMGZ7FRUHRF8AA3","HP AMD Ryzen 5 Hexa Core 5500U - (8 GB/512 GB SSD/Windows 11 Home) 15s- eq2223AU Thin and Light Laptop","HP","AMD Ryzen 5 Hexa Core Processor","8 GB DDR4 RAM","512 GB SSD","39.62 cm (15.6 inch) Display","nan","64 bit Windows 11 Operating System","1 Year Onsite Warranty","竄ｹ38,600","竄ｹ49,630","22","4.2","1148","76","No","https://www.flipkart.com/hp-amd-ryzen-5-hexa-core-5500u-8-gb-512-gb-ssd-windows-11-home-15s-eq2223au-thin-light-laptop/p/itm2f070129053ed","https://rukminim2.flixcart.com/image/312/312/xif0q/computer/e/w/t/-original-imahcd9g6bzwsp8k.jpeg?q=70","74"
"COMH9M5CDZB4H3HT","HP 14R (2025) Intel Core i3 13th Gen 1315U - (16 GB/512 GB SSD/Windows 11 Pro) 14R G9 Thin and Light L...","HP","Intel Core i3 Processor (13th Gen)","16 GB DDR4 RAM","512 GB SSD","35.56 cm (14 inch) Display","nan","64 bit Windows 11 Operating System","1 Year Onsite Warranty","竄ｹ34,390","竄ｹ82,990","58","3.4","7","1","No","https://www.flipkart.com/hp-14r-2025-intel-core-i3-13th-gen-1315u-16-gb-512-gb-ssd-windows-11-pro-g9-thin-light-laptop/p/itma7df4d7d70080","https://rukminim2.flixcart.com/image/312/312/xif0q/computer/z/h/9/14r-g9-thin-and-light-laptop-hp-original-imah9h2hvryf4qfd.jpeg?q=70","75"
"COMGZC2GUZJXNHHS","HP AMD Ryzen 5 Hexa Core 5500U - (16 GB/512 GB SSD/Windows 11 Home) 15s-eq2305AU Thin and Light Laptop","HP","AMD Ryzen 5 Hexa Core Processor","16 GB DDR4 RAM","512 GB SSD","39.62 cm (15.6 Inch) Display","nan","Windows 11 Operating System","1 Year Onsite warranty","竄ｹ44,500","竄ｹ56,900","21","4.3","3612","261","No","https://www.flipkart.com/hp-amd-ryzen-5-hexa-core-5500u-16-gb-512-gb-ssd-windows-11-home-15s-eq2305au-thin-light-laptop/p/itmfad54ff933d4c","https://rukminim2.flixcart.com/image/312/312/xif0q/computer/k/d/r/-original-imahcd9cfrezjauu.jpeg?q=70","76"
"COMGHAGNPKH4AR8V","HP 15s Intel Core i3 11th Gen 1115G4 - (8 GB/512 GB SSD/Windows 11 Home) 15s-fq2717TU Thin and Light L...","HP","Intel Core i3 Processor (11th Gen)","8 GB DDR4 RAM","512 GB SSD","39.62 cm (15.6 Inch) Display","nan","64 bit Windows 11 Operating System","1 Year Onsite Warranty","竄ｹ37,800","竄ｹ49,025","22","4.2","1198","97","No","https://www.flipkart.com/hp-15s-intel-core-i3-11th-gen-1115g4-8-gb-512-gb-ssd-windows-11-home-15s-fq2717tu-thin-light-laptop/p/itm3a1a5c67dcd24","https://rukminim2.flixcart.com/image/312/312/xif0q/computer/i/i/x/15s-fq2717tu-thin-and-light-laptop-hp-original-imah3bdte7dgwrzr.jpeg?q=70","79"
"COMH8QXWHJRQKR6P","HP MSO 2024 Intel Core i5 13th Gen 1334U - (16 GB/512 GB SSD/Windows 11 Home) fd0467TU Thin and Light ...","HP","Intel Core i5 Processor (13th Gen)","16 GB DDR4 RAM","512 GB SSD","39.62 cm (15.6 inch) Display","nan","Windows 11 Home Operating System","1 Year Carry-in Warranty","竄ｹ56,990","竄ｹ65,387","12","4.1","315","12","Yes","https://www.flipkart.com/hp-mso-2024-intel-core-i5-13th-gen-1334u-16-gb-512-gb-ssd-windows-11-home-fd0467tu-thin-light-laptop/p/itmc8ca0b60f166f","https://rukminim2.flixcart.com/image/312/312/xif0q/computer/6/v/h/-original-imahcd9mxamzrfmm.jpeg?q=70","80"
"COMFY9ZGB5HWYPGZ","HP 15s Intel Core i3 11th Gen 1115G4 - (8 GB/1 TB HDD/Windows 10 Home) 15s-du3040TU Thin and Light Lap...","HP","Intel Core i3 Processor (11th Gen)","8 GB DDR4 RAM","1 TB HDD","39.62 cm (15.6 inch) Display","nan","64 bit Windows 10 Operating System","1 Year Onsite Warranty","竄ｹ37,890","竄ｹ54,999","31","3.8","334","47","No","https://www.flipkart.com/hp-15s-intel-core-i3-11th-gen-1115g4-8-gb-1-tb-hdd-windows-10-home-15s-du3040tu-thin-light-laptop/p/itmedc4210c718f5","https://rukminim2.flixcart.com/image/312/312/kbqu4cw0/computer/t/d/f/hp-original-imaftyzafphshjge.jpeg?q=70","83"
"COMFSFNVGZ5F4SRP","HP 14s Intel Core i3 10th Gen 1005G1 - (4 GB/1 TB HDD/Windows 10 Home) 14s-cf3006TU Thin and Light Lap...","HP","Intel Core i3 Processor (10th Gen)","4 GB DDR4 RAM","1 TB HDD","35.56 cm (14 inch) Display","nan","64 bit Windows 10 Operating System","1 Year Onsite Warranty","竄ｹ37,990","竄ｹ43,990","13","3.8","1179","180","No","https://www.flipkart.com/hp-14s-intel-core-i3-10th-gen-1005g1-4-gb-1-tb-hdd-windows-10-home-14s-cf3006tu-thin-light-laptop/p/itm41990d8b29ed1","https://rukminim2.flixcart.com/image/312/312/k7nnrm80/computer/x/u/u/hp-na-thin-and-light-laptop-original-imafpue5fbugadmu.jpeg?q=70","84"
"COMEWNGWQHGUGGZH","HP 15 AMD APU Dual Core E2 E2-9000e - (4 GB/500 GB HDD/DOS) 15Q-BY001AU Laptop","HP","AMD APU Dual Core E2 Processor","4 GB DDR4 RAM","500 GB HDD","39.62 cm (15.6 inch) Display","nan","DOS Operating System","1 Year Onsite Warranty","竄ｹ20,999","竄ｹ23,740","11","3.8","1688","276","No","https://www.flipkart.com/hp-15-amd-apu-dual-core-e2-e2-9000e-4-gb-500-gb-hdd-dos-15q-by001au-laptop/p/itm7fd69947d9c4a","https://rukminim2.flixcart.com/image/312/312/j6v2ky80/computer/g/z/h/hp-laptop-original-imaex8fgjaju6p8k.jpeg?q=70","85"
"COMGZR8Y4QG3FNJV","HP 255 G9 Silver AMD Ryzen 5 Hexa Core AMD Ryzen5-5625U - (8 GB/512 GB SSD/Windows 11 Home) 255 G9 Bus...","HP","AMD Ryzen 5 Hexa Core Processor","8 GB DDR4 RAM","512 GB SSD","39.62 cm (15.6 inch) Display","nan","32 bit Windows 11 Operating System","1 Year Onsite Warranty","竄ｹ32,990","竄ｹ55,990","41","4.1","221","17","No","https://www.flipkart.com/hp-255-g9-silver-amd-ryzen-5-hexa-core-ryzen5-5625u-8-gb-512-gb-ssd-windows-11-home-business-laptop/p/itmf0a680c05d471","https://rukminim2.flixcart.com/image/312/312/xif0q/computer/z/w/n/245-g9-business-laptop-hp-original-imahfbegdermvk2a.jpeg?q=70","86"
"COMG22MXAZQSA2FV","HP 15s Intel Core i3 10th Gen 10110U - (8 GB/1 TB HDD/256 GB SSD/Windows 10 Home) 15s-du1064TU Laptop","HP","Intel Core i3 Processor (10th Gen)","8 GB DDR4 RAM","1 TB HDD|256 GB SSD","39.62 cm (15.6 inch) Display","nan","64 bit Windows 10 Operating System","1 Year Onsite Warranty","竄ｹ38,890","竄ｹ48,990","20","4.4","1840","197","No","https://www.flipkart.com/hp-15s-intel-core-i3-10th-gen-10110u-8-gb-1-tb-hdd-256-gb-ssd-windows-10-home-15s-du1064tu-laptop/p/itmedc4210c718f5","https://rukminim2.flixcart.com/image/312/312/kbqu4cw0/computer/t/d/f/hp-original-imaftyzafphshjge.jpeg?q=70","89"
"COMGBH9JY38MYJAZ","HP Intel Core i5 11th Gen 1155G7 - (8 GB/512 GB SSD/Windows 11 Home) 15s-fq4022TU Thin and Light Lapto...","HP","Intel Core i5 Processor (11th Gen)","8 GB DDR4 RAM","512 GB SSD","39.62 cm (15.6 Inch) Display","nan","64 bit Windows 11 Operating System","1 Year Onsite Warranty","竄ｹ43,990","竄ｹ63,020","30","4.2","304","18","No","https://www.flipkart.com/hp-intel-core-i5-11th-gen-1155g7-8-gb-512-gb-ssd-windows-11-home-15s-fq4022tu-thin-light-laptop/p/itmc4b19c2e2f791","https://rukminim2.flixcart.com/image/312/312/kzrbiq80/computer/v/d/d/15s-fq2626tu-thin-and-light-laptop-hp-original-imagbpb2sztfprgz.jpeg?q=70","93"
"COMGYAM9HYBHHNJ3","HP Pavilion 15 (2024) AMD Ryzen 5 Hexa Core 7530U - (8 GB/512 GB SSD/Windows 11 Home) 15-eh3036AU Thin...","HP","AMD Ryzen 5 Hexa Core Processor","8 GB DDR4 RAM","512 GB SSD","39.62 cm (15.6 Inch) Display","nan","64 bit Windows 11 Operating System","1 Year Onsite Warranty","竄ｹ43,899","竄ｹ58,999","25","3.9","60","6","No","https://www.flipkart.com/hp-pavilion-15-2024-amd-ryzen-5-hexa-core-7530u-8-gb-512-gb-ssd-windows-11-home-15-eh3036au-thin-light-laptop/p/itmd03cc8dd8cb0e","https://rukminim2.flixcart.com/image/312/312/xif0q/computer/i/v/o/15-eh3036au-thin-and-light-laptop-hp-original-imagypz4ahkqptam.jpeg?q=70","94"
"COMGGMEYJVXAET6G","HP Laptop with Backlit Keyboard Intel Core i3 11th Gen - (8 GB/512 GB SSD/Windows 11 Home) 15s-fr2512t...","HP","Intel Core i3 Processor (11th Gen)","8 GB DDR4 RAM","512 GB SSD","39.62 cm (15.6 inch) Display","nan","64 bit Windows 11 Operating System","1 Year Onsite Warranty","竄ｹ37,990","竄ｹ51,999","26","4.2","336","32","No","https://www.flipkart.com/hp-laptop-backlit-keyboard-intel-core-i3-11th-gen-8-gb-512-gb-ssd-windows-11-home-15s-fr2512tu/p/itmd1e96fc04e1a3","https://rukminim2.flixcart.com/image/312/312/xif0q/computer/p/3/0/-original-imahcd9mbhxwzfuy.jpeg?q=70","95"
"COMGU8XQCSH3WGFQ","HP 14s Intel Pentium Quad Core N6000 - (8 GB/512 GB SSD/Windows 11 Home) 14S-DR3003TU Thin and Light L...","HP","Intel Pentium Quad Core Processor","8 GB DDR4 RAM","512 GB SSD","35.56 cm (14 inch) Display","nan","Windows 11 Operating System","1 Year warranty","竄ｹ25,600","竄ｹ37,990","32",\N,"7","2","No","https://www.flipkart.com/hp-14s-intel-pentium-quad-core-n6000-8-gb-512-gb-ssd-windows-11-home-14s-dr3003tu-thin-light-laptop/p/itm9dd5b1aafbe1f","https://rukminim2.flixcart.com/image/312/312/xif0q/computer/b/x/c/14s-dr3003tu-thin-and-light-laptop-hp-original-imah3smtgtfhktzq.jpeg?q=70","98"
"COMH9YGBGQJF5W5H","HP 15s Intel Core i3 12th Gen 1215U - (8 GB/512 GB SSD/Windows 11 Home) 15s-FY5011TU Thin and Light La...","HP","Intel Core i3 Processor (12th Gen)","8 GB DDR4 RAM","512 GB SSD","39.62 cm (15.6 Inch) Display","nan","64 bit Windows 11 Operating System","1 Year Onsite Warranty","竄ｹ38,990","竄ｹ49,990","22","3.7","74","4","No","https://www.flipkart.com/hp-15s-intel-core-i3-12th-gen-1215u-8-gb-512-gb-ssd-windows-11-home-15s-fy5011tu-thin-light-laptop/p/itma616759801787","https://rukminim2.flixcart.com/image/312/312/xif0q/computer/s/v/8/15s-fy5011tu-thin-and-light-laptop-hp-original-imah9znw5gyksvys.jpeg?q=70","99"
"COMGHAGNDSCB8WWQ","HP Laptop AMD Ryzen 3 Quad Core 5300U - (8 GB/512 GB SSD/Windows 11 Home) 15s- eq2213AU Thin and Light...","HP","AMD Ryzen 3 Quad Core Processor","8 GB DDR4 RAM","512 GB SSD","39.62 cm (15.6 Inch) Display","nan","Windows 11 Operating System","1 Year Onsite Warranty","竄ｹ32,100","竄ｹ55,000","41","4","454","41","No","https://www.flipkart.com/hp-laptop-amd-ryzen-3-quad-core-5300u-8-gb-512-gb-ssd-windows-11-home-15s-eq2213au-thin-light/p/itm5bc815074c08a","https://rukminim2.flixcart.com/image/312/312/xif0q/computer/c/i/t/-original-imagykgqgcfyqjpf.jpeg?q=70","102"
"COMGGFZHCHFBCHXX","HP AMD Ryzen 3 Dual Core 3250U - (8 GB/512 GB SSD/Windows 11 Home) 15s- eq1560AU Thin and Light Laptop","HP","AMD Ryzen 3 Dual Core Processor","8 GB DDR4 RAM","512 GB SSD","39.62 cm (15.6 inch) Display","nan","64 bit Windows 11 Operating System","1 Year Onsite Warranty","竄ｹ31,990","竄ｹ45,990","30","4.3","4139","410","No","https://www.flipkart.com/hp-amd-ryzen-3-dual-core-3250u-8-gb-512-gb-ssd-windows-11-home-15s-eq1560au-thin-light-laptop/p/itmc90bbc71e2d24","https://rukminim2.flixcart.com/image/312/312/xif0q/computer/j/1/o/-original-imahcd99cfduwz54.jpeg?q=70","103"
"COMGRHBQA9CZZMQH","HP Intel Core i3 11th Gen - (8 GB/512 GB SSD/Windows 11 Home) 15S-FR2515TU Laptop","HP","Intel Core i3 Processor (11th Gen)","8 GB DDR4 RAM","512 GB SSD","39.62 cm (15.6 inch) Display","nan","Windows 11 Operating System","1-year warranty","竄ｹ38,200","竄ｹ46,999","18","4.3","39","4","No","https://www.flipkart.com/hp-intel-core-i3-11th-gen-8-gb-512-gb-ssd-windows-11-home-15s-fr2515tu-laptop/p/itme137569b58930","https://rukminim2.flixcart.com/image/312/312/xif0q/computer/x/7/q/-original-imagwy8e9zuhzfwd.jpeg?q=70","104"
"COMHBBH9N3TTEABJ","HP 15 (2024) AMD Ryzen 3 Quad Core 7320U - (8 GB/512 GB SSD/Windows 11 Home) ?15-fc0026AU Thin and Lig...","HP","AMD Ryzen 3 Quad Core Processor","8 GB DDR4 RAM","512 GB SSD","39.62 cm (15.6 inch) Display","nan","Windows 11 Operating System","1 Year Onsite Warranty","竄ｹ36,500","竄ｹ46,271","21",\N,\N,\N,"No","https://www.flipkart.com/hp-15-2024-amd-ryzen-3-quad-core-7320u-8-gb-512-gb-ssd-windows-11-home-15-fc0026au-thin-light-laptop/p/itm1c7c165d30dba","https://rukminim2.flixcart.com/image/312/312/xif0q/computer/o/p/z/15-fc0154au-thin-and-light-laptop-hp-original-imahbbh9ayshaybf.jpeg?q=70","105"
"COMGZNSBVNP7A9AP","HP 15s Intel Core i5 13th Gen 1335U - (8 GB/512 GB SSD/Windows 11 Home) 15-fd0011TU Thin and Light Lap...","HP","Intel Core i5 Processor (13th Gen)","8 GB DDR4 RAM","512 GB SSD","39.62 cm (15.6 Inch) Display","nan","64 bit Windows 11 Operating System","1 Year Onsite Warranty","竄ｹ53,990","竄ｹ72,780","25","4.2","425","35","No","https://www.flipkart.com/hp-15s-intel-core-i5-13th-gen-1335u-8-gb-512-gb-ssd-windows-11-home-15-fd0011tu-thin-light-laptop/p/itme3568fa69de98","https://rukminim2.flixcart.com/image/312/312/xif0q/computer/o/a/v/15-fd0011tu-thin-and-light-laptop-hp-original-imah3bdpjdmcefed.jpeg?q=70","108"
"COMGTMVZVEGHCTZV","HP Laptop 15s Intel Celeron Dual Core Intel Celeron N4500 - (8 GB/512 GB SSD/Windows 11 Home) fq3071TU...","HP","Intel Celeron Dual Core Processor","8 GB DDR4 RAM","512 GB SSD","39.62 cm (15.6 inch) Display","nan","64 bit Windows 11 Home Operating System","1 year Domestic warranty","竄ｹ29,990","竄ｹ33,995","11","3.8","151","15","No","https://www.flipkart.com/hp-laptop-15s-intel-celeron-dual-core-n4500-8-gb-512-gb-ssd-windows-11-home-fq3071tu-thin-light/p/itm0401d7a79d36b","https://rukminim2.flixcart.com/image/312/312/xif0q/computer/v/b/a/fq3071tu-thin-and-light-laptop-hp-original-imagtmvhqzwegxqh.jpeg?q=70","109"
"COMH2FFGSTXTR8ZB","HP Intel Core i5 13th Gen 1334U - (16 GB/512 GB SSD/Windows 11 Home) 15-fd0315TU Thin and Light Laptop","HP","Intel Core i5 Processor (13th Gen)","16 GB DDR4 RAM","512 GB SSD","39.37 cm (15.5 Inch) Display","nan","Windows 11 Operating System","1 Year Onsite Warranty","竄ｹ56,500","竄ｹ65,000","13","4.1","315","12","No","https://www.flipkart.com/hp-intel-core-i5-13th-gen-1334u-16-gb-512-gb-ssd-windows-11-home-15-fd0315tu-thin-light-laptop/p/itm01c07721bb10b","https://rukminim2.flixcart.com/image/312/312/xif0q/computer/c/d/5/-original-imahcd9nmte6zez7.jpeg?q=70","112"
"COMGQDSFAETUJ5GG","HP Pavilion 15 AMD Ryzen 5 Hexa Core 13th Gen AMD Ryzen邃｢ 5 5625U - (8 GB/512 GB SSD/Windows 11 Home) 1...","HP","AMD Ryzen 5 Hexa Core Processor (13th Gen)","8 GB DDR4 RAM","512 GB SSD","38.1 cm (15 inch) Display","nan","64 bit Windows 11 Operating System","1-year warranty","竄ｹ50,790","竄ｹ88,999","42","3.8","43","5","No","https://www.flipkart.com/hp-pavilion-15-amd-ryzen-5-hexa-core-13th-gen-ryzen-5625u-8-gb-512-gb-ssd-windows-11-home-15-eh2050au-laptop/p/itm46037f25afe5a","https://rukminim2.flixcart.com/image/312/312/xif0q/computer/r/p/l/pavilion-laptop-hp-original-imagqdsfrzevcesx.jpeg?q=70","113"
"COMH8QXWPDAGH9HG","HP MS Office 2024 Intel Core i7 13th Gen 1355U - (16 GB/512 GB SSD/Windows 11 Home) fd0468TU Thin and ...","HP","Intel Core i7 Processor (13th Gen)","16 GB DDR4 RAM","512 GB SSD","39.62 cm (15.6 inch) Display","nan","Windows 11 Home Operating System","1 Year Carry-in Warranty","竄ｹ68,490","竄ｹ77,507","11",\N,\N,\N,"No","https://www.flipkart.com/hp-ms-office-2024-intel-core-i7-13th-gen-1355u-16-gb-512-gb-ssd-windows-11-home-fd0468tu-thin-light-laptop/p/itmc8ca0b60f166f","https://rukminim2.flixcart.com/image/312/312/xif0q/computer/x/z/f/-original-imahbngspwugwnfv.jpeg?q=70","114"
"COMGWM8FZTM7ZPGR","HP Intel Core i5 12th Gen 1235U - (16 GB/512 GB SSD/Windows 11 Home) 15s- fr5011TU Thin and Light Lapt...","HP","Intel Core i5 Processor (12th Gen)","16 GB DDR4 RAM","512 GB SSD","39.62 cm (15.6 inch) Display","nan","64 bit Windows 11 Operating System","1 Year Onsite Warranty","竄ｹ50,990","竄ｹ71,641","28","4.1","162","9","Yes","https://www.flipkart.com/hp-intel-core-i5-12th-gen-1235u-16-gb-512-gb-ssd-windows-11-home-15s-fr5011tu-thin-light-laptop/p/itmb222f6dd55b38","https://rukminim2.flixcart.com/image/312/312/xif0q/computer/w/m/b/-original-imahcd9z2g9kbxcb.jpeg?q=70","115"
"COMGT2XTYQEQHKHZ","HP G9 SERIES AMD Athlon Dual Core 3050U - (4 GB/256 GB SSD/Windows 11 Home) 255 Thin and Light Laptop","HP","AMD Athlon Dual Core Processor","4 GB DDR4 RAM","256 GB SSD","39.62 cm (15.6 Inch) Display","nan","Windows 11 Operating System","1 Year Onsite Warranty","竄ｹ25,499","竄ｹ45,000","43","4.1","84","6","No","https://www.flipkart.com/hp-g9-series-amd-athlon-dual-core-3050u-4-gb-256-gb-ssd-windows-11-home-255-thin-light-laptop/p/itm8f08c84a09fd8","https://rukminim2.flixcart.com/image/312/312/xif0q/computer/8/g/m/255-g8-laptop-business-laptop-hp-original-imags58h73yc2evn.jpeg?q=70","118"
"COMH39AT4QUGQPFT","HP 245 G9 Silver AMD Ryzen 5 Hexa Core 5625U - (8 GB/512 GB SSD/Windows 11 Home) 245 G9 Laptop","HP","AMD Ryzen 5 Hexa Core Processor","8 GB DDR4 RAM","512 GB SSD","35.81 cm (14.1 inch) Display","nan","64 bit Windows 11 Operating System","1 year onsite warranty","竄ｹ39,990","竄ｹ44,990","11","3.7","36","9","No","https://www.flipkart.com/hp-245-g9-silver-amd-ryzen-5-hexa-core-5625u-8-gb-512-gb-ssd-windows-11-home-laptop/p/itma488dac338fb5","https://rukminim2.flixcart.com/image/312/312/xif0q/computer/m/h/6/245-g9-laptop-hp-original-imah3avk8tpqgnzz.jpeg?q=70","119"
"COMHBZX8ZP38HGQG","HP (Laptop with free bag) Intel Core i3 13th Gen 1315U - (8 GB/512 GB SSD/Windows 11 Home) 15-fd0465TU...","HP","Intel Core i3 Processor (13th Gen)","8 GB DDR4 RAM","512 GB SSD","39.62 cm (15.6 inch) Display","nan","64 bit Windows 11 Operating System","1 Year Warranty","竄ｹ40,200","竄ｹ55,000","26",\N,\N,\N,"No","https://www.flipkart.com/hp-laptop-free-bag-intel-core-i3-13th-gen-1315u-8-gb-512-gb-ssd-windows-11-home-15-fd0465tu-thin-light-laptop/p/itmd8a5aa8341c99","https://rukminim2.flixcart.com/image/312/312/xif0q/computer/o/c/j/notebook-thin-and-light-laptop-hp-original-imahc3fefnhycvbz.jpeg?q=70","122"
"COMG89QW8HCXAYTY","HP AMD Ryzen 7 Octa Core 5700U - (8 GB/512 GB SSD/Windows 10 Home) 14s-fq1083AU Thin and Light Laptop","HP","AMD Ryzen 7 Octa Core Processor","8 GB DDR4 RAM","512 GB SSD","35.56 cm (14 inch) Display","nan","64 bit Windows 10 Operating System","1 Year Onsite Warranty","竄ｹ64,999","竄ｹ72,999","10","4.2","130","14","No","https://www.flipkart.com/hp-amd-ryzen-7-octa-core-5700u-8-gb-512-gb-ssd-windows-10-home-14s-fq1083au-thin-light-laptop/p/itm2bf52228ed14f","https://rukminim2.flixcart.com/image/312/312/xif0q/computer/r/v/s/-original-imagp7pg8zr5zb7h.jpeg?q=70","123"
"COMGWVBBG6SMYQZH","HP Spectre x360 AI PC Intel Core Ultra 7 155H - (32 GB/1 TB SSD/Windows 11 Home) 14-eu0666TU 2 in 1 La...","HP","Intel Core Ultra 7 Processor","32 GB LPDDR5X RAM","1 TB SSD","35.56 cm (14 Inch) Touchscreen Display","nan","Windows 11 Operating System","1 Year Onsite Warranty","竄ｹ1,38,956","竄ｹ1,85,478","25","5","3","1","No","https://www.flipkart.com/hp-spectre-x360-ai-pc-intel-core-ultra-7-155h-32-gb-1-tb-ssd-windows-11-home-14-eu0666tu-2-1-laptop/p/itm4ed45e6f68b68","https://rukminim2.flixcart.com/image/312/312/xif0q/computer/o/9/d/-original-imagy2veb8z2ubhz.jpeg?q=70","124"
"COMGH47NQZSWMFYT","HP Envy x360 Creator OLED Eyesafe Evo Intel Core i5 12th Gen 1235U - (16 GB/512 GB SSD/Windows 11 Home...","HP","Intel Core i5 Processor (12th Gen)","16 GB DDR4 RAM","512 GB SSD","39.62 cm (15.6 Inch) Touchscreen Display","nan","Windows 11 Operating System","1 Year Onsite Warranty","竄ｹ89,999","竄ｹ1,04,624","13","4.2","21","1","No","https://www.flipkart.com/hp-envy-x360-creator-oled-eyesafe-evo-intel-core-i5-12th-gen-1235u-16-gb-512-gb-ssd-windows-11-home-15-ew0043tu-thin-light-laptop/p/itma9a17be8da741","https://rukminim2.flixcart.com/image/312/312/xif0q/computer/w/p/3/15-ew0043tu-thin-and-light-laptop-hp-original-imaghrgttxtdcnfy.jpeg?q=70","125"
"COMH6AGJGY9HXKRY","HP (2024) Laptop with Backlit Keyboard Intel Core i5 12th Gen 1235U - (8 GB/512 GB SSD/Windows 11 Home...","HP","Intel Core i5 Processor (12th Gen)","8 GB DDR4 RAM","512 GB SSD","39.62 cm (15.6 inch) Display","nan","64 bit Windows 11 Operating System","1 Year Warranty","竄ｹ48,990","竄ｹ62,990","22","4.3","13","1","No","https://www.flipkart.com/hp-2024-laptop-backlit-keyboard-intel-core-i5-12th-gen-1235u-8-gb-512-gb-ssd-windows-11-home-15-fd0070tu-thin-light/p/itmae9a067923020","https://rukminim2.flixcart.com/image/312/312/xif0q/computer/p/a/t/15s-thin-and-light-laptop-hp-original-imahyzazerhdcpfa.jpeg?q=70","128"
"COMGZVGH3QKMK6ND","HP Intel Core i5 13th Gen 1335U - (8 GB/512 GB SSD/Windows 11 Home) 15-hr0000TU Thin and Light Laptop","HP","Intel Core i5 Processor (13th Gen)","8 GB DDR4 RAM","512 GB SSD","39.62 cm (15.6 Inch) Display","nan","Windows 11 Operating System","1 Year Onsite Warranty","竄ｹ54,990","竄ｹ79,999","31","4.2","59","4","Yes","https://www.flipkart.com/hp-intel-core-i5-13th-gen-1335u-8-gb-512-gb-ssd-windows-11-home-15-hr0000tu-thin-light-laptop/p/itme3568fa69de98","https://rukminim2.flixcart.com/image/312/312/xif0q/computer/k/7/r/-original-imahcd9hgzynffj3.jpeg?q=70","129"
"COMGFRHGDB9G3Z9C","HP AMD Ryzen 5 Hexa Core 5500U - (16 GB/512 GB SSD/Windows 11 Home) 15s- eq2182AU Thin and Light Lapto...","HP","AMD Ryzen 5 Hexa Core Processor","16 GB DDR4 RAM","512 GB SSD","39.62 cm (15.6 inch) Display","nan","64 bit Windows 11 Operating System","1 Year Onsite Warranty","竄ｹ45,490","竄ｹ59,109","23","4.3","3612","261","No","https://www.flipkart.com/hp-amd-ryzen-5-hexa-core-5500u-16-gb-512-gb-ssd-windows-11-home-15s-eq2182au-thin-light-laptop/p/itm2f070129053ed","https://rukminim2.flixcart.com/image/312/312/xif0q/computer/e/w/t/-original-imahcd9g6bzwsp8k.jpeg?q=70","132"
"COMH9MTAXPHXKQTW","HP 15R (2025) Intel Core i3 13th Gen 1315U - (8 GB/512 GB SSD/Windows 11 Home) 15R G9 Thin and Light L...","HP","Intel Core i3 Processor (13th Gen)","8 GB DDR4 RAM","512 GB SSD","39.62 cm (15.6 inch) Display","nan","64 bit Windows 11 Home Operating System","1 Year Onsite Warranty","竄ｹ32,990","竄ｹ74,990","56","4.2","5","2","Yes","https://www.flipkart.com/hp-15r-2025-intel-core-i3-13th-gen-1315u-8-gb-512-gb-ssd-windows-11-home-g9-thin-light-laptop/p/itm8b3f045df43be","https://rukminim2.flixcart.com/image/312/312/xif0q/computer/1/w/w/15r-g9-thin-and-light-laptop-hp-original-imah9m58gwabuze5.jpeg?q=70","133"
"COMGMY3MB9MX5CXF","HP 14s Backlit Intel Core i3 11th Gen 1115G4 - (8 GB/512 GB SSD/Windows 11 Home) 14s-dq2649tu Thin and...","HP","Intel Core i3 Processor (11th Gen)","8 GB DDR4 RAM","512 GB SSD","35.56 cm (14 Inch) Display","nan","Windows 11 Operating System","1 Year Onsite Warranty","竄ｹ37,990","竄ｹ50,554","24","4.3","274","20","No","https://www.flipkart.com/hp-14s-backlit-intel-core-i3-11th-gen-1115g4-8-gb-512-gb-ssd-windows-11-home-14s-dq2649tu-thin-light-laptop/p/itm6664edbe195a9","https://rukminim2.flixcart.com/image/312/312/xif0q/computer/o/w/e/-original-imahcd9ng6zhznpn.jpeg?q=70","134"
"COMGG63HRV3GFN4G","HP AMD Athlon Dual Core 3050U - (8 GB/512 GB SSD/Windows 11 Home) 15s- eq1559AU Thin and Light Laptop","HP","AMD Athlon Dual Core Processor","8 GB DDR4 RAM","512 GB SSD","39.62 cm (15.6 inch) Display","nan","64 bit Windows 11 Operating System","1 Year Onsite Warranty","竄ｹ27,900","竄ｹ43,500","35","4","1528","144","No","https://www.flipkart.com/hp-amd-athlon-dual-core-3050u-8-gb-512-gb-ssd-windows-11-home-15s-eq1559au-thin-light-laptop/p/itm251d7da4048ee","https://rukminim2.flixcart.com/image/312/312/xif0q/computer/f/c/o/-original-imagp9x8phty2dyr.jpeg?q=70","135"
"COMG3N59B6DRHGKW","HP 250R G9 Intel Core i3 13th Gen 1315U - (8 GB/512 GB SSD/Windows 11 Home) 42V68PA Thin and Light Lap...","HP","Intel Core i3 Processor (13th Gen)","8 GB DDR4 RAM","512 GB SSD","39.62 cm (15.6 inch) Display","nan","64 bit Windows 11 Home Operating System","1 Year Onsite Warranty","竄ｹ31,990","竄ｹ50,990","37","4.2","196","15","Yes","https://www.flipkart.com/hp-250r-g9-intel-core-i3-13th-gen-1315u-8-gb-512-gb-ssd-windows-11-home-42v68pa-thin-light-laptop/p/itm9015dcea94ace","https://rukminim2.flixcart.com/image/312/312/kolsscw0/computer/s/x/d/250-g8-thin-and-light-laptop-hp-original-imag3f4kmcvnhkz9.jpeg?q=70","138"
"COMGYSSUCNJNSHZ7","HP Intel Core i3 11th Gen 1115G4 - (8 GB/512 GB SSD/Windows 10 Home) 15s-FR2006TU Thin and Light Lapto...","HP","Intel Core i3 Processor (11th Gen)","8 GB DDR4 RAM","512 GB SSD","39.62 cm (15.6 inch) Display","nan","64 bit Windows 10 Operating System","1 Year Domestic Brand Warranty on Device","竄ｹ38,790","竄ｹ50,299","22","4.3","1673","219","No","https://www.flipkart.com/hp-intel-core-i3-11th-gen-1115g4-8-gb-512-gb-ssd-windows-10-home-15s-fr2006tu-thin-light-laptop/p/itm169671aff88a4","https://rukminim2.flixcart.com/image/312/312/kdoup3k0/computer/e/v/p/hp-original-imafujjhdwjjh9j8.jpeg?q=70","139"
"COMG92FXHPYEN44H","HP 14s Intel Core i3 11th Gen 1125G4 - (8 GB/256 GB SSD/Windows 11 Home) 14s- dy2506TU Thin and Light ...","HP","Intel Core i3 Processor (11th Gen)","8 GB DDR4 RAM","256 GB SSD","35.56 cm (14 inch) Display","nan","64 bit Windows 11 Operating System","1 Year Onsite Warranty","竄ｹ36,790","竄ｹ48,933","24","4.3","3179","323","No","https://www.flipkart.com/hp-14s-intel-core-i3-11th-gen-1125g4-8-gb-256-gb-ssd-windows-11-home-14s-dy2506tu-thin-light-laptop/p/itm2881998a7e9de","https://rukminim2.flixcart.com/image/312/312/xif0q/computer/3/3/e/-original-imahcd9hp8eeywnz.jpeg?q=70","142"
"COMGHNBG4KF5UYJH","HP 245G9 AMD Ryzen 3 Dual Core AMD Ryzen 3 3250U - (8 GB/512 GB SSD/Windows 11 Home) 245 G8 Business L...","HP","AMD Ryzen 3 Dual Core Processor","8 GB DDR4 RAM","512 GB SSD","35.56 cm (14 inch) Display","nan","Windows 11 Operating System","1 Year Onsite Warranty","竄ｹ26,490","竄ｹ44,990","41","4.1","672","32","No","https://www.flipkart.com/hp-245g9-amd-ryzen-3-dual-core-3250u-8-gb-512-gb-ssd-windows-11-home-245-g8-business-laptop/p/itmf0a680c05d471","https://rukminim2.flixcart.com/image/312/312/xif0q/computer/w/d/n/245-g8-business-laptop-hp-original-imagykcscqsk5ppk.jpeg?q=70","143"
"COMGY65Z2FKM5DZF","HP AMD Ryzen 5 5500U - (16 GB/512 GB SSD/Windows 11 Home) EQ2305AU Thin and Light Laptop","HP","AMD Ryzen 5 Processor","16 GB DDR4 RAM","512 GB SSD","39.62 cm (15.6 inch) Display","nan","Windows 11 Operating System","1 Year warranty","竄ｹ38,990","竄ｹ54,990","29","3.7","6","0","No","https://www.flipkart.com/hp-amd-ryzen-5-5500u-16-gb-512-gb-ssd-windows-11-home-eq2305au-thin-light-laptop/p/itmbb417e29c5bb3","https://rukminim2.flixcart.com/image/312/312/xif0q/computer/q/7/u/eq2305au-thin-and-light-laptop-hp-original-imagy65z3zrngszz.jpeg?q=70","144"
"COMH9ZCV9PBVBDSC","HP 14R (2025) Intel Core i3 13th Gen 1315U - (8 GB/512 GB SSD/Windows 11 Pro) 14R G9 Thin and Light La...","HP","Intel Core i3 Processor (13th Gen)","8 GB DDR4 RAM","512 GB SSD","35.56 cm (14 inch) Display","nan","64 bit Windows 11 Operating System","1 Year Onsite Warranty","竄ｹ33,900","竄ｹ76,990","55",\N,\N,\N,"Yes","https://www.flipkart.com/hp-14r-2025-intel-core-i3-13th-gen-1315u-8-gb-512-gb-ssd-windows-11-pro-g9-thin-light-laptop/p/itm7d491b238bc7b","https://rukminim2.flixcart.com/image/312/312/xif0q/computer/m/l/y/14r-g9-thin-and-light-laptop-hp-original-imah9z5jb7r33bah.jpeg?q=70","145"
"COMH7Z9YJWFZYRE5","HP 255 G10 AMD Ryzen 5 Quad Core 7520U UPTO 4.3Ghz - (8 GB/512 GB SSD/Windows 11 Home) 255 G10 Thin an...","HP","AMD Ryzen 5 Quad Core Processor","8 GB DDR4 RAM","512 GB SSD","39.62 cm (15.6 inch) Display","nan","64 bit Windows 11 Operating System","1 YEAR BRAND WARRANTY","竄ｹ28,990","竄ｹ51,999","44","3.7","89","6","No","https://www.flipkart.com/hp-255-g10-amd-ryzen-5-quad-core-7520u-upto-4-3ghz-8-gb-512-gb-ssd-windows-11-home-thin-light-laptop/p/itm41b702fc585a3","https://rukminim2.flixcart.com/image/312/312/xif0q/computer/z/o/f/255-g10-laptop-hp-original-imah7uqjtueghjgu.jpeg?q=70","148"
"COMGXQBUTDNMNJ9E","HP 240 G9 Intel Core i5 12th Gen i5-1235U - (8 GB/512 GB SSD/Windows 11 Pro) 240 G9 Business Laptop","HP","Intel Core i5 Processor (12th Gen)","8 GB DDR4 RAM","512 GB SSD","35.56 cm (14 inch) Display","nan","64 bit Windows 11 Operating System","nan","竄ｹ54,999","竄ｹ79,999","31","3.6","5","0","No","https://www.flipkart.com/hp-240-g9-intel-core-i5-12th-gen-i5-1235u-8-gb-512-gb-ssd-windows-11-pro-business-laptop/p/itma488dac338fb5","https://rukminim2.flixcart.com/image/312/312/xif0q/computer/w/i/g/245-g9-thin-and-light-laptop-hp-original-imagvkm2hgsanchg.jpeg?q=70","152"
"COMGNFU7MHGWNHHA","HP 255 G9 AMD Ryzen 3 Dual Core R3 3250 - (8 GB/512 GB SSD/Windows 11 Home) 255 G8 Thin and Light Lapt...","HP","AMD Ryzen 3 Dual Core Processor","8 GB DDR4 RAM","512 GB SSD","39.62 cm (15.6 Inch) Display","nan","Windows 11 Operating System","1 Year Onsite warranty by OEM","竄ｹ25,500","竄ｹ39,999","36","4.1","1503","108","No","https://www.flipkart.com/hp-255-g9-amd-ryzen-3-dual-core-r3-3250-8-gb-512-gb-ssd-windows-11-home-g8-thin-light-laptop/p/itm9015dcea94ace","https://rukminim2.flixcart.com/image/312/312/xif0q/computer/8/o/5/-original-imahcd9hg4t8b7v4.jpeg?q=70","153"
"COMHFR4FGZTUXZGY","HP Victus Intel Core i7 13th Gen 13620H - (16 GB/1 TB SSD/Windows 11 Home/6 GB Graphics/NVIDIA GeForce...","HP","Intel Core i7 Processor (13th Gen)","16 GB DDR4 RAM","1 TB SSD","39.62 cm (15.6 inch) Display","nan","Windows 11 Home Operating System","1 Year Carry-in Warranty","竄ｹ91,795","竄ｹ1,25,450","26","4","64","7","No","https://www.flipkart.com/hp-victus-intel-core-i7-13th-gen-13620h-16-gb-1-tb-ssd-windows-11-home-6-gb-graphics-nvidia-geforce-rtx-4050-15-fa1332tx-gaming-laptop/p/itmdc1c4e71b1064","https://rukminim2.flixcart.com/image/312/312/xif0q/computer/e/e/u/-original-imahcd9nhsutamwq.jpeg?q=70","154"
"COMGZVGHDFPZKD4X","HP 15s Intel Core i5 13th Gen 1335U - (8 GB/512 GB SSD/Windows 11 Home) 15-fd0021TU Thin and Light Lap...","HP","Intel Core i5 Processor (13th Gen)","8 GB DDR4 RAM","512 GB SSD","39.62 cm (15.6 Inch) Display","nan","64 bit Windows 11 Operating System","1 Year Onsite Warranty","竄ｹ53,900","竄ｹ72,990","26","4.2","397","30","No","https://www.flipkart.com/hp-15s-intel-core-i5-13th-gen-1335u-8-gb-512-gb-ssd-windows-11-home-15-fd0021tu-thin-light-laptop/p/itm0fee359baf72d","https://rukminim2.flixcart.com/image/312/312/xif0q/computer/n/x/j/15-fd0021tu-thin-and-light-laptop-hp-original-imah3qjq6uz9tbgd.jpeg?q=70","155"
"COMGFSNUHPZHSYHR","HP 15s Intel Core i3 11th Gen 1115G4 - (8 GB/512 GB SSD/Windows 11 Home) 15s-fq2671TU Thin and Light L...","HP","Intel Core i3 Processor (11th Gen)","8 GB DDR4 RAM","512 GB SSD","39.62 cm (15.6 inch) Display","nan","64 bit Windows 11 Operating System","1 Year Onsite Warranty","竄ｹ33,290","竄ｹ48,476","31","4.1","361","23","No","https://www.flipkart.com/hp-15s-intel-core-i3-11th-gen-1115g4-8-gb-512-gb-ssd-windows-11-home-15s-fq2671tu-thin-light-laptop/p/itm87114c2927ec1","https://rukminim2.flixcart.com/image/312/312/xif0q/computer/n/i/l/-original-imagp8xzgkazpzv3.jpeg?q=70","158"
"COMH8AE39TGGESQH","Lenovo MSO'2024 AMD Ryzen 5 Hexa Core 5625U - (16 GB/512 GB SSD/Windows 11 Home) 15ALC7 Thin and Light...","Lenovo","AMD Ryzen 5 Hexa Core Processor","16 GB DDR4 RAM","512 GB SSD","39.62 cm (15.6 Inch) Display","nan","Windows 11 Operating System","1 Year Onsite Warranty","竄ｹ38,490","竄ｹ68,990","44","4.2","6439","544","Yes","https://www.flipkart.com/lenovo-mso-2024-amd-ryzen-5-hexa-core-5625u-16-gb-512-gb-ssd-windows-11-home-15alc7-thin-light-laptop/p/itm3680fb576eb7b","https://rukminim2.flixcart.com/image/312/312/xif0q/computer/t/b/z/-original-imahcuyyht8pwh6g.jpeg?q=70","160"
"COMG2ZZZ57RSWQUG","HP G Series Intel Core i3 10th Gen 1005G1 - (4 GB/512 GB SSD/Windows 10 Home) 250 G8 Thin and Light La...","HP","Intel Core i3 Processor (10th Gen)","4 GB DDR4 RAM","512 GB SSD","39.62 cm (15.6 inch) Display","nan","64 bit Windows 10 Operating System","1 Year Onsite Warranty","竄ｹ34,990","竄ｹ39,999","12","4.3","208","12","No","https://www.flipkart.com/hp-g-series-intel-core-i3-10th-gen-1005g1-4-gb-512-gb-ssd-windows-10-home-250-g8-thin-light-laptop/p/itm9015dcea94ace","https://rukminim2.flixcart.com/image/312/312/kolsscw0/computer/s/x/d/250-g8-thin-and-light-laptop-hp-original-imag3f4kmcvnhkz9.jpeg?q=70","162"
"COMGQKM4H9PNPWDF","HP 250 G9 Intel Core i3 12th Gen 1215U - (8 GB/512 GB SSD/DOS) 7M659PA Laptop","HP","Intel Core i3 Processor (12th Gen)","8 GB DDR4 RAM","512 GB SSD","39.62 cm (15.6 inch) Display","nan","DOS Operating System","nan","竄ｹ33,650","竄ｹ43,188","22","3.9","41","2","No","https://www.flipkart.com/hp-250-g9-intel-core-i3-12th-gen-1215u-8-gb-512-gb-ssd-dos-7m659pa-laptop/p/itma488dac338fb5","https://rukminim2.flixcart.com/image/312/312/xif0q/computer/i/x/l/hp-250-g9-laptop-hp-original-imagqkm3pgpgz8jz.jpeg?q=70","163"
"COMGWCGZKYY86KN8","HP 250 G9 Intel Celeron Dual Core 12th Gen 4500u - (8 GB/256 GB SSD/DOS) 8Y2Y9PA Laptop","HP","Intel Celeron Dual Core Processor (12th Gen)","8 GB DDR4 RAM","256 GB SSD","39.62 cm (15.6 inch) Display","nan","DOS Operating System","nan","竄ｹ23,747","竄ｹ33,690","29","3.7","167","11","No","https://www.flipkart.com/hp-250-g9-intel-celeron-dual-core-12th-gen-4500u-8-gb-256-gb-ssd-dos-8y2y9pa-laptop/p/itmf8dced187ae27","https://rukminim2.flixcart.com/image/312/312/xif0q/computer/t/9/m/240-g9-laptop-hp-original-imahfg6mqaqrncdd.jpeg?q=70","164"
"COMGSJXXZWJZ6UJQ","HP Victus Gaming 15-With Backlit Intel Core i7 12th Gen - (16 GB/1 TB SSD/Windows 11 Home/4 GB Graphic...","HP","Intel Core i7 Processor (12th Gen)","16 GB DDR4 RAM","1 TB SSD","39.62 cm (15.6 inch) Display","nan","Windows 11 Operating System","1-year warranty","竄ｹ74,990","竄ｹ1,11,322","32","4.3","206","19","Yes","https://www.flipkart.com/hp-victus-gaming-15-with-backlit-intel-core-i7-12th-gen-16-gb-1-tb-ssd-windows-11-home-4-gb-graphics-nvidia-geforce-rtx-nvidia-rtx-3050-fa0187tx-laptop/p/itm7227f42ff869c","https://rukminim2.flixcart.com/image/312/312/xif0q/computer/9/n/a/-original-imahbq4kfjwugyda.jpeg?q=70","165"
"COMHFCEENHGMPUDC","HP OMEN Intel Core i7 14th Gen 14650HX - (16 GB/1 TB SSD/Windows 11 Home/8 GB Graphics/NVIDIA GeForce ...","HP","Intel Core i7 Processor (14th Gen)","16 GB DDR5 RAM","1 TB SSD","40.89 cm (16.1 inch) Display","nan","Windows 11 Operating System","1 Year Onsite Warranty","竄ｹ1,19,990","竄ｹ1,57,945","24","4.1","166","12","Yes","https://www.flipkart.com/hp-omen-intel-core-i7-14th-gen-14650hx-16-gb-1-tb-ssd-windows-11-home-8-gb-graphics-nvidia-geforce-rtx-4060-16-wf1096tx-gaming-laptop/p/itm98841df0cbbc6","https://rukminim2.flixcart.com/image/312/312/xif0q/computer/n/e/n/-original-imahcd9jfafm3s5g.jpeg?q=70","168"
"COMGSJWPZD3YNJWA","HP AMD Ryzen 5 Hexa Core - (8 GB/512 GB SSD/Windows 11 Home/4 GB Graphics) 15-FB1001AX Laptop","HP","AMD Ryzen 5 Hexa Core Processor","8 GB DDR5 RAM","512 GB SSD","39.62 cm (15.6 inch) Display","nan","Windows 11 Operating System","1 Year warranty","竄ｹ54,900","竄ｹ85,000","35","4.3","4","1","No","https://www.flipkart.com/hp-amd-ryzen-5-hexa-core-8-gb-512-gb-ssd-windows-11-home-4-graphics-15-fb1001ax-laptop/p/itm7227f42ff869c","https://rukminim2.flixcart.com/image/312/312/xif0q/computer/r/y/f/victus-15-gaming-laptop-hp-original-imags3zezybpfqzt.jpeg?q=70","169"
"COMG9XUYCGWGHZTA","HP 240 G8 Intel Core i3 11th Gen 1115G4 - (8 GB/1 TB HDD/Windows 11 Home) G8 240 Thin and Light Laptop","HP","Intel Core i3 Processor (11th Gen)","8 GB DDR4 RAM","1 TB HDD","35.56 cm (14 inch) Display","nan","64 bit Windows 11 Home Operating System","1 Year Onsite Warranty","竄ｹ30,990","竄ｹ43,296","28","3.9","559","50","No","https://www.flipkart.com/hp-240-g8-intel-core-i3-11th-gen-1115g4-8-gb-1-tb-hdd-windows-11-home-thin-light-laptop/p/itm9015dcea94ace","https://rukminim2.flixcart.com/image/312/312/xif0q/computer/m/k/y/-original-imahcd9teaeazsmy.jpeg?q=70","172"
"COMH2DYZGEUJ4T5S","HP Victus Intel Core i7 12th Gen 12650H - (16 GB/512 GB SSD/Windows 11 Home/4 GB Graphics/NVIDIA GeFor...","HP","Intel Core i7 Processor (12th Gen)","16 GB DDR4 RAM","512 GB SSD","39.62 cm (15.6 Inch) Display","nan","Windows 11 Operating System","1 Year Onsite Warranty","竄ｹ68,990","竄ｹ90,898","24","4.1","96","3","Yes","https://www.flipkart.com/hp-victus-intel-core-i7-12th-gen-12650h-16-gb-512-gb-ssd-windows-11-home-4-graphics-nvidia-geforce-rtx-3050a-15-fa1382tx-gaming-laptop/p/itm9c378a535906f","https://rukminim2.flixcart.com/image/312/312/xif0q/computer/3/l/j/-original-imahcd9zwemmvafm.jpeg?q=70","173"
"COMHAZY5ZQZQQDKZ","HP Pavilion MSO 2021 AMD Ryzen 5 Hexa Core 8540U - (16 GB/512 GB SSD/Windows 11 Home) 16-ag0019AU Thin...","HP","AMD Ryzen 5 Hexa Core Processor","16 GB LPDDR5 RAM","512 GB SSD","40.64 cm (16 Inch) Display","nan","Windows 11 Home Operating System","1 Year Onsite Warranty","竄ｹ58,990","竄ｹ76,924","23","4.4","23","7","Yes","https://www.flipkart.com/hp-pavilion-mso-2021-amd-ryzen-5-hexa-core-8540u-16-gb-512-gb-ssd-windows-11-home-16-ag0019au-thin-light-laptop/p/itmd14c7a58f1b78","https://rukminim2.flixcart.com/image/312/312/xif0q/computer/u/w/p/-original-imahcd9nhtpqgmf7.jpeg?q=70","175"
"COMH5C6RSGKWPXSF","HP Intel Core i5 13th Gen 1334U - (16 GB/512 GB SSD/Windows 11 Home) 15-fd0316TU Thin and Light Laptop","HP","Intel Core i5 Processor (13th Gen)","16 GB DDR4 RAM","512 GB SSD","39.62 cm (15.6 inch) Display","nan","Windows 11 Operating System","1 Year Warranty","竄ｹ56,990","竄ｹ69,990","18",\N,"3","0","No","https://www.flipkart.com/hp-intel-core-i5-13th-gen-1334u-16-gb-512-gb-ssd-windows-11-home-15-fd0316tu-thin-light-laptop/p/itmc8ca0b60f166f","https://rukminim2.flixcart.com/image/312/312/xif0q/computer/a/i/w/notebook-thin-and-light-laptop-hp-original-imah58qfm6vmz4gu.jpeg?q=70","178"
"COMHF6WAYQWPTFRS","HP Laptop Intel Core i3 12th Gen 1215U - (8 GB/256 GB SSD/Windows 11 Home) 15s-fy5010TU Thin and Light...","HP","Intel Core i3 Processor (12th Gen)","8 GB DDR4 RAM","256 GB SSD","39.62 cm (15.6 inch) Display","nan","Windows 11 Home Operating System","1 Year Carry-in Warranty","竄ｹ35,599","竄ｹ46,709","23","4.2","6126","368","No","https://www.flipkart.com/hp-laptop-intel-core-i3-12th-gen-1215u-8-gb-256-gb-ssd-windows-11-home-15s-fy5010tu-thin-light/p/itm513a135df4d30","https://rukminim2.flixcart.com/image/312/312/xif0q/computer/m/3/7/-original-imahcd9zghnzrafk.jpeg?q=70","179"
"COMGYQ265UHMGQB6","Samsung Galaxy Book4 Intel Core 5 120U - (16 GB/512 GB SSD/Windows 11 Home) NP750XGK-KS2IN / NP750XGK-...","Samsung","Intel Core 5 Processor","16 GB LPDDR4X RAM","512 GB SSD","39.62 cm (15.6 Inch) Display","nan","Windows 11 Operating System","1 Year Manufacturer Warranty for Laptop and 6 Months for In-Box Accessories","竄ｹ55,989","竄ｹ91,989","39","4.3","241","27","Yes","https://www.flipkart.com/samsung-galaxy-book4-intel-core-5-120u-16-gb-512-gb-ssd-windows-11-home-np750xgk-ks2in-np750xgk-ls2in-thin-light-laptop/p/itm47b30d5de382e","https://rukminim2.flixcart.com/image/312/312/xif0q/computer/a/0/x/-original-imahcd9zt3bz7gtt.jpeg?q=70","181"
"COMGZ7FRZDEQHNYQ","HP FC0026AU AMD Ryzen 3 Quad Core 7320U - (8 GB/512 GB SSD/Windows 11 Home) 15-fc0025AU Thin and Light...","HP","AMD Ryzen 3 Quad Core Processor","8 GB DDR4 RAM","512 GB SSD","39.62 cm (15.6 Inch) Display","nan","64 bit Windows 11 Operating System","1 Year Onsite Warranty","竄ｹ29,800","竄ｹ47,990","37","4","202","16","No","https://www.flipkart.com/hp-fc0026au-amd-ryzen-3-quad-core-7320u-8-gb-512-gb-ssd-windows-11-home-15-fc0025au-thin-light-laptop/p/itm3f21e9fdfc42f","https://rukminim2.flixcart.com/image/312/312/xif0q/computer/w/9/s/15-fc0025au-thin-and-light-laptop-hp-original-imah3behg95r2tfw.jpeg?q=70","182"
"COMGYCPJ6VHRGYT2","HP Intel Core i3 12th Gen 1215U - (8 GB/512 GB SSD/Windows 11 Home) 14s-dq5138tu Thin and Light Laptop","HP","Intel Core i3 Processor (12th Gen)","8 GB DDR4 RAM","512 GB SSD","39.62 cm (15.6 inch) Display","nan","Windows 11 Operating System","1 Year Onsite warranty","竄ｹ37,590","竄ｹ51,134","26","4.2","7061","573","Yes","https://www.flipkart.com/hp-intel-core-i3-12th-gen-1215u-8-gb-512-gb-ssd-windows-11-home-14s-dq5138tu-thin-light-laptop/p/itmc59bc54234261","https://rukminim2.flixcart.com/image/312/312/xif0q/computer/2/l/a/-original-imahyhfcsdtjzzjz.jpeg?q=70","183"
"COMGCNDPJXZUA9HM","HP Pavilion Intel Core i5 11th Gen 1155G7 - (16 GB/512 GB SSD/Windows 11 Home) 14-dy1048TU Thin and Li...","HP","Intel Core i5 Processor (11th Gen)","16 GB DDR4 RAM","512 GB SSD","35.56 cm (14 inch) Touchscreen Display","nan","64 bit Windows 11 Operating System","1 Year Onsite Warranty","竄ｹ69,900","竄ｹ85,900","18","4.2","422","35","No","https://www.flipkart.com/hp-pavilion-intel-core-i5-11th-gen-1155g7-16-gb-512-gb-ssd-windows-11-home-14-dy1048tu-thin-light-laptop/p/itm899171d7dd511","https://rukminim2.flixcart.com/image/312/312/xif0q/computer/n/w/q/-original-imahcd9hyzudgcmx.jpeg?q=70","184"
"COMGMHAAXD7UH5HR","HP AMD Ryzen 5 Hexa Core - (8 GB/512 GB SSD/Windows 11 Home/4 GB Graphics/NVIDIA GeForce RTX 3050/144 ...","HP","AMD Ryzen 5 Hexa Core Processor","8 GB DDR4 RAM","512 GB SSD","39.62 cm (15.6 Inch) Display","nan","Windows 11 Operating System","nan","竄ｹ53,400","竄ｹ83,662","36","3.5","16","0","No","https://www.flipkart.com/hp-amd-ryzen-5-hexa-core-8-gb-512-gb-ssd-windows-11-home-4-graphics-nvidia-geforce-rtx-3050-144-hz-15-fb0082ax-gaming-laptop/p/itmd066032884963","https://rukminim2.flixcart.com/image/312/312/xif0q/computer/y/y/0/-original-imah525fsbqhhstj.jpeg?q=70","185"
"COMGZFFXXHNVC5A5","HP Chromebook MediaTek MT8183 - (4 GB/32 GB EMMC Storage/Chrome OS) 11MK G9 EE Chromebook","HP","MediaTek MT8183 Processor","4 GB LPDDR4X RAM","nan","29.46 cm (11.6 Inch) Display","nan","Chrome Operating System","1 Year Carry-in Warranty","竄ｹ15,300","竄ｹ34,554","55","3.7","7349","600","No","https://www.flipkart.com/hp-chromebook-mediatek-mt8183-4-gb-32-gb-emmc-storage-chrome-os-11mk-g9-ee/p/itmbcfcbc0ab424f","https://rukminim2.flixcart.com/image/312/312/xif0q/computer/u/a/e/11mk-g9-chromebook-hp-original-imah3behyxsb4auh.jpeg?q=70","188"
"COMGG63HHFBZ2BZP","HP AMD Athlon Dual Core 3050U - (8 GB/256 GB SSD/Windows 11 Home) 14s-fq0568AU Thin and Light Laptop","HP","AMD Athlon Dual Core Processor","8 GB DDR4 RAM","256 GB SSD","35.56 cm (14 inch) Display","nan","64 bit Windows 11 Operating System","1 Year Onsite Warranty","竄ｹ27,990","竄ｹ36,118","22","4.1","3958","292","No","https://www.flipkart.com/hp-amd-athlon-dual-core-3050u-8-gb-256-gb-ssd-windows-11-home-14s-fq0568au-thin-light-laptop/p/itm251d7da4048ee","https://rukminim2.flixcart.com/image/312/312/xif0q/computer/s/u/7/14s-fq0568au-thin-and-light-laptop-hp-original-imah3bdte6fw7eth.jpeg?q=70","189"
"COMGYQ26YYPATGUG","Samsung Galaxy Book4 Intel Core 5 120U - (8 GB/512 GB SSD/Windows 11 Home) NP750XGK-KG1IN / NP750XGK-L...","Samsung","Intel Core 5 Processor","8 GB LPDDR4X RAM","512 GB SSD","39.62 cm (15.6 Inch) Display","nan","Windows 11 Operating System","1 Year Manufacturer Warranty for Laptop and 6 Months for In-Box Accessories","竄ｹ59,990","竄ｹ86,239","30","4.3","241","27","No","https://www.flipkart.com/samsung-galaxy-book4-intel-core-5-120u-8-gb-512-gb-ssd-windows-11-home-np750xgk-kg1in-np750xgk-lg1in-thin-light-laptop/p/itm536cb1c70f7b7","https://rukminim2.flixcart.com/image/312/312/xif0q/computer/c/m/4/-original-imahcd9jnpzgfjzs.jpeg?q=70","191"
"COMG87FPKWXY5FYZ","HP Pavilion Intel Core i5 11th Gen 1155G7 - (8 GB/512 GB SSD/Windows 11 Home) 14-dv1000TU Thin and Lig...","HP","Intel Core i5 Processor (11th Gen)","8 GB DDR4 RAM","512 GB SSD","35.56 cm (14 inch) Display","nan","64 bit Windows 11 Operating System","1 Year onsite Warranty","竄ｹ60,799","竄ｹ70,000","13","4.2","422","35","No","https://www.flipkart.com/hp-pavilion-intel-core-i5-11th-gen-1155g7-8-gb-512-gb-ssd-windows-11-home-14-dv1000tu-thin-light-laptop/p/itm899171d7dd511","https://rukminim2.flixcart.com/image/312/312/xif0q/computer/n/w/q/-original-imahcd9hyzudgcmx.jpeg?q=70","192"
"COMH2DYZHMHZ5UPG","HP Victus Intel Core i5 12th Gen 12450H - (16 GB/1 TB SSD/Windows 11 Home/4 GB Graphics/NVIDIA GeForce...","HP","Intel Core i5 Processor (12th Gen)","16 GB DDR4 RAM","1 TB SSD","39.62 cm (15.6 Inch) Display","nan","Windows 11 Operating System","1 Year Onsite Warranty","竄ｹ79,990","竄ｹ82,414","2","4.2","139","12","No","https://www.flipkart.com/hp-victus-intel-core-i5-12th-gen-12450h-16-gb-1-tb-ssd-windows-11-home-4-gb-graphics-nvidia-geforce-rtx-3050a-15-fa1388tx-gaming-laptop/p/itm9c378a535906f","https://rukminim2.flixcart.com/image/312/312/xif0q/computer/p/r/u/-original-imahcd9ztzzbcvmf.jpeg?q=70","193"
"COMGYH8GSGTZZ2CF","HP Pavilion 15 AMD Ryzen 7 Octa Core 7730U - (16 GB/512 GB SSD/Windows 11 Home) 15-eh3101AU Thin and L...","HP","AMD Ryzen 7 Octa Core Processor","16 GB DDR4 RAM","512 GB SSD","39.62 cm (15.6 Inch) Display","nan","64 bit Windows 11 Operating System","1 Year Onsite Warranty","竄ｹ67,490","竄ｹ75,794","10","3.7","11","0","No","https://www.flipkart.com/hp-pavilion-15-amd-ryzen-7-octa-core-7730u-16-gb-512-gb-ssd-windows-11-home-15-eh3101au-thin-light-laptop/p/itm644a41c66520c","https://rukminim2.flixcart.com/image/312/312/xif0q/computer/i/0/9/-original-imahcd9nehzshr2j.jpeg?q=70","195"
"COMGDJPHYQYGEFHN","HP Victus AMD Ryzen 5 Hexa Core 5600H - (8 GB/512 GB SSD/Windows 11 Home/4 GB Graphics/NVIDIA GeForce ...","HP","AMD Ryzen 5 Hexa Core Processor","8 GB DDR4 RAM","512 GB SSD","40.89 cm (16.1 Inch) Display","nan","64 bit Windows 11 Operating System","1 Year Onsite Warranty","竄ｹ63,990","竄ｹ84,198","24","4.3","29","5","No","https://www.flipkart.com/hp-victus-amd-ryzen-5-hexa-core-5600h-8-gb-512-gb-ssd-windows-11-home-4-graphics-nvidia-geforce-gtx-1650-16-e0301ax-gaming-laptop/p/itm08528d71de97a","https://rukminim2.flixcart.com/image/312/312/kvvad8w0/keyboard-skin/k/j/i/laptop-premium-keyboard-cover-protector-fit-with-victus-by-hp-original-imag8njdqea2ucrh.jpeg?q=70","199"
"COMGBVZXFTB2PYFE","HP victus AMD Ryzen 5 Hexa Core AMD R5-5600H - (8 GB/512 GB SSD/Windows 10 Home/4 GB Graphics/NVIDIA G...","HP","AMD Ryzen 5 Hexa Core Processor","8 GB DDR4 RAM","512 GB SSD","40.89 cm (16.1 inch) Display","nan","Windows 10 Operating System","nan","竄ｹ63,590","竄ｹ78,990","19","4.1","21","0","No","https://www.flipkart.com/hp-victus-amd-ryzen-5-hexa-core-r5-5600h-8-gb-512-gb-ssd-windows-10-home-4-graphics-nvidia-geforce-gtx-nvidia-16-e0075ax-gaming-laptop/p/itm08528d71de97a","https://rukminim2.flixcart.com/image/312/312/kzx1a4w0/computer/z/5/o/victus-laptop-hp-original-imagbtheub4n5u8g.jpeg?q=70","203"
"COMH2V5YHWJSFGQP","HP Intel Core N N100 - (4 GB/64 GB EMMC Storage/Chrome OS) 14a-nf0014TU Chromebook","HP","Intel Core N Processor","4 GB LPDDR5 RAM","nan","35.56 cm (14 Inch) Display","nan","Chrome Operating System","1 Year Onsite Warranty","竄ｹ29,990","竄ｹ33,935","11",\N,\N,\N,"No","https://www.flipkart.com/hp-intel-core-n-n100-4-gb-64-gb-emmc-storage-chrome-os-14a-nf0014tu-chromebook/p/itm8b58b407a722f","https://rukminim2.flixcart.com/image/312/312/xif0q/computer/v/4/m/-original-imah39gharcmznqx.jpeg?q=70","204"
"COMHCKFKUVFSZ2ZG","HP 15 (2025) Intel Celeron Dual Core N4500 - (8 GB/256 GB SSD/Windows 11 Pro) 15 Thin and Light Laptop","HP","Intel Celeron Dual Core Processor","8 GB DDR4 RAM","256 GB SSD","39.62 cm (15.6 inch) Display","nan","64 bit Windows 11 Operating System","1 Year Onsite Warranty","竄ｹ22,990","竄ｹ40,990","43",\N,\N,\N,"No","https://www.flipkart.com/hp-15-2025-intel-celeron-dual-core-n4500-8-gb-256-gb-ssd-windows-11-pro-thin-light-laptop/p/itmf2581f5c91d8c","https://rukminim2.flixcart.com/image/312/312/xif0q/computer/g/c/p/15-thin-and-light-laptop-hp-original-imahckfkegucg8tm.jpeg?q=70","205"
"COMGZNSB6GCJVUPX","HP 15s Intel Core i5 11th Gen 1155G7 - (16 GB/512 GB SSD/Windows 11 Home) 15s-fr4001TU Thin and Light ...","HP","Intel Core i5 Processor (11th Gen)","16 GB DDR4 RAM","512 GB SSD","39.62 cm (15.6 Inch) Display","nan","64 bit Windows 11 Operating System","1 Year Onsite Warranty","竄ｹ49,990","竄ｹ62,990","20","4.3","3940","274","No","https://www.flipkart.com/hp-15s-intel-core-i5-11th-gen-1155g7-16-gb-512-gb-ssd-windows-11-home-15s-fr4001tu-thin-light-laptop/p/itm4f450720f23b3","https://rukminim2.flixcart.com/image/312/312/xif0q/computer/b/0/w/-original-imahcd9mfkxhmtgv.jpeg?q=70","209"
"COMGHN4MYVNWWQHG","HP Intel Intel Core i5 11th Gen 1155G7 - (8 GB/512 GB SSD/Windows 11 Home) 15s- fr4000TU Thin and Ligh...","HP","Intel Core i5 Processor (11th Gen)","8 GB DDR4 RAM","512 GB SSD","39.62 cm (15.6 Inch) Display","nan","64 bit Windows 11 Operating System","1 Year Onsite Warranty","竄ｹ49,400","竄ｹ61,990","20","4.3","3940","274","No","https://www.flipkart.com/hp-intel-core-i5-11th-gen-1155g7-8-gb-512-gb-ssd-windows-11-home-15s-fr4000tu-thin-light-laptop/p/itm4f450720f23b3","https://rukminim2.flixcart.com/image/312/312/xif0q/computer/b/0/w/-original-imahcd9mfkxhmtgv.jpeg?q=70","212"
"COMGPUYBZPP4WEEF","HP Pavilion Intel Core i5 13th Gen 1340p - (16 GB/512 GB SSD/Windows 11 Home) 15-eg3027TU Thin and Lig...","HP","Intel Core i5 Processor (13th Gen)","16 GB DDR4 RAM","512 GB SSD","39.62 cm (15.6 inch) Display","nan","64 bit Windows 11 Operating System","1 Year Onsite Warranty","竄ｹ62,999","竄ｹ92,999","32","4.5","2","1","No","https://www.flipkart.com/hp-pavilion-intel-core-i5-13th-gen-1340p-16-gb-512-gb-ssd-windows-11-home-15-eg3027tu-thin-light-laptop/p/itmd03cc8dd8cb0e","https://rukminim2.flixcart.com/image/312/312/xif0q/computer/3/v/1/pavilion-thin-and-light-laptop-hp-original-imagptxhsxpkw2rz.jpeg?q=70","213"
"COMGUU3XWYUFTARZ","HP AMD Ryzen 7 Octa Core 5700U - (16 GB/512 GB SSD/Windows 11 Home) 15s-EQ2084AU Laptop","HP","AMD Ryzen 7 Octa Core Processor","16 GB DDR4 RAM","512 GB SSD","39.62 cm (15.6 inch) Display","nan","Windows 11 Operating System","1 Year warranty","竄ｹ51,250","竄ｹ65,990","22","4.1","36","2","No","https://www.flipkart.com/hp-amd-ryzen-7-octa-core-5700u-16-gb-512-gb-ssd-windows-11-home-15s-eq2084au-laptop/p/itm7d4577134e5bc","https://rukminim2.flixcart.com/image/312/312/xif0q/computer/9/q/r/15s-eq2084au-laptop-hp-original-imahyq4nf4e95jka.jpeg?q=70","214"
"COMGCRYGGMZFNSPZ","HP Pavilion Intel Core i5 12th Gen 1240P - (8 GB/512 GB SSD/Windows 11 Home) 15-EG2009TU Thin and Ligh...","HP","Intel Core i5 Processor (12th Gen)","8 GB DDR4 RAM","512 GB SSD","39.62 cm (15.6 inch) Display","nan","64 bit Windows 11 Operating System","1 Year Onsite Warranty","竄ｹ57,890","竄ｹ75,494","23","4.2","796","64","No","https://www.flipkart.com/hp-pavilion-intel-core-i5-12th-gen-1240p-8-gb-512-gb-ssd-windows-11-home-15-eg2009tu-thin-light-laptop/p/itm98d9b13d5532f","https://rukminim2.flixcart.com/image/312/312/xif0q/computer/0/q/x/15-eg2009tu-thin-and-light-laptop-hp-original-imah2mwyg5e8devr.jpeg?q=70","215"
"COMGFA5FCNKUTPHG","HP Victus AMD Ryzen 5 Hexa Core 6600H - (8 GB/512 GB SSD/Windows 11 Home/4 GB Graphics/NVIDIA GeForce ...","HP","AMD Ryzen 5 Hexa Core Processor","8 GB DDR5 RAM","512 GB SSD","40.89 cm (16.1 inch) Display","nan","64 bit Windows 11 Operating System","1 Year Onsite Warranty","竄ｹ78,900","竄ｹ96,579","18","4","9","0","No","https://www.flipkart.com/hp-victus-amd-ryzen-5-hexa-core-6600h-8-gb-512-gb-ssd-windows-11-home-4-graphics-nvidia-geforce-rtx-3050-16-e1062ax-gaming-laptop/p/itm86ca62161fd3f","https://rukminim2.flixcart.com/image/312/312/xif0q/computer/j/r/z/16-e1062ax-gaming-laptop-hp-original-imahf7yvnjbgh9uq.jpeg?q=70","218"
"COMH8WHXHNUAMKV3","HP 15s Intel Core i5 12th Gen 1235U - (8 GB/512 GB SSD/Windows 11 Home) fy5008TU Thin and Light Laptop","HP","Intel Core i5 Processor (12th Gen)","8 GB DDR4 RAM","512 GB SSD","39.62 cm (15.6 inch) Display","nan","Windows 11 Home Operating System","1 Year Carry-in Warranty","竄ｹ49,500","竄ｹ59,999","17","4.3","2331","169","No","https://www.flipkart.com/hp-15s-intel-core-i5-12th-gen-1235u-8-gb-512-gb-ssd-windows-11-home-fy5008tu-thin-light-laptop/p/itm8d69b349edfda","https://rukminim2.flixcart.com/image/312/312/xif0q/computer/a/k/e/fy5008tu-thin-and-light-laptop-hp-original-imah8ws3yh5cpwx8.jpeg?q=70","219"
"COMGGYEBBQFFPTTN","HP Victus AMD Ryzen 5 Hexa Core 5600H - (8 GB/512 GB SSD/Windows 11 Home/4 GB Graphics/NVIDIA GeForce ...","HP","AMD Ryzen 5 Hexa Core Processor","8 GB DDR4 RAM","512 GB SSD","39.62 cm (15.6 inch) Display","nan","64 bit Windows 11 Operating System","1 Year Onsite Warranty","竄ｹ59,290","竄ｹ85,000","30","4.1","89","7","No","https://www.flipkart.com/hp-victus-amd-ryzen-5-hexa-core-5600h-8-gb-512-gb-ssd-windows-11-home-4-graphics-nvidia-geforce-rtx-3050-15-fb0050ax-gaming-laptop/p/itm86ca62161fd3f","https://rukminim2.flixcart.com/image/312/312/l5bd5zk0/computer/l/e/k/15-fb0040ax-gaming-laptop-hp-original-imaggyuezf9qtypd.jpeg?q=70","222"
"COMH28U4TAH2HNQY","HP AMD Ryzen 9 Octa Core 7940HS - (16 GB/1 TB SSD/Windows 11 Home/8 GB Graphics/NVIDIA GeForce RTX 407...","HP","AMD Ryzen 9 Octa Core Processor","16 GB DDR5 RAM","1 TB SSD","40.89 cm (16.1 Inch) Display","nan","Windows 11 Operating System","1 Year Onsite Warranty","竄ｹ1,86,047","nan",\N,\N,\N,\N,"No","https://www.flipkart.com/hp-amd-ryzen-9-octa-core-7940hs-16-gb-1-tb-ssd-windows-11-home-8-gb-graphics-nvidia-geforce-rtx-4070-16-xf0100ax-gaming-laptop/p/itmf6cbf3d0b0a88","https://rukminim2.flixcart.com/image/312/312/xif0q/computer/j/0/w/-original-imahcd9nfuhzpc3h.jpeg?q=70","223"
"COMGPRSXHCG7YUGF","HP Intel Core i5 13th Gen 1340P - (16 GB/512 GB SSD/Windows 11 Home) 15-eg3027TU Thin and Light Laptop","HP","Intel Core i5 Processor (13th Gen)","16 GB DDR4 RAM","512 GB SSD","39.62 cm (15.6 Inch) Display","nan","64 bit Windows 11 Operating System","1 Year Onsite Warranty","竄ｹ69,500","竄ｹ94,999","26",\N,"6","1","No","https://www.flipkart.com/hp-intel-core-i5-13th-gen-1340p-16-gb-512-gb-ssd-windows-11-home-15-eg3027tu-thin-light-laptop/p/itmd03cc8dd8cb0e","https://rukminim2.flixcart.com/image/312/312/xif0q/computer/y/o/v/-original-imahcd9jyfvkzh2b.jpeg?q=70","224"
"COMHAGF2SNNEQFWH","HP Victus AMD Ryzen 9 Octa Core 8945HS - (16 GB/1 TB SSD/Windows 11 Home/8 GB Graphics/NVIDIA GeForce ...","HP","AMD Ryzen 9 Octa Core Processor","16 GB DDR5 RAM","1 TB SSD","39.62 cm (15.6 Inch) Display","nan","Windows 11 Operating System","1 Year Onsite Warranty","竄ｹ98,990","竄ｹ1,24,319","20","4.2","5","1","No","https://www.flipkart.com/hp-victus-amd-ryzen-9-octa-core-8945hs-16-gb-1-tb-ssd-windows-11-home-8-gb-graphics-nvidia-geforce-rtx-4060-15-fb3025ax-gaming-laptop/p/itmd4c2a449e9192","https://rukminim2.flixcart.com/image/312/312/xif0q/computer/w/d/i/-original-imahcd9qhnf92ahy.jpeg?q=70","225"
"COMH9Z3KHHHGKHQM","HP 14 G9 (2025) AMD Ryzen 5 Hexa Core 5625U - (8 GB/512 GB SSD/Windows 11 Home) 14 G9 Thin and Light L...","HP","AMD Ryzen 5 Hexa Core Processor","8 GB DDR4 RAM","512 GB SSD","35.56 cm (14 inch) Display","nan","64 bit Windows 11 Home Operating System","1 Year Onsite Warranty","竄ｹ38,990","竄ｹ62,009","37",\N,\N,\N,"No","https://www.flipkart.com/hp-14-g9-2025-amd-ryzen-5-hexa-core-5625u-8-gb-512-gb-ssd-windows-11-home-thin-light-laptop/p/itm58f73d415a555","https://rukminim2.flixcart.com/image/312/312/xif0q/computer/t/y/a/14-g9-thin-and-light-laptop-hp-original-imah9z35cuqjph92.jpeg?q=70","228"
"COMGYFMDSEKNTNFQ","HP Victus Intel Core i5 12th Gen 12450H - (16 GB/512 GB SSD/Windows 11 Home/4 GB Graphics/NVIDIA GeFor...","HP","Intel Core i5 Processor (12th Gen)","16 GB DDR4 RAM","512 GB SSD","39.62 cm (15.6 inch) Display","nan","Windows 11 Operating System","1 Year Onsite warranty","竄ｹ65,990","竄ｹ84,763","22","4.2","236","8","Yes","https://www.flipkart.com/hp-victus-intel-core-i5-12th-gen-12450h-16-gb-512-gb-ssd-windows-11-home-4-graphics-nvidia-geforce-rtx-2050-15-fa1099tx-gaming-laptop/p/itm3ef6fdacff19e","https://rukminim2.flixcart.com/image/312/312/xif0q/computer/k/a/t/-original-imahcd9jcyktpa38.jpeg?q=70","229"
"COMHY8KVCDNXVZH4","HP Victus Intel Core i5 12th Gen 12450H - (8 GB/512 GB SSD/Windows 11 Pro/4 GB Graphics/NVIDIA GeForce...","HP","Intel Core i5 Processor (12th Gen)","8 GB DDR4 RAM","512 GB SSD","39.62 cm (15.6 inch) Display","nan","Windows 11 Operating System","1 Year Onsite Warranty","竄ｹ59,450","竄ｹ75,142","20","4.2","236","8","No","https://www.flipkart.com/hp-victus-intel-core-i5-12th-gen-12450h-8-gb-512-gb-ssd-windows-11-pro-4-graphics-nvidia-geforce-rtx-2050-15-fa1312tx-gaming-laptop/p/itm3ef6fdacff19e","https://rukminim2.flixcart.com/image/312/312/xif0q/computer/k/a/t/-original-imahcd9jcyktpa38.jpeg?q=70","232"
"COMGGTT4VFWG3FFM","HP 14s Intel Core i3 11th Gen 1115G4 - (8 GB/512 GB SSD/Windows 11 Home) 14s - dy2508TU Thin and Light...","HP","Intel Core i3 Processor (11th Gen)","8 GB DDR4 RAM","512 GB SSD","35.56 cm (14 inch) Display","nan","64 bit Windows 11 Operating System","1 Year Onsite Warranty","竄ｹ38,990","竄ｹ49,509","21","4.3","12908","962","No","https://www.flipkart.com/hp-14s-intel-core-i3-11th-gen-1115g4-8-gb-512-gb-ssd-windows-11-home-dy2508tu-thin-light-laptop/p/itm42a82790cf5ec","https://rukminim2.flixcart.com/image/312/312/xif0q/computer/5/2/7/-original-imahcd9nhttkf8tc.jpeg?q=70","233"
"COMGYJF8ZUCGZJYP","HP AMD Ryzen 5 Quad Core 7520U - (16 GB/512 GB SSD/Windows 11 Home) 14-hr0000AU Thin and Light Laptop","HP","AMD Ryzen 5 Quad Core Processor","16 GB LPDDR5 RAM","512 GB SSD","35.56 cm (14 inch) Display","nan","64 bit Windows 11 Operating System","1 Year Onsite Warranty","竄ｹ49,990","竄ｹ61,990","19",\N,"3","0","No","https://www.flipkart.com/hp-amd-ryzen-5-quad-core-7520u-16-gb-512-gb-ssd-windows-11-home-14-hr0000au-thin-light-laptop/p/itmff676dfcd896a","https://rukminim2.flixcart.com/image/312/312/xif0q/computer/c/0/p/-original-imahcd9npkjw4hvf.jpeg?q=70","234"
"COMGRNGYYEX6Q6BZ","HP Victus AMD Ryzen 5 Hexa Core 5600H - (8 GB/512 GB SSD/Windows 11 Home/4 GB Graphics/AMD Radeon RX 6...","HP","AMD Ryzen 5 Hexa Core Processor","8 GB DDR4 RAM","512 GB SSD","39.62 cm (15.6 Inch) Display","nan","Windows 11 Operating System","1 Year Onsite Warranty","竄ｹ56,349","竄ｹ69,500","18","4.2","1748","143","No","https://www.flipkart.com/hp-victus-amd-ryzen-5-hexa-core-5600h-8-gb-512-gb-ssd-windows-11-home-4-graphics-amd-radeon-rx-6500m-15-fb0108ax-gaming-laptop/p/itmb91ad6452b1c7","https://rukminim2.flixcart.com/image/312/312/xif0q/computer/g/d/z/-original-imah5qcvxzc2xhgg.jpeg?q=70","238"
"COMGG3S93DSUQPMU","HP Intel Intel Core i5 12th Gen 1235U - (16 GB/512 GB SSD/Windows 11 Home) 14s - dy5005TU Thin and Lig...","HP","Intel Core i5 Processor (12th Gen)","16 GB DDR4 RAM","512 GB SSD","35.56 cm (14 inch) Display","nan","64 bit Windows 11 Operating System","1 Year Onsite Warranty","竄ｹ64,999","竄ｹ72,331","10","4.2","2233","168","No","https://www.flipkart.com/hp-intel-core-i5-12th-gen-1235u-16-gb-512-gb-ssd-windows-11-home-14s-dy5005tu-thin-light-laptop/p/itm9b0903edf2d24","https://rukminim2.flixcart.com/image/312/312/xif0q/computer/v/p/3/-original-imahcd9mrhwckaf7.jpeg?q=70","239"
"COMGZVGHGYG4A3V2","HP 15s Intel Core i3 13th Gen 1315U - (8 GB/512 GB SSD/Windows 11 Home) 15-fd0018TU Thin and Light Lap...","HP","Intel Core i3 Processor (13th Gen)","8 GB DDR4 RAM","512 GB SSD","39.62 cm (15.6 Inch) Display","nan","64 bit Windows 11 Operating System","1 Year Onsite Warranty","竄ｹ44,500","竄ｹ54,522","18","4.2","489","31","No","https://www.flipkart.com/hp-15s-intel-core-i3-13th-gen-1315u-8-gb-512-gb-ssd-windows-11-home-15-fd0018tu-thin-light-laptop/p/itmb55564db4e9b4","https://rukminim2.flixcart.com/image/312/312/xif0q/computer/r/a/c/-original-imagreh9cuzdgut9.jpeg?q=70","242"
"COMGCGSTZ7RFXWFM","HP Qualcomm Snapdragon 7c Gen 2 - (8 GB/128 GB EMMC Storage/Windows 11 Home) 14-eg0008qu Thin and Ligh...","HP","Qualcomm Snapdragon 7c Gen 2 Processor","8 GB LPDDR4X RAM","nan","35.56 cm (14 Inch) Display","nan","64 bit Windows 11 Operating System","1 Year Onsite Warranty","竄ｹ34,790","竄ｹ50,990","31",\N,\N,\N,"No","https://www.flipkart.com/hp-qualcomm-snapdragon-7c-gen-2-8-gb-128-gb-emmc-storage-windows-11-home-14-eg0008qu-thin-light-laptop/p/itm80acaeebab863","https://rukminim2.flixcart.com/image/312/312/l13whow0/computer/b/r/7/14-ed0007qu-laptop-hp-original-imagcqxpqnhjf6qj.jpeg?q=70","243"
"COMG67BXFFXYZSMZ","HP Pavilion AMD Ryzen 5 Hexa Core 5500U - (8 GB/512 GB SSD/Windows 11 Home) 15-eh1101AU Thin and Light...","HP","AMD Ryzen 5 Hexa Core Processor","8 GB DDR4 RAM","512 GB SSD","39.62 cm (15.6 Inch) Display","nan","64 bit Windows 11 Operating System","1 Year Onsite Warranty","竄ｹ52,992","竄ｹ70,419","24","4.3","245","34","No","https://www.flipkart.com/hp-pavilion-amd-ryzen-5-hexa-core-5500u-8-gb-512-gb-ssd-windows-11-home-15-eh1101au-thin-light-laptop/p/itmd7166635392d6","https://rukminim2.flixcart.com/image/312/312/xif0q/computer/u/0/h/15-eh1101au-thin-and-light-laptop-hp-original-imah26j3g6m77tph.jpeg?q=70","244"
"COMHBT5HSEYT4T7C","HP AMD Ryzen 3 Quad Core - (8 GB/512 GB SSD/Windows 11 Pro) 255 G10 Business Laptop","HP","AMD Ryzen 3 Quad Core Processor","8 GB DDR5 RAM","512 GB SSD","39.62 cm (15.6 inch) Display","nan","Windows 11 Operating System","nan","竄ｹ27,499","竄ｹ35,000","21",\N,\N,\N,"No","https://www.flipkart.com/hp-amd-ryzen-3-quad-core-8-gb-512-gb-ssd-windows-11-pro-255-g10-business-laptop/p/itmad1bf0ca1a385","https://rukminim2.flixcart.com/image/312/312/xif0q/computer/p/h/k/255-g10-business-laptop-hp-original-imahc6eac2yaacma.jpeg?q=70","245"
"COMHCY2NKZPHHGHT","HP AMD Ryzen 7 Octa Core 5825U - (16 GB/512 GB SSD/Windows 11 Home) 15-fc0476AU Thin and Light Laptop","HP","AMD Ryzen 7 Octa Core Processor","16 GB DDR4 RAM","512 GB SSD","39.62 cm (15.6 Inch) Display","nan","Windows 11 Home Operating System","1 Year Onsite Warranty","竄ｹ49,990","竄ｹ55,691","10","4.2","155","13","No","https://www.flipkart.com/hp-amd-ryzen-7-octa-core-5825u-16-gb-512-gb-ssd-windows-11-home-15-fc0476au-thin-light-laptop/p/itmfb0bb6960fa93","https://rukminim2.flixcart.com/image/312/312/xif0q/computer/w/l/x/15-fc0476au-thin-and-light-laptop-hp-original-imahcy32rg8bv5jb.jpeg?q=70","248"
"COMHCPKRGTA5Z7H2","HP 15 (2025) Intel Core i3 13th Gen 1315U - (16 GB/512 GB SSD/Windows 11 Home) 15 Thin and Light Lapto...","HP","Intel Core i3 Processor (13th Gen)","16 GB DDR4 RAM","512 GB SSD","39.62 cm (15.6 inch) Display","nan","64 bit Windows 11 Home Operating System","1 Year Onsite Warranty","竄ｹ35,990","竄ｹ64,990","44",\N,\N,\N,"No","https://www.flipkart.com/hp-15-2025-intel-core-i3-13th-gen-1315u-16-gb-512-gb-ssd-windows-11-home-thin-light-laptop/p/itm1c46e5a33b36d","https://rukminim2.flixcart.com/image/312/312/xif0q/computer/4/s/v/15-thin-and-light-laptop-hp-original-imahcpkrcmf773zb.jpeg?q=70","249"
"COMHCPHGZXJWVNX2","HP 15 (2025) AMD Athlon Dual Core 7120U - (8 GB/256 GB SSD/Windows 11 Home) 15 Thin and Light Laptop","HP","AMD Athlon Dual Core Processor","8 GB DDR4 RAM","256 GB SSD","39.62 cm (15.6 inch) Display","nan","64 bit Windows 11 Home Operating System","1 Year Onsite Warranty","竄ｹ24,490","竄ｹ44,990","45",\N,\N,\N,"No","https://www.flipkart.com/hp-15-2025-amd-athlon-dual-core-7120u-8-gb-256-gb-ssd-windows-11-home-thin-light-laptop/p/itm356259fbc5fcb","https://rukminim2.flixcart.com/image/312/312/xif0q/computer/5/q/y/15-thin-and-light-laptop-hp-original-imahcphgezhfhts2.jpeg?q=70","252"
"COMHBFRJXGNRQMRH","HP Intel Core i7 13th Gen 1355U - (16 GB/512 GB SSD/Windows 11 Home) 15-fd0515TU Thin and Light Laptop","HP","Intel Core i7 Processor (13th Gen)","16 GB DDR4 RAM","512 GB SSD","39.62 cm (15.6 Inch) Display","nan","Windows 11 Home Operating System","1 Year Onsite Warranty","竄ｹ69,990","竄ｹ83,034","15",\N,\N,\N,"No","https://www.flipkart.com/hp-intel-core-i7-13th-gen-1355u-16-gb-512-gb-ssd-windows-11-home-15-fd0515tu-thin-light-laptop/p/itm2753a84096332","https://rukminim2.flixcart.com/image/312/312/xif0q/computer/j/0/f/laptop-thin-and-light-laptop-hp-original-imahy9tqx5fuya5h.jpeg?q=70","253"
"COMHCPHQX9AJ87HZ","HP 15 (2025) AMD Athlon Dual Core 7120U - (8 GB/256 GB SSD/Windows 11 Pro) 15 Thin and Light Laptop","HP","AMD Athlon Dual Core Processor","8 GB DDR4 RAM","256 GB SSD","39.62 cm (15.6 inch) Display","nan","64 bit Windows 11 Operating System","1 Year Onsite Warranty","竄ｹ24,490","竄ｹ44,990","45",\N,\N,\N,"No","https://www.flipkart.com/hp-15-2025-amd-athlon-dual-core-7120u-8-gb-256-gb-ssd-windows-11-pro-thin-light-laptop/p/itmaa5f4f6144167","https://rukminim2.flixcart.com/image/312/312/xif0q/computer/m/1/y/15-thin-and-light-laptop-hp-original-imahcphqbf6fyche.jpeg?q=70","254"
"COMHCKEUHEYKRETG","HP 15 (2025) Intel Celeron Dual Core N4500 - (8 GB/512 GB SSD/Windows 11 Home) 15 Thin and Light Lapto...","HP","Intel Celeron Dual Core Processor","8 GB DDR4 RAM","512 GB SSD","39.62 cm (15.6 inch) Display","nan","64 bit Windows 11 Home Operating System","1 Year Onsite Warranty","竄ｹ25,490","竄ｹ44,990","43",\N,\N,\N,"No","https://www.flipkart.com/hp-15-2025-intel-celeron-dual-core-n4500-8-gb-512-gb-ssd-windows-11-home-thin-light-laptop/p/itmb3ffec5d55b8a","https://rukminim2.flixcart.com/image/312/312/xif0q/computer/v/l/7/15-thin-and-light-laptop-hp-original-imahckeutfgeqphz.jpeg?q=70","255"
"COMGEG3ZNYZDAYVJ","HP Pavilion Intel Core i5 12th Gen 1235U - (16 GB/512 GB SSD/Windows 11 Home) 14-dv2014TU Thin and Lig...","HP","Intel Core i5 Processor (12th Gen)","16 GB DDR4 RAM","512 GB SSD","35.56 cm (14 inch) Display","nan","64 bit Windows 11 Operating System","1 Year Onsite Warranty","竄ｹ63,990","竄ｹ73,688","13","4.3","2331","169","Yes","https://www.flipkart.com/hp-pavilion-intel-core-i5-12th-gen-1235u-16-gb-512-gb-ssd-windows-11-home-14-dv2014tu-thin-light-laptop/p/itmb4b81cd1f873f","https://rukminim2.flixcart.com/image/312/312/xif0q/computer/k/r/0/-original-imahcd9nfsnrsc6n.jpeg?q=70","258"
"COMHADYKJGEVTGYH","HP Pavilion Plus Laptop 14 Enhanced by AI With Backlit Intel Core Ultra 5 125H - (16 GB/512 GB SSD/Win...","HP","Intel Core Ultra 5 Processor","16 GB DDR5 RAM","512 GB SSD","35.56 cm (14 Inch) Display","nan","64 bit Windows 11 Operating System","1 Year Onsite Warranty","竄ｹ73,990","竄ｹ1,01,089","26",\N,\N,\N,"No","https://www.flipkart.com/hp-pavilion-plus-laptop-14-enhanced-ai-backlit-intel-core-ultra-5-125h-16-gb-512-gb-ssd-windows-11-home-14-ew1074tu/p/itme510f3e110723","https://rukminim2.flixcart.com/image/312/312/xif0q/computer/p/t/m/15-ew1074tu-laptop-hp-original-imahagfjfsv2xkmk.jpeg?q=70","259"
"COMGYAM9QQECTR6A","HP Pavilion Plus Intel Core i5 13th Gen 1335U - (16 GB/512 GB SSD/Windows 11 Home) 14-ew0116TU Thin an...","HP","Intel Core i5 Processor (13th Gen)","16 GB LPDDR5X RAM","512 GB SSD","35.56 cm (14 Inch) Display","nan","64 bit Windows 11 Operating System","1 Year Onsite Warranty","竄ｹ70,990","竄ｹ82,896","14","4.3","104","7","Yes","https://www.flipkart.com/hp-pavilion-plus-intel-core-i5-13th-gen-1335u-16-gb-512-gb-ssd-windows-11-home-14-ew0116tu-thin-light-laptop/p/itm565ffefa3cf12","https://rukminim2.flixcart.com/image/312/312/xif0q/computer/o/n/p/-original-imahcd9puyxfx4qg.jpeg?q=70","262"
"COMH63MAPPFRXUTC","HP Intel Core i5 12th Gen - (16 GB/512 GB SSD/Windows 11 Home) 15S-FY5009TU Thin and Light Laptop","HP","Intel Core i5 Processor (12th Gen)","16 GB DDR4 RAM","512 GB SSD","39.62 cm (15.6 inch) Display","nan","Windows 11 Home Operating System","1 Year Onsite Warranty","竄ｹ50,490","竄ｹ62,417","19","3.8","6","0","No","https://www.flipkart.com/hp-intel-core-i5-12th-gen-16-gb-512-gb-ssd-windows-11-home-15s-fy5009tu-thin-light-laptop/p/itm19a3a766f29d3","https://rukminim2.flixcart.com/image/312/312/xif0q/computer/j/t/h/15s-thin-and-light-laptop-hp-original-imah63mazz2cybjz.jpeg?q=70","263"
"COMGG63H9BFFUYVY","HP 14s Intel Core i3 11th Gen 1115G4 - (8 GB/256 GB SSD/Windows 11 Home) 14s - dy2507TU Thin and Light...","HP","Intel Core i3 Processor (11th Gen)","8 GB DDR4 RAM","256 GB SSD","35.56 cm (14 inch) Display","nan","64 bit Windows 11 Operating System","1 Year Onsite Warranty","竄ｹ36,990","竄ｹ47,278","21","4.3","12908","962","No","https://www.flipkart.com/hp-14s-intel-core-i3-11th-gen-1115g4-8-gb-256-gb-ssd-windows-11-home-dy2507tu-thin-light-laptop/p/itm3c618978e7a4d","https://rukminim2.flixcart.com/image/312/312/xif0q/computer/t/r/5/-original-imahcd9kzzegt977.jpeg?q=70","264"
"COMH62F59VXDHHUR","HP Pro G10 Intel Core i7 13th Gen 1335U Turbo Boost Technoly - (32 GB/1 TB SSD/Windows 11 Pro/1 GB Gra...","HP","Intel Core i7 Processor (13th Gen)","32 GB DDR4 RAM","1 TB SSD","35.56 cm (14 inch) Display","nan","64 bit Windows 11 Operating System","nan","竄ｹ80,980","竄ｹ99,590","18","4.3","26","5","No","https://www.flipkart.com/hp-pro-g10-intel-core-i7-13th-gen-1335u-turbo-boost-technoly-32-gb-1-tb-ssd-windows-11-pro-1-gb-graphics-240-notebook/p/itm0c132283824c1","https://rukminim2.flixcart.com/image/312/312/xif0q/computer/v/f/v/240-g9-notebook-hp-original-imah65nhz27wc88y.jpeg?q=70","265"
"COMFFG4HHNFEMGBC","HP 15q AMD APU Dual Core A9 A9-9425 - (4 GB/1 TB HDD/Windows 10 Home) 15q-dy0007AU Laptop","HP","AMD APU Dual Core A9 Processor","4 GB DDR4 RAM","1 TB HDD","39.62 cm (15.6 inch) Display","nan","64 bit Windows 10 Operating System","1 Year Onsite Warranty","竄ｹ26,790","竄ｹ27,451","2","4.1","13067","1597","No","https://www.flipkart.com/hp-15q-amd-apu-dual-core-a9-a9-9425-4-gb-1-tb-hdd-windows-10-home-15q-dy0007au-laptop/p/itm3bd1f2a8104b9","https://rukminim2.flixcart.com/image/312/312/k3dc7m80pkrrdj/computer-refurbished/g/t/f/windows-10-home-na-6al29pa-u-4-gb-apu-dual-core-a9-1-tb-15q-original-imafg9tsqupgg2qa.jpeg?q=70","269"
"COMGYSSUDKJKWFES","HP 15s Intel Core i5 11th Gen - (8 GB + 32 GB Optane/512 GB SSD/Windows 10 Home) 15s-FQ2071TU Thin and...","HP","Intel Core i5 Processor (11th Gen)","8 GB DDR4 RAM","512 GB SSD","39.62 cm (15.6 inch) Display","nan","64 bit Windows 10 Operating System","1 Year Domestic Brand Warranty on Device","竄ｹ45,990","竄ｹ59,999","23","4.3","1251","106","No","https://www.flipkart.com/hp-15s-intel-core-i5-11th-gen-8-gb-32-optane-512-ssd-windows-10-home-15s-fq2071tu-thin-light-laptop/p/itm7323545f1160d","https://rukminim2.flixcart.com/image/312/312/xif0q/computer/b/q/o/-original-imagp7pfhap2qqda.jpeg?q=70","272"
"COMHYBKGJTHGEA8Y","HP Omen Intel Core i7 13th Gen 13620H - (16 GB/1 TB SSD/Windows 11 Home/6 GB Graphics/NVIDIA GeForce R...","HP","Intel Core i7 Processor (13th Gen)","16 GB DDR5 RAM","1 TB SSD","40.89 cm (16.1 inch) Display","nan","64 bit Windows 11 Operating System","1 Year Onsite Warranty","竄ｹ99,990","竄ｹ1,39,389","28","4.3","49","6","Yes","https://www.flipkart.com/hp-omen-intel-core-i7-13th-gen-13620h-16-gb-1-tb-ssd-windows-11-home-6-gb-graphics-nvidia-geforce-rtx-4050-16-wd0011tx-gaming-laptop/p/itm0213ec9106c1c","https://rukminim2.flixcart.com/image/312/312/xif0q/computer/n/l/h/-original-imahcd9mswqhz2wu.jpeg?q=70","273"
"COMH9Z2R7CXD2WHE","HP 15 G9 (2025) AMD Ryzen 3 Dual Core 3250U - (8 GB/512 GB SSD/Windows 11 Pro) 15 G9 Thin and Light La...","HP","AMD Ryzen 3 Dual Core Processor","8 GB DDR4 RAM","512 GB SSD","39.62 cm (15.6 inch) Display","nan","64 bit Windows 11 Operating System","1 Year Onsite Warranty","竄ｹ26,840","竄ｹ46,990","42","5","3","1","Yes","https://www.flipkart.com/hp-15-g9-2025-amd-ryzen-3-dual-core-3250u-8-gb-512-gb-ssd-windows-11-pro-thin-light-laptop/p/itm25399a861c117","https://rukminim2.flixcart.com/image/312/312/xif0q/computer/8/a/z/15-g9-thin-and-light-laptop-hp-original-imah9z2rtb4dzrpr.jpeg?q=70","274"
"COMGRXGP2HCNQYHK","HP AMD Ryzen 3 Dual Core 3rd Gen - (8 GB/512 GB SSD/Windows 11 Home) 15S-EQ1550AU Laptop","HP","AMD Ryzen 3 Dual Core Processor (3rd Gen)","8 GB DDR4 RAM","512 GB SSD","39.62 cm (15.6 inch) Display","nan","Windows 11 Operating System","1-year warranty","竄ｹ31,200","竄ｹ40,720","23","3.9","19","1","No","https://www.flipkart.com/hp-amd-ryzen-3-dual-core-3rd-gen-8-gb-512-gb-ssd-windows-11-home-15s-eq1550au-laptop/p/itmf73695419f320","https://rukminim2.flixcart.com/image/312/312/xif0q/computer/s/j/x/15s-laptop-hp-original-imagrxgph9kh4ghv.jpeg?q=70","275"
"COMGZZUDYGD8M7WF","HP Pavilion 15 Intel Core i3 12th Gen 1215U - (8 GB/512 GB SSD/Windows 11 Home) 15-eg2017TU Thin and L...","HP","Intel Core i3 Processor (12th Gen)","8 GB DDR4 RAM","512 GB SSD","39.62 cm (15.6 Inch) Display","nan","Windows 11 Operating System","1 Year Onsite Warranty","竄ｹ51,990","竄ｹ58,175","10","4.3","216","23","Yes","https://www.flipkart.com/hp-pavilion-15-intel-core-i3-12th-gen-1215u-8-gb-512-gb-ssd-windows-11-home-15-eg2017tu-thin-light-laptop/p/itm4da3151dea189","https://rukminim2.flixcart.com/image/312/312/xif0q/computer/z/a/c/-original-imahcd9h5abzfnq8.jpeg?q=70","278"
"COMGSB2RHPFEZHG7","HP Pavilion AMD Ryzen 5 Hexa Core 5625U - (8 GB/512 GB SSD/Windows 11 Home) 15-eh2050au Thin and Light...","HP","AMD Ryzen 5 Hexa Core Processor","8 GB DDR4 RAM","512 GB SSD","39.62 cm (15.6 inch) Display","nan","Windows 11 Operating System","1 Year Onsite Warranty","竄ｹ55,990","竄ｹ61,887","9","3.8","31","3","No","https://www.flipkart.com/hp-pavilion-amd-ryzen-5-hexa-core-5625u-8-gb-512-gb-ssd-windows-11-home-15-eh2050au-thin-light-laptop/p/itmeec4b6b2d63e9","https://rukminim2.flixcart.com/image/312/312/xif0q/computer/u/l/8/-original-imahcd9rgpseptzy.jpeg?q=70","282"
"COMGG3S9ZPRYMXS5","HP 15s Intel Core i3 11th Gen 1115G4 - (8 GB/512 GB SSD/Windows 11 Home) 15s-fr2511TU Thin and Light L...","HP","Intel Core i3 Processor (11th Gen)","8 GB DDR4 RAM","512 GB SSD","39.62 cm (15.6 Inch) Display","nan","64 bit Windows 11 Operating System","1 Year Onsite Warranty","竄ｹ36,090","竄ｹ51,999","30","4.3","12908","962","No","https://www.flipkart.com/hp-15s-intel-core-i3-11th-gen-1115g4-8-gb-512-gb-ssd-windows-11-home-15s-fr2511tu-thin-light-laptop/p/itm129db83c32a71","https://rukminim2.flixcart.com/image/312/312/xif0q/computer/p/y/v/-original-imagphhhpk9f25ed.jpeg?q=70","283"
"COMG442GHMXS9YNX","HP Intel Intel Core i3 10th Gen 10110U - (8 GB/512 GB SSD/Windows 10 Home) 15s-DU1516TU Thin and Light...","HP","Intel Core i3 Processor (10th Gen)","8 GB DDR4 RAM","512 GB SSD","39.62 cm (15.6 inch) Display","nan","64 bit Windows 10 Operating System","1 Year Onsite Warranty","竄ｹ32,990","竄ｹ47,990","31","4.3","1482","137","No","https://www.flipkart.com/hp-intel-core-i3-10th-gen-10110u-8-gb-512-gb-ssd-windows-10-home-15s-du1516tu-thin-light-laptop/p/itmbc49178f1c68f","https://rukminim2.flixcart.com/image/312/312/xif0q/computer/y/l/p/-original-imagp7pfjzskhwan.jpeg?q=70","284"
"COMGU4ESBCCYT9VC","HP Intel Core i3 12th Gen - (8 GB/512 GB SSD/Windows 11 Home) 15s-fq5185TU Laptop","HP","Intel Core i3 Processor (12th Gen)","8 GB DDR4 RAM","512 GB SSD","39.62 cm (15.6 inch) Display","nan","Windows 11 Home Operating System","1 Year Manufacturer Warranty","竄ｹ35,499","竄ｹ46,861","24","4.2","80","4","No","https://www.flipkart.com/hp-intel-core-i3-12th-gen-8-gb-512-gb-ssd-windows-11-home-15s-fq5185tu-laptop/p/itm9bc4c76d1046c","https://rukminim2.flixcart.com/image/312/312/xif0q/computer/c/u/s/-original-imahcd9hggwsqsep.jpeg?q=70","285"
"COMGQRK4BKTZK5CC","HP 255 G9 AMD Athlon Dual Core AMD Athlon Silver-3050U - (4 GB/256 GB SSD/DOS) 255 G9 Thin and Light L...","HP","AMD Athlon Dual Core Processor","4 GB DDR4 RAM","256 GB SSD","39.62 cm (15.6 inch) Display","nan","DOS Operating System","1 year warranty","竄ｹ20,100","竄ｹ27,317","26","4","1751","130","No","https://www.flipkart.com/hp-255-g9-amd-athlon-dual-core-silver-3050u-4-gb-256-gb-ssd-dos-thin-light-laptop/p/itmffac8a2b263c2","https://rukminim2.flixcart.com/image/312/312/xif0q/computer/u/f/8/255-g8-notebook-hp-original-imagq6emcferpkfx.jpeg?q=70","289"
"COMHY9ZVCSSVN2PU","HP AI PC Intel Core Ultra 5 125H - (16 GB/512 GB SSD/Windows 11 Home) 15-fd1099TU Thin and Light Lapto...","HP","Intel Core Ultra 5 Processor","16 GB DDR5 RAM","512 GB SSD","39.62 cm (15.6 inch) Display","nan","Windows 11 Operating System","1 Year Onsite warranty","竄ｹ67,500","竄ｹ80,755","16","3.1","15","2","No","https://www.flipkart.com/hp-ai-pc-intel-core-ultra-5-125h-16-gb-512-gb-ssd-windows-11-home-15-fd1099tu-thin-light-laptop/p/itm2d17a5861a5e1","https://rukminim2.flixcart.com/image/312/312/xif0q/computer/f/9/i/-original-imahcd9jemnwgdzv.jpeg?q=70","292"
"COMGG63HBFDCHDBN","HP Intel Celeron Dual Core N4500 - (8 GB/256 GB SSD/Windows 11 Home) 14s-dq3037tu Thin and Light Lapto...","HP","Intel Celeron Dual Core Processor","8 GB DDR4 RAM","256 GB SSD","35.56 cm (14 inch) Display","nan","64 bit Windows 11 Operating System","1 Year Onsite Warranty","竄ｹ24,000","竄ｹ36,990","35","3.6","45","1","No","https://www.flipkart.com/hp-intel-celeron-dual-core-n4500-8-gb-256-gb-ssd-windows-11-home-14s-dq3037tu-thin-light-laptop/p/itmb3102840e38cc","https://rukminim2.flixcart.com/image/312/312/xif0q/computer/3/h/8/-original-imagp7pfhjzh6c8z.jpeg?q=70","293"
"COMGYFMD3GYK34ZS","HP ENVY AMD Ryzen 5 Hexa Core 8640HS - (16 GB/512 GB SSD/Windows 11 Home) 14-fa0038AU Thin and Light L...","HP","AMD Ryzen 5 Hexa Core Processor","16 GB LPDDR5 RAM","512 GB SSD","35.56 cm (14 inch) Touchscreen Display","nan","Windows 11 Operating System","1 Year Onsite warranty","竄ｹ89,990","竄ｹ99,148","9","3.4","7","0","No","https://www.flipkart.com/hp-envy-amd-ryzen-5-hexa-core-8640hs-16-gb-512-gb-ssd-windows-11-home-14-fa0038au-thin-light-laptop/p/itm2e233fa96fd90","https://rukminim2.flixcart.com/image/312/312/xif0q/computer/b/3/b/-original-imahcd9n2egxkgqn.jpeg?q=70","294"
"COMGNGEBH8WZCXZN","HP Pavilion Aero AMD Ryzen 5 Hexa Core 7535U - (16 GB/512 GB SSD/Windows 11 Home) 13-BE2057AU Thin and...","HP","AMD Ryzen 5 Hexa Core Processor","16 GB LPDDR5 RAM","512 GB SSD","33.78 cm (13.3 Inch) Display","nan","Windows 11 Operating System","1 Year Onsite Warranty","竄ｹ69,999","竄ｹ80,999","13","4.2","306","35","No","https://www.flipkart.com/hp-pavilion-aero-amd-ryzen-5-hexa-core-7535u-16-gb-512-gb-ssd-windows-11-home-13-be2057au-thin-light-laptop/p/itma52b6f1aa1339","https://rukminim2.flixcart.com/image/312/312/xif0q/computer/c/z/l/-original-imagwy8dgyecs6yd.jpeg?q=70","295"
"COMGGYEB8F8NP6ZX","HP Victus Intel Core i7 12th Gen 12650H - (16 GB/512 GB SSD/Windows 11 Home/4 GB Graphics/NVIDIA GeFor...","HP","Intel Core i7 Processor (12th Gen)","16 GB DDR4 RAM","512 GB SSD","39.62 cm (15.6 inch) Display","nan","64 bit Windows 11 Operating System","1 Year Onsite Warranty","竄ｹ74,890","竄ｹ1,11,990","33","3.6","16","1","No","https://www.flipkart.com/hp-victus-intel-core-i7-12th-gen-12650h-16-gb-512-gb-ssd-windows-11-home-4-graphics-nvidia-geforce-rtx-3050-15-fa0353tx-gaming-laptop/p/itm944e378eaed68","https://rukminim2.flixcart.com/image/312/312/l5bd5zk0/computer/o/l/w/15-fa0353tx-gaming-laptop-hp-original-imaggytdx6zpv6qg.jpeg?q=70","298"
"COMGYJYYA7FFRXZC","HP Chromebook MediaTek MT8183 - (4 GB/64 GB EMMC Storage/Chrome OS) 11A-NA0002MU Chromebook","HP","MediaTek MT8183 Processor","4 GB LPDDR4X RAM","nan","29.46 cm (11.6 inch) Touchscreen Display","nan","32 bit Chrome Operating System","1 Year Onsite Warranty","竄ｹ17,890","竄ｹ25,450","29","3.7","7349","600","No","https://www.flipkart.com/hp-chromebook-mediatek-mt8183-4-gb-64-gb-emmc-storage-chrome-os-11a-na0002mu/p/itmd49c881ebf1ac","https://rukminim2.flixcart.com/image/312/312/xif0q/computer/h/b/6/11a-na0002mu-chromebook-laptop-hp-original-imah47xukpa3hgxg.jpeg?q=70","299"
"COMGZNSBHNFH7HH5","HP Victus 15 AMD Ryzen 5 Hexa Core 5600H - (8 GB/512 GB SSD/Windows 11 Home/4 GB Graphics/NVIDIA GeFor...","HP","AMD Ryzen 5 Hexa Core Processor","8 GB DDR4 RAM","512 GB SSD","39.62 cm (15.6 Inch) Display","nan","64 bit Windows 11 Operating System","1 Year Onsite Warranty","竄ｹ53,990","竄ｹ61,726","12","4.3","157","14","No","https://www.flipkart.com/hp-victus-15-amd-ryzen-5-hexa-core-5600h-8-gb-512-gb-ssd-windows-11-home-4-graphics-nvidia-geforce-gtx-1650-15-fb0121ax-gaming-laptop/p/itmd48bb31d447ee","https://rukminim2.flixcart.com/image/312/312/xif0q/computer/k/k/l/15-fb0121ax-gaming-laptop-hp-original-imah36vb4xjum6hg.jpeg?q=70","302"
"COMGGKKZX7FC7GHU","HP Victus Intel Core i7 12th Gen 12650H - (8 GB/512 GB SSD/Windows 11 Home/4 GB Graphics/NVIDIA GeForc...","HP","Intel Core i7 Processor (12th Gen)","8 GB DDR4 RAM","512 GB SSD","39.62 cm (15.6 Inch) Display","nan","64 bit Windows 11 Operating System","1 Year Onsite Warranty","竄ｹ99,999","竄ｹ1,01,278","1","4.3","206","19","No","https://www.flipkart.com/hp-victus-intel-core-i7-12th-gen-12650h-8-gb-512-gb-ssd-windows-11-home-4-graphics-nvidia-geforce-rtx-3050-144-hz-15-fa0073tx-gaming-laptop/p/itm944e378eaed68","https://rukminim2.flixcart.com/image/312/312/xif0q/computer/p/r/m/-original-imahcyp6qknntpm2.jpeg?q=70","303"
"COMGRFZZ6CVYVZSJ","HP 841w6pa 255 g9 AMD Ryzen 3 Dual Core AMD Ryzen邃｢ 3 processor 3250U - (8 GB/512 GB SSD/DOS) 255 G8 La...","HP","AMD Ryzen 3 Dual Core Processor","8 GB DDR4 RAM","512 GB SSD","39.62 cm (15.6 inch) Display","nan","DOS Operating System","1 year Domestic warranty","竄ｹ29,899","竄ｹ41,999","28","4.1","74","7","No","https://www.flipkart.com/hp-841w6pa-255-g9-amd-ryzen-3-dual-core-ryzen-processor-3250u-8-gb-512-gb-ssd-dos-g8-laptop/p/itmffac8a2b263c2","https://rukminim2.flixcart.com/image/312/312/xif0q/computer/u/f/8/255-g8-notebook-hp-original-imagq6emcferpkfx.jpeg?q=70","304"
"COMGGYEBKK5K4UFG","HP Victus Intel Core i7 12th Gen 12650H - (8 GB/512 GB SSD/Windows 11 Home/4 GB Graphics/NVIDIA GeForc...","HP","Intel Core i7 Processor (12th Gen)","8 GB DDR4 RAM","512 GB SSD","39.62 cm (15.6 inch) Display","nan","64 bit Windows 11 Operating System","1 Year Onsite Warranty","竄ｹ79,999","竄ｹ1,03,490","22","4.1","12","1","No","https://www.flipkart.com/hp-victus-intel-core-i7-12th-gen-12650h-8-gb-512-gb-ssd-windows-11-home-4-graphics-nvidia-geforce-rtx-3050-15-fa0351tx-gaming-laptop/p/itm944e378eaed68","https://rukminim2.flixcart.com/image/312/312/l5bd5zk0/computer/o/l/w/15-fa0353tx-gaming-laptop-hp-original-imaggytdx6zpv6qg.jpeg?q=70","305"
"COMGEG3ZBTGC2VYW","HP Pavilion Intel Core i5 12th Gen 1235U - (8 GB/512 GB SSD/Windows 11 Home) 14-dv2053TU Thin and Ligh...","HP","Intel Core i5 Processor (12th Gen)","8 GB DDR4 RAM","512 GB SSD","35.56 cm (14 Inch) Display","nan","64 bit Windows 11 Operating System","1 Year Onsite Warranty","竄ｹ53,999","竄ｹ72,999","26","4.2","796","64","No","https://www.flipkart.com/hp-pavilion-intel-core-i5-12th-gen-1235u-8-gb-512-gb-ssd-windows-11-home-14-dv2053tu-thin-light-laptop/p/itm90796c0f2f8f1","https://rukminim2.flixcart.com/image/312/312/xif0q/computer/e/s/q/-original-imahcd9ku3vxvctd.jpeg?q=70","308"
"COMGGYEBVFGR2KZZ","HP Victus Intel Core i5 12th Gen 12450H - (8 GB/512 GB SSD/Windows 11 Home/4 GB Graphics/NVIDIA GeForc...","HP","Intel Core i5 Processor (12th Gen)","8 GB DDR4 RAM","512 GB SSD","39.62 cm (15.6 inch) Display","nan","64 bit Windows 11 Operating System","1 Year Onsite Warranty","竄ｹ65,790","竄ｹ93,019","29","4.1","8","0","No","https://www.flipkart.com/hp-victus-intel-core-i5-12th-gen-12450h-8-gb-512-gb-ssd-windows-11-home-4-graphics-nvidia-geforce-rtx-3050-15-fa0350tx-gaming-laptop/p/itm944e378eaed68","https://rukminim2.flixcart.com/image/312/312/l5bd5zk0/computer/o/l/w/15-fa0353tx-gaming-laptop-hp-original-imaggytdx6zpv6qg.jpeg?q=70","309"
"COMGNRNVW3HHPXFD","HP Chromebook Intel Celeron Dual Core N4500 - (4 GB/128 GB EMMC Storage/Chrome OS) 15a- na0012TU Chrom...","HP","Intel Celeron Dual Core Processor","4 GB LPDDR4X RAM","nan","39.62 cm (15.6 Inch) Display","nan","Chrome Operating System","1 Year Onsite Warranty","竄ｹ29,990","竄ｹ30,016",\N,"3.9","3073","367","No","https://www.flipkart.com/hp-chromebook-intel-celeron-dual-core-n4500-4-gb-128-gb-emmc-storage-chrome-os-15a-na0012tu/p/itm7d20974c3dfce","https://rukminim2.flixcart.com/image/312/312/xif0q/computer/w/f/m/15a-na0012tu-chromebook-hp-original-imah3bdtbnhbgtc2.jpeg?q=70","312"
"COMFZHFWBE7APPH2","HP 15s AMD Ryzen 3 Dual Core 3250U - (8 GB/1 TB HDD/256 GB SSD/Windows 10 Home) 15s-GR0012AU Laptop","HP","AMD Ryzen 3 Dual Core Processor","8 GB DDR4 RAM","1 TB HDD|256 GB SSD","39.62 cm (15.6 inch) Display","nan","64 bit Windows 10 Operating System","1 Year Onsite Warranty","竄ｹ33,790","竄ｹ47,600","29","4.3","4640","517","No","https://www.flipkart.com/hp-15s-amd-ryzen-3-dual-core-3250u-8-gb-1-tb-hdd-256-gb-ssd-windows-10-home-15s-gr0012au-laptop/p/itma3ecca3dba795","https://rukminim2.flixcart.com/image/312/312/kk2wl8w0/computer/z/u/5/hp-original-imafzgdgcbtxvjka.jpeg?q=70","313"
"COMG4ZYHDHHGFN9E","HP 15s AMD Ryzen 5 Quad Core 3500U - (8 GB/512 GB SSD/Windows 10 Home) 15s-gr0500AU Thin and Light Lap...","HP","AMD Ryzen 5 Quad Core Processor","8 GB DDR4 RAM","512 GB SSD","39.62 cm (15.6 inch) Display","nan","64 bit Windows 10 Operating System","1 Year Onsite Warranty","竄ｹ44,990","竄ｹ54,999","18","4.3","328","38","No","https://www.flipkart.com/hp-15s-amd-ryzen-5-quad-core-3500u-8-gb-512-gb-ssd-windows-10-home-15s-gr0500au-thin-light-laptop/p/itma3ecca3dba795","https://rukminim2.flixcart.com/image/312/312/kqttg280/computer/a/p/c/na-thin-and-light-laptop-hp-original-imag4r6xquheeasd.jpeg?q=70","314"
"COMGXVU3KGFBYEG3","HP OMEN 16 AMD Ryzen 7 Octa Core 7840HS - (16 GB/512 GB SSD/Windows 11 Home/8 GB Graphics/NVIDIA GeFor...","HP","AMD Ryzen 7 Octa Core Processor","16 GB DDR5 RAM","512 GB SSD","40.89 cm (16.1 inch) Display","nan","Windows 11 Operating System","1 Year Onsite warranty","竄ｹ1,03,200","竄ｹ1,44,999","28","4.7","11","1","No","https://www.flipkart.com/hp-omen-16-amd-ryzen-7-octa-core-7840hs-16-gb-512-gb-ssd-windows-11-home-8-graphics-nvidia-geforce-rtx-4060-16-xf0059ax-gaming-laptop/p/itmbe1c21e28741a","https://rukminim2.flixcart.com/image/312/312/xif0q/computer/7/5/w/-original-imahcd9z4snr7ubj.jpeg?q=70","315"
"COMGSB2RWWUFH2BY","HP Intel Core i5 12th Gen 1235U - (8 GB/512 GB SSD/Windows 11 Home) 15s-fq5202TU Thin and Light Laptop","HP","Intel Core i5 Processor (12th Gen)","8 GB DDR4 RAM","512 GB SSD","39.62 cm (15.6 inch) Display","nan","Windows 11 Operating System","1 Year Onsite Warranty","竄ｹ46,900","竄ｹ59,999","21","4.3","100","9","No","https://www.flipkart.com/hp-intel-core-i5-12th-gen-1235u-8-gb-512-gb-ssd-windows-11-home-15s-fq5202tu-thin-light-laptop/p/itm3a1a5c67dcd24","https://rukminim2.flixcart.com/image/312/312/xif0q/computer/h/i/k/-original-imagykgqgwuttdgc.jpeg?q=70","318"
"COMHY9ZVSTVJ3NQP","HP Intel Core 5 120U - (16 GB/512 GB SSD/Windows 11 Home) 15-fd1097TU Thin and Light Laptop","HP","Intel Core 5 Processor","16 GB DDR4 RAM","512 GB SSD","39.62 cm (15.6 inch) Display","nan","Windows 11 Operating System","1 Year Onsite warranty","竄ｹ62,990","竄ｹ77,337","18",\N,\N,\N,"No","https://www.flipkart.com/hp-intel-core-5-120u-16-gb-512-gb-ssd-windows-11-home-15-fd1097tu-thin-light-laptop/p/itm6fde2b6452d54","https://rukminim2.flixcart.com/image/312/312/xif0q/computer/f/p/k/-original-imahcd9mxbhqx2sh.jpeg?q=70","319"
"COMH8U9RXGBDKCYQ","HP Pavilion 14 X360 MSO 2024 Intel Core i5 13th Gen 1335U - (16 GB/1 TB SSD/Windows 11 Home) 14-ek1149...","HP","Intel Core i5 Processor (13th Gen)","16 GB DDR4 RAM","1 TB SSD","35.56 cm (14 inch) Touchscreen Display","nan","Windows 11 Home Operating System","1 Year Carry-in Warranty","竄ｹ80,990","竄ｹ1,01,788","20",\N,\N,\N,"No","https://www.flipkart.com/hp-pavilion-14-x360-mso-2024-intel-core-i5-13th-gen-1335u-16-gb-1-tb-ssd-windows-11-home-14-ek1149tu-2-1-laptop/p/itm1560b170cb029","https://rukminim2.flixcart.com/image/312/312/xif0q/computer/u/f/y/-original-imahcd9nqgft76fh.jpeg?q=70","322"
"COMGNGEBCMKXFR7F","HP Pavilion Aero AMD Ryzen 7 Octa Core 7735U - (16 GB/1 TB SSD/Windows 11 Home) 13-BE2048AU Thin and L...","HP","AMD Ryzen 7 Octa Core Processor","16 GB LPDDR5 RAM","1 TB SSD","33.78 cm (13.3 Inch) Display","nan","Windows 11 Operating System","1 Year Onsite Warranty","竄ｹ71,490","竄ｹ92,990","23","4.5","93","7","Yes","https://www.flipkart.com/hp-pavilion-aero-amd-ryzen-7-octa-core-7735u-16-gb-1-tb-ssd-windows-11-home-13-be2048au-thin-light-laptop/p/itmdf8679efc5053","https://rukminim2.flixcart.com/image/312/312/xif0q/computer/e/v/b/-original-imahcd9mgz5rhwbm.jpeg?q=70","325"
"COMGQY48TZHH3TUF","HP Intel Core i3 12th Gen 1215U - (8 GB/1 TB SSD/Windows 11 Home) 15s-fy5005TU Thin and Light Laptop","HP","Intel Core i3 Processor (12th Gen)","8 GB DDR4 RAM","1 TB SSD","39.62 cm (15.6 Inch) Display","nan","Windows 11 Operating System","1 Year Onsite Warranty","竄ｹ44,000","竄ｹ52,721","16","4","26","3","No","https://www.flipkart.com/hp-intel-core-i3-12th-gen-1215u-8-gb-1-tb-ssd-windows-11-home-15s-fy5005tu-thin-light-laptop/p/itm7b71c9ba3b88a","https://rukminim2.flixcart.com/image/312/312/xif0q/computer/1/o/r/-original-imagykgpmkuzk2hh.jpeg?q=70","329"
"COMHBJ99ZJNP4ZFG","HP 240R G9 Intel Core i3 13th Gen 1315U - (8 GB/512 GB SSD/DOS) B10MRAT Business Laptop","HP","Intel Core i3 Processor (13th Gen)","8 GB DDR4 RAM","512 GB SSD","35.56 cm (14 inch) Display","nan","64 bit DOS Operating System","1 Years Onsite Warranty","竄ｹ33,999","竄ｹ38,521","11",\N,\N,\N,"No","https://www.flipkart.com/hp-240r-g9-intel-core-i3-13th-gen-1315u-8-gb-512-gb-ssd-dos-b10mrat-business-laptop/p/itmb343d0b940e32","https://rukminim2.flixcart.com/image/312/312/xif0q/computer/z/4/b/240r-g9-business-laptop-hp-original-imahbj99ypp9rcgx.jpeg?q=70","332"
"COMGQTFCHAFT7D3H","HP Pavilion Plus Intel Core i5 13th Gen 1340P - (16 GB/512 GB SSD/Windows 11 Home) 14-eh1022TU Thin an...","HP","Intel Core i5 Processor (13th Gen)","16 GB LPDDR5 RAM","512 GB SSD","35.56 cm (14 Inch) Display","nan","Windows 11 Operating System","1 Year Onsite Warranty","竄ｹ71,990","竄ｹ94,990","24","4.1","61","9","No","https://www.flipkart.com/hp-pavilion-plus-intel-core-i5-13th-gen-1340p-16-gb-512-gb-ssd-windows-11-home-14-eh1022tu-thin-light-laptop/p/itm934e478c407d0","https://rukminim2.flixcart.com/image/312/312/xif0q/computer/c/i/0/14-eh1022tu-thin-and-light-laptop-hp-original-imah3crtyzndww8y.jpeg?q=70","333"
"COMG6UHHZEEQJFQN","HP Pavilion AMD Ryzen 5 Hexa Core 5500U - (16 GB/512 GB SSD/Windows 11 Home/2 GB Graphics) 14-ec0000AX...","HP","AMD Ryzen 5 Hexa Core Processor","16 GB DDR4 RAM","512 GB SSD","35.56 cm (14 inch) Display","nan","64 bit Windows 11 Home Operating System","1 Year Onsite Warranty","竄ｹ56,990","竄ｹ74,990","24","4.1","149","19","No","https://www.flipkart.com/hp-pavilion-amd-ryzen-5-hexa-core-5500u-16-gb-512-gb-ssd-windows-11-home-2-graphics-14-ec0000ax-thin-light-laptop/p/itmcaa4462925163","https://rukminim2.flixcart.com/image/312/312/xif0q/computer/g/u/x/14-ec0000ax-thin-and-light-laptop-hp-original-imah3crsyxuq2vrq.jpeg?q=70","334"
"COMGCGST8ZYGUDGT","HP Pavilion AMD Ryzen 5 Hexa Core 5625U - (8 GB/512 GB SSD/Windows 11 Home) 15-eh2018AU Thin and Light...","HP","AMD Ryzen 5 Hexa Core Processor","8 GB DDR4 RAM","512 GB SSD","39.62 cm (15.6 Inch) Display","nan","64 bit Windows 11 Operating System","1 Year Onsite Warranty","竄ｹ41,990","竄ｹ64,990","35","4.2","504","48","No","https://www.flipkart.com/hp-pavilion-amd-ryzen-5-hexa-core-5625u-8-gb-512-gb-ssd-windows-11-home-15-eh2018au-thin-light-laptop/p/itmdbf842a3a50ec","https://rukminim2.flixcart.com/image/312/312/xif0q/computer/z/o/1/-original-imahcd9h8um8zysj.jpeg?q=70","335"
"COMH2V5YTQTHVZGN","HP Intel Core N N200 - (8 GB/128 GB/Chrome OS) 14b-cd0012TU Chromebook","HP","Intel Core N Processor","8 GB LPDDR5 RAM","nan","35.56 cm (14 Inch) Touchscreen Display","nan","Chrome Operating System","1 Year Onsite Warranty","竄ｹ40,990","竄ｹ46,055","10",\N,"3","1","No","https://www.flipkart.com/hp-intel-core-n-n200-8-gb-128-gb-chrome-os-14b-cd0012tu-chromebook/p/itmae797b85bcdd8","https://rukminim2.flixcart.com/image/312/312/xif0q/computer/e/6/u/-original-imah39gh8f9stjmf.jpeg?q=70","338"
"COMH2V5YNZHJCYGK","HP Intel Core N N100 - (4 GB/128 GB/Chrome OS) 14b-cd0011TU Chromebook","HP","Intel Core N Processor","4 GB LPDDR5 RAM","nan","35.56 cm (14 Inch) Touchscreen Display","nan","Chrome Operating System","1 Year Onsite Warranty","竄ｹ35,990","竄ｹ41,207","12",\N,"3","0","No","https://www.flipkart.com/hp-intel-core-n-n100-4-gb-128-gb-chrome-os-14b-cd0011tu-chromebook/p/itmae797b85bcdd8","https://rukminim2.flixcart.com/image/312/312/xif0q/computer/e/6/u/-original-imah39gh8f9stjmf.jpeg?q=70","339"
"COMFU2RFHG7DAQDS","HP 15s Intel Core i3 10th Gen 1005G1 - (4 GB/1 TB HDD/256 GB SSD/Windows 11 Home) 15s-du2067TU Thin an...","HP","Intel Core i3 Processor (10th Gen)","4 GB DDR4 RAM","1 TB HDD|256 GB SSD","39.62 cm (15.6 inch) Display","nan","64 bit Windows 11 Home Operating System","1 Year Onsite Warranty","竄ｹ39,690","竄ｹ56,100","29","4.4","244","37","No","https://www.flipkart.com/hp-15s-intel-core-i3-10th-gen-1005g1-4-gb-1-tb-hdd-256-gb-ssd-windows-11-home-15s-du2067tu-thin-light-laptop/p/itmedc4210c718f5","https://rukminim2.flixcart.com/image/312/312/xif0q/computer/1/t/u/na-thin-and-light-laptop-hp-original-imah46z8hwavymx7.jpeg?q=70","342"
"COMGDN5WZZKSNWN5","HP 15s Intel Core i5 11th Gen 1135G7 - (8 GB/512 GB SSD/Windows 11 Home/2 GB Graphics) 15s-du3519TX Th...","HP","Intel Core i5 Processor (11th Gen)","8 GB DDR4 RAM","512 GB SSD","39.62 cm (15.6 Inch) Display","nan","64 bit Windows 11 Operating System","1 Year Onsite Warranty","竄ｹ48,990","竄ｹ74,990","34","3.8","39","0","No","https://www.flipkart.com/hp-15s-intel-core-i5-11th-gen-1135g7-8-gb-512-gb-ssd-windows-11-home-2-graphics-15s-du3519tx-thin-light-laptop/p/itm1ba3514c43d14","https://rukminim2.flixcart.com/image/312/312/l29c9e80/computer/5/1/r/15s-du3519tx-thin-and-light-laptop-hp-original-imagdn9fhmgsp9gh.jpeg?q=70","343"
"COMGA3HWJVQDZYGQ","HP 15s Intel Core i5 11th Gen 1135G7 - (8 GB/512 GB SSD/Windows 11 Home) 15s-du3517TU Thin and Light L...","HP","Intel Core i5 Processor (11th Gen)","8 GB DDR4 RAM","512 GB SSD","39.62 cm (15.6 inch) Display","nan","64 bit Windows 11 Operating System","1 Year Onsite Warranty","竄ｹ53,490","竄ｹ70,171","23","4.3","1033","86","Yes","https://www.flipkart.com/hp-15s-intel-core-i5-11th-gen-1135g7-8-gb-512-gb-ssd-windows-11-home-15s-du3517tu-thin-light-laptop/p/itm8a058adbb8764","https://rukminim2.flixcart.com/image/312/312/xif0q/computer/g/e/l/-original-imahcd9hzqqxyg7a.jpeg?q=70","344"
"COMGTJG9KRXAYFMV","HP Intel Core i3 12th Gen 1215U - (8 GB/512 GB SSD/Windows 11 Home) 15s-fy5006TU Thin and Light Laptop","HP","Intel Core i3 Processor (12th Gen)","8 GB DDR4 RAM","512 GB SSD","39.62 cm (15.6 Inch) Display","nan","Windows 11 Operating System","1 Year Onsite Warranty","竄ｹ37,990","竄ｹ49,149","22","4.1","618","36","No","https://www.flipkart.com/hp-intel-core-i3-12th-gen-1215u-8-gb-512-gb-ssd-windows-11-home-15s-fy5006tu-thin-light-laptop/p/itm518009fc70403","https://rukminim2.flixcart.com/image/312/312/xif0q/computer/t/d/z/-original-imagykgpzyhk3uha.jpeg?q=70","345"
"COMHACZNGFZQZPN6","HP OmniBook X Flip Next Gen AI PC Intel Core Ultra 5 226V - (16 GB/512 GB SSD/Windows 11 Home/8 GB Gra...","HP","Intel Core Ultra 5 Processor","16 GB LPDDR5X RAM","512 GB SSD","35.56 cm (14 Inch) Touchscreen Display","nan","Windows 11 Home Operating System","nan","竄ｹ1,07,990","竄ｹ1,25,841","14",\N,\N,\N,"No","https://www.flipkart.com/hp-omnibook-x-flip-next-gen-ai-pc-intel-core-ultra-5-226v-16-gb-512-gb-ssd-windows-11-home-8-graphics-14-fm0058tu-2-1-laptop/p/itmd7c2f53e71876","https://rukminim2.flixcart.com/image/312/312/xif0q/computer/e/3/b/-original-imahcd9zwz6ncjeg.jpeg?q=70","354"
"COMFRH6ZPGVVVJP6","HP 15s Intel Core i3 10th Gen 1005G1 - (4 GB/1 TB HDD/Windows 10 Home) 15s-du2069TU Thin and Light Lap...","HP","Intel Core i3 Processor (10th Gen)","4 GB DDR4 RAM","1 TB HDD","39.62 cm (15.6 inch) Display","nan","64 bit Windows 10 Operating System","1 Year Onsite Warranty","竄ｹ38,890","竄ｹ39,999","2","3.9","1285","162","No","https://www.flipkart.com/hp-15s-intel-core-i3-10th-gen-1005g1-4-gb-1-tb-hdd-windows-10-home-15s-du2069tu-thin-light-laptop/p/itmedc4210c718f5","https://rukminim2.flixcart.com/image/312/312/kbqu4cw0/computer/t/d/f/hp-original-imaftyzafphshjge.jpeg?q=70","355"
"COMGNRNVDFUG9HGG","HP Chromebook Intel Celeron Dual Core N4500 - (4 GB/128 GB EMMC Storage/Chrome OS) 15a- na0008TU Chrom...","HP","Intel Celeron Dual Core Processor","4 GB LPDDR4X RAM","nan","39.62 cm (15.6 Inch) Display","nan","Chrome Operating System","1 Year Onsite Warranty","竄ｹ29,990","竄ｹ30,016",\N,"3.9","3073","367","No","https://www.flipkart.com/hp-chromebook-intel-celeron-dual-core-n4500-4-gb-128-gb-emmc-storage-chrome-os-15a-na0008tu/p/itm687d107acda1e","https://rukminim2.flixcart.com/image/312/312/xif0q/computer/6/x/z/15a-na0008tu-chromebook-hp-original-imah3bdtfdfn9sxp.jpeg?q=70","358"
"COMGP8UQPGW5FYZP","HP 247 G8 AMD Ryzen 5 Dual Core 3500U - (8 GB/512 GB SSD/Windows 11 Home) 247 G8 Notebook","HP","AMD Ryzen 5 Dual Core Processor","8 GB DDR4 RAM","512 GB SSD","35.56 cm (14 inch) Display","nan","64 bit DOS Operating System","1 year warranty","竄ｹ36,990","竄ｹ63,426","41","4.1","78","6","No","https://www.flipkart.com/hp-247-g8-amd-ryzen-5-dual-core-3500u-8-gb-512-gb-ssd-windows-11-home-notebook/p/itm8f08c84a09fd8","https://rukminim2.flixcart.com/image/312/312/xif0q/computer/w/1/2/245-g8-notebook-hp-original-imagnyeszwpsmabc.jpeg?q=70","359"
"COMFXU6PENRCXGH9","HP 15s Intel Core i5 11th Gen 1135G7 - (8 GB/1 TB SSD/Windows 10 Home) 15s-FR2005TU Thin and Light Lap...","HP","Intel Core i5 Processor (11th Gen)","8 GB DDR4 RAM","1 TB SSD","39.62 cm (15.6 inch) Display","nan","64 bit Windows 10 Operating System","1 Year Onsite Warranty","竄ｹ55,990","竄ｹ77,999","28","4.4","142","21","No","https://www.flipkart.com/hp-15s-intel-core-i5-11th-gen-1135g7-8-gb-1-tb-ssd-windows-10-home-15s-fr2005tu-thin-light-laptop/p/itm169671aff88a4","https://rukminim2.flixcart.com/image/312/312/kdoup3k0/computer/e/v/p/hp-original-imafujjhdwjjh9j8.jpeg?q=70","362"
"COMFXB5FDKMGEAYR","HP 14s AMD Ryzen 5 Quad Core 3450U - (8 GB/512 GB SSD/Windows 10 Home) 14s-fr0012AU Thin and Light Lap...","HP","AMD Ryzen 5 Quad Core Processor","8 GB DDR4 RAM","512 GB SSD","35.56 cm (14 inch) Display","nan","64 bit Windows 10 Operating System","1 Year Onsite Warranty","竄ｹ45,990","竄ｹ51,990","11","4.5","171","27","No","https://www.flipkart.com/hp-14s-amd-ryzen-5-quad-core-3450u-8-gb-512-gb-ssd-windows-10-home-14s-fr0012au-thin-light-laptop/p/itm9760b8956b2bd","https://rukminim2.flixcart.com/image/312/312/khavrm80/computer/a/y/r/hp-original-imafxckqff7czgq7.jpeg?q=70","363"
"COMG2HKGZ8XJG9WA","HP 14s Intel Core i3 11th Gen - (8 GB/512 GB SSD/Windows 11 Home) 14s- DR2015TU Thin and Light Laptop","HP","Intel Core i3 Processor (11th Gen)","8 GB DDR4 RAM","512 GB SSD","35.56 cm (14 inch) Display","nan","64 bit Windows 11 Home Operating System","1 Year Onsite Warranty","竄ｹ38,990","竄ｹ53,490","27","4.3","459","52","No","https://www.flipkart.com/hp-14s-intel-core-i3-11th-gen-8-gb-512-gb-ssd-windows-11-home-14s-dr2015tu-thin-light-laptop/p/itm169671aff88a4","https://rukminim2.flixcart.com/image/312/312/xif0q/computer/h/a/a/-original-imahcd9qg7g5nse3.jpeg?q=70","369"
"COMHACZNAV5BGE74","HP OmniBook X Flip Next Gen AI PC Intel Core Ultra 7 258V - (32 GB/1 TB SSD/Windows 11 Home/16 GB Grap...","HP","Intel Core Ultra 7 Processor","32 GB LPDDR5X RAM","1 TB SSD","35.56 cm (14 Inch) Touchscreen Display","nan","Windows 11 Home Operating System","nan","竄ｹ1,38,990","竄ｹ1,60,689","13",\N,\N,\N,"No","https://www.flipkart.com/hp-omnibook-x-flip-next-gen-ai-pc-intel-core-ultra-7-258v-32-gb-1-tb-ssd-windows-11-home-16-gb-graphics-14-fm0029tu-2-1-laptop/p/itm1f5c3df864957","https://rukminim2.flixcart.com/image/312/312/xif0q/computer/4/g/9/-original-imahcd9nhz4pjfgq.jpeg?q=70","372"
"COMFZ4TUFA33AC7Y","HP 15s Intel Core i3 11th Gen 1115G4 - (8 GB/1 TB HDD/Windows 10 Home) 15s-du3038TU Thin and Light Lap...","HP","Intel Core i3 Processor (11th Gen)","8 GB DDR4 RAM","1 TB HDD","39.62 cm (15.6 inch) Display","nan","64 bit Windows 10 Operating System","1 Year Onsite Warranty","竄ｹ37,999","竄ｹ46,999","19","4","2454","302","No","https://www.flipkart.com/hp-15s-intel-core-i3-11th-gen-1115g4-8-gb-1-tb-hdd-windows-10-home-15s-du3038tu-thin-light-laptop/p/itmd6f033a4d0056","https://rukminim2.flixcart.com/image/312/312/kjlrb0w0/computer/c/7/y/hp-original-imafz4uychtxgbwh.jpeg?q=70","373"
"COMGZNSBHXBGPG4X","HP Pavilion Intel Core i5 13th Gen 1340P - (16 GB/512 GB SSD/Windows 11 Home) 15-eg3026TU Thin and Lig...","HP","Intel Core i5 Processor (13th Gen)","16 GB DDR4 RAM","512 GB SSD","39.62 cm (15.6 Inch) Display","nan","64 bit Windows 11 Operating System","1 Year Onsite Warranty","竄ｹ63,990","竄ｹ81,999","21","3.8","45","6","No","https://www.flipkart.com/hp-pavilion-intel-core-i5-13th-gen-1340p-16-gb-512-gb-ssd-windows-11-home-15-eg3026tu-thin-light-laptop/p/itmea28b3cf69d8b","https://rukminim2.flixcart.com/image/312/312/xif0q/computer/1/r/5/-original-imah3nznjgnbykgq.jpeg?q=70","375"
"COMH8VXVXPVQTHHR","ASUS Vivobook Go 15 AMD Ryzen 5 Quad Core 7520U - (16 GB/512 GB SSD/Windows 11 Home) E1504FA-NJ5542WS ...","ASUS","AMD Ryzen 5 Quad Core Processor","16 GB LPDDR5 RAM","512 GB SSD","39.62 cm (15.6 inch) Display","nan","Windows 11 Home Operating System","1 Year Carry-in Warranty","竄ｹ41,980","竄ｹ55,990","25","4.2","1065","75","Yes","https://www.flipkart.com/asus-vivobook-go-15-amd-ryzen-5-quad-core-7520u-16-gb-512-gb-ssd-windows-11-home-e1504fa-nj5542ws-thin-light-laptop/p/itm135fd376d1e3a","https://rukminim2.flixcart.com/image/312/312/xif0q/computer/t/w/v/-original-imahcd9hrkcvfury.jpeg?q=70","377"
"COMGDTTDZ8DJESMA","HP Pavilion Eyesafe Intel Core i5 12th Gen 1240P - (16 GB/512 GB SSD/Windows 11 Home) EG2036TU Thin an...","HP","Intel Core i5 Processor (12th Gen)","16 GB DDR4 RAM","512 GB SSD","39.62 cm (15.6 inch) Display","nan","64 bit Windows 11 Operating System","1 Year Onsite Warranty","竄ｹ67,990","竄ｹ83,710","18","4.1","130","15","No","https://www.flipkart.com/hp-pavilion-eyesafe-intel-core-i5-12th-gen-1240p-16-gb-512-gb-ssd-windows-11-home-eg2036tu-thin-light-laptop/p/itm183b0ce26ff87","https://rukminim2.flixcart.com/image/312/312/xif0q/computer/h/r/x/-original-imahcd9nbrfez53v.jpeg?q=70","379"
"COMGYZPAXQRJYJE3","HP 14s Intel Core i3 11th Gen - (8 GB/256 GB SSD/Windows 11 Home) 14s-dy2500TU Thin and Light Laptop","HP","Intel Core i3 Processor (11th Gen)","8 GB DDR4 RAM","256 GB SSD","35.56 cm (14 inch) Display","nan","64 bit Windows 11 Operating System","1 Year Onsite Warranty","竄ｹ34,990","竄ｹ43,595","19","4.3","1598","198","No","https://www.flipkart.com/hp-14s-intel-core-i3-11th-gen-8-gb-256-gb-ssd-windows-11-home-14s-dy2500tu-thin-light-laptop/p/itmd402bd7a16929","https://rukminim2.flixcart.com/image/312/312/xif0q/computer/e/c/t/-original-imahcd9dhmhgbrvr.jpeg?q=70","382"
"COMHA9GUWFFBZZFG","HP OmniBook 7 Aero AMD Ryzen AI 7 Octa Core AI 7 350 - (16 GB/512 GB SSD/Windows 11 Home) 13-bg1456AU ...","HP","AMD Ryzen AI 7 Octa Core Processor","16 GB LPDDR5X RAM","512 GB SSD","33.78 cm (13.3 Inch) Display","nan","Windows 11 Operating System","nan","竄ｹ89,990","竄ｹ1,06,308","15",\N,\N,\N,"No","https://www.flipkart.com/hp-omnibook-7-aero-amd-ryzen-ai-octa-core-350-16-gb-512-gb-ssd-windows-11-home-13-bg1456au-thin-light-laptop/p/itm0e77f01f6fad1","https://rukminim2.flixcart.com/image/312/312/xif0q/computer/e/k/a/-original-imahd6xujqmzzhtj.jpeg?q=70","383"
"COMGHR2J89DACRHH","HP Spectre Eyesafe Evo Intel Core i7 12th Gen 1255U - (16 GB/512 GB SSD/Windows 11 Home) ef0053TU Note...","HP","Intel Core i7 Processor (12th Gen)","16 GB LPDDR4X RAM","512 GB SSD","34.29 cm (13.5 inch) Display","nan","64 bit Windows 11 Operating System","1 Year Onsite Warranty","竄ｹ1,29,990","竄ｹ1,46,135","11","4.7","12","4","No","https://www.flipkart.com/hp-spectre-eyesafe-evo-intel-core-i7-12th-gen-1255u-16-gb-512-gb-ssd-windows-11-home-ef0053tu-notebook/p/itmd4f54702aa219","https://rukminim2.flixcart.com/image/312/312/xif0q/computer/g/c/s/-original-imahcd9gh7hkyft9.jpeg?q=70","384"
"COMGPYFDUWSFWKWR","HP VICTUS 15 Intel Core i5 12th Gen 12450H - (16 GB/512 GB SSD/Windows 11 Home/4 GB Graphics/NVIDIA Ge...","HP","Intel Core i5 Processor (12th Gen)","16 GB DDR4 RAM","512 GB SSD","39.62 cm (15.6 inch) Display","nan","Windows 11 Operating System","1 Year Warranty","竄ｹ73,990","竄ｹ93,498","20","4.4","242","25","No","https://www.flipkart.com/hp-victus-15-intel-core-i5-12th-gen-12450h-16-gb-512-gb-ssd-windows-11-home-4-graphics-nvidia-geforce-rtx-3050-4gb-graphics-card-15-fa0555tx-gaming-laptop/p/itm37d4e3cd4f62e","https://rukminim2.flixcart.com/image/312/312/xif0q/computer/j/e/p/-original-imahcd9naezqurfg.jpeg?q=70","385"
"COMGBH9JHSDZJV9R","HP 15s Intel Core i3 11th Gen 1125G4 - (8 GB/256 GB SSD/Windows 11 Home) 15s-fq2626TU Thin and Light L...","HP","Intel Core i3 Processor (11th Gen)","8 GB DDR4 RAM","256 GB SSD","39.62 cm (15.6 inch) Display","nan","64 bit Windows 11 Operating System","1 Year Onsite Warranty","竄ｹ37,455","竄ｹ41,999","10","4.4","92","10","No","https://www.flipkart.com/hp-15s-intel-core-i3-11th-gen-1125g4-8-gb-256-gb-ssd-windows-11-home-15s-fq2626tu-thin-light-laptop/p/itm1051f28c6fb93","https://rukminim2.flixcart.com/image/312/312/xif0q/computer/c/1/y/-original-imagp7pgfzfhavj7.jpeg?q=70","388"
"COMG26RVDKRABXJH","HP 15s AMD Ryzen 5 Hexa Core 4500U - (8 GB/256 GB SSD/Windows 10 Home) 15s-ey1004AU Thin and Light Lap...","HP","AMD Ryzen 5 Hexa Core Processor","8 GB DDR4 RAM","256 GB SSD","39.62 cm (15.6 inch) Display","nan","64 bit Windows 10 Operating System","1 Year Onsite Warranty","竄ｹ43,990","竄ｹ55,990","21","4.4","479","58","No","https://www.flipkart.com/hp-15s-amd-ryzen-5-hexa-core-4500u-8-gb-256-gb-ssd-windows-10-home-15s-ey1004au-thin-light-laptop/p/itmd6f033a4d0056","https://rukminim2.flixcart.com/image/312/312/k7531jk0/computer/e/a/h/hp-original-imafpfs893zu5mhb.jpeg?q=70","389"
"COMHCKB9ST2S7NGT","HP 14 G8 (2025) Intel Core i3 11th Gen 1115G4 - (16 GB/512 GB SSD/Windows 11 Pro) 14 G8 Thin and Light...","HP","Intel Core i3 Processor (11th Gen)","16 GB DDR4 RAM","512 GB SSD","35.56 cm (14 inch) Display","nan","64 bit Windows 11 Operating System","1 Year Onsite Warranty","竄ｹ31,990","竄ｹ54,990","41",\N,\N,\N,"No","https://www.flipkart.com/hp-14-g8-2025-intel-core-i3-11th-gen-1115g4-16-gb-512-gb-ssd-windows-11-pro-thin-light-laptop/p/itm5bf5977e6b09d","https://rukminim2.flixcart.com/image/312/312/xif0q/computer/u/h/4/14-g8-thin-and-light-laptop-hp-original-imahckb9pesqykb5.jpeg?q=70","392"
"COMGQTFCVEVPJ2CK","HP Envy x360 Intel Core i7 13th Gen 1355U - (16 GB/1 TB SSD/Windows 11 Home/4 GB Graphics) 15-fe0014TX...","HP","Intel Core i7 Processor (13th Gen)","16 GB LPDDR5 RAM","1 TB SSD","39.62 cm (15.6 Inch) Touchscreen Display","nan","Windows 11 Operating System","1 Year Onsite Warranty","竄ｹ1,38,490","竄ｹ1,49,588","7","4.5","11","1","Yes","https://www.flipkart.com/hp-envy-x360-intel-core-i7-13th-gen-1355u-16-gb-1-tb-ssd-windows-11-home-4-gb-graphics-15-fe0014tx-laptop/p/itm7ab295ffb2f9b","https://rukminim2.flixcart.com/image/312/312/xif0q/computer/x/j/r/-original-imahcd9mdhnrkxmz.jpeg?q=70","393"
"COMG8N9HR7TJCW5K","HP Victus AMD Ryzen 7 Octa Core 5800H - (16 GB/1 TB SSD/Windows 11 Home/6 GB Graphics/NVIDIA GeForce R...","HP","AMD Ryzen 7 Octa Core Processor","16 GB DDR4 RAM","1 TB SSD","40.89 cm (16.1 inch) Display","nan","64 bit Windows 11 Operating System","1 Year Onsite Warranty","竄ｹ88,990","竄ｹ1,21,459","26","5","4","1","No","https://www.flipkart.com/hp-victus-amd-ryzen-7-octa-core-5800h-16-gb-1-tb-ssd-windows-11-home-6-gb-graphics-nvidia-geforce-rtx-3060-16-e0362ax-gaming-laptop/p/itmf5c37bfcd4f5c","https://rukminim2.flixcart.com/image/312/312/kvvad8w0/computer/m/k/t/16-e0362ax-gaming-laptop-hp-original-imag8zh5mbczsxws.jpeg?q=70","394"
"COMGK3GKQYZHPRFN","HP AMD Ryzen 3 Dual Core - (8 GB/256 GB SSD/Windows 11 Home) 15S-ER1501AU Laptop","HP","AMD Ryzen 3 Dual Core Processor","8 GB DDR4 RAM","256 GB SSD","39.62 cm (15.6 inch) Display","nan","Windows 11 Operating System","nan","竄ｹ29,990","竄ｹ43,628","31","4","259","24","No","https://www.flipkart.com/hp-amd-ryzen-3-dual-core-8-gb-256-gb-ssd-windows-11-home-15s-er1501au-laptop/p/itmf080809bac9e9","https://rukminim2.flixcart.com/image/312/312/xif0q/computer/d/o/e/er1501au-laptop-hp-original-imagk3gktwtrz9kt.jpeg?q=70","395"
"COMGRDEXFPKNER34","HP 255 G9 841W6pa AMD Ryzen 3 Dual Core - (8 GB/512 GB SSD/DOS) 6E3Z0PA Laptop","HP","AMD Ryzen 3 Dual Core Processor","8 GB DDR4 RAM","512 GB SSD","39.62 cm (15.6 inch) Display","nan","DOS Operating System","nan","竄ｹ28,445","竄ｹ37,499","24","3.9","356","23","No","https://www.flipkart.com/hp-255-g9-841w6pa-amd-ryzen-3-dual-core-8-gb-512-gb-ssd-dos-6e3z0pa-laptop/p/itm4beacda3f5a12","https://rukminim2.flixcart.com/image/312/312/xif0q/computer/z/e/i/255-g8-laptop-hp-original-imagrfr3trshn7eg.jpeg?q=70","398"
"COMG8N9HRE7QYYBE","HP Victus AMD Ryzen 7 Octa Core 5800H - (16 GB/512 GB SSD/Windows 11 Home/4 GB Graphics/NVIDIA GeForce...","HP","AMD Ryzen 7 Octa Core Processor","16 GB DDR4 RAM","512 GB SSD","40.89 cm (16.1 inch) Display","nan","64 bit Windows 11 Operating System","1 Year Onsite Warranty","竄ｹ78,990","竄ｹ95,990","17","4.4","20","1","No","https://www.flipkart.com/hp-victus-amd-ryzen-7-octa-core-5800h-16-gb-512-gb-ssd-windows-11-home-4-graphics-nvidia-geforce-rtx-3050-16-e0351ax-gaming-laptop/p/itmf5c37bfcd4f5c","https://rukminim2.flixcart.com/image/312/312/kvvad8w0/computer/m/k/t/16-e0362ax-gaming-laptop-hp-original-imag8zh5mbczsxws.jpeg?q=70","399"
"COMG26RVFGZGDE9D","HP 14s AMD Ryzen 3 Quad Core 4300U - (8 GB/512 GB SSD/Windows 10 Home) 14s-fr0016AU Thin and Light Lap...","HP","AMD Ryzen 3 Quad Core Processor","8 GB DDR4 RAM","512 GB SSD","35.56 cm (14 inch) Display","nan","64 bit Windows 10 Operating System","1 Year Onsite Warranty","竄ｹ36,990","竄ｹ44,990","17","4.4","1482","186","No","https://www.flipkart.com/hp-14s-amd-ryzen-3-quad-core-4300u-8-gb-512-gb-ssd-windows-10-home-14s-fr0016au-thin-light-laptop/p/itmc85ad5a7655c4","https://rukminim2.flixcart.com/image/312/312/xif0q/computer/k/b/8/15s-fr4000tu-thin-and-light-laptop-hp-original-imaghrcwmt7v5svk.jpeg?q=70","402"
"COMGYAM9YHSESQMH","HP AMD Ryzen 5 Hexa Core 7530U - (8 GB/512 GB SSD/Windows 11 Home) 15-fh0014AU Laptop","HP","AMD Ryzen 5 Hexa Core Processor","8 GB LPDDR5 RAM","512 GB SSD","39.62 cm (15.6 Inch) Touchscreen Display","nan","64 bit Windows 11 Operating System","1 Year Onsite Warranty","竄ｹ78,990","竄ｹ84,390","6",\N,\N,\N,"No","https://www.flipkart.com/hp-amd-ryzen-5-hexa-core-7530u-8-gb-512-gb-ssd-windows-11-home-15-fh0014au-laptop/p/itmfca1755583aec","https://rukminim2.flixcart.com/image/312/312/xif0q/computer/h/p/s/-original-imahcd9mquutvzjh.jpeg?q=70","403"
"COMGQE3JJBXFGNHM","HP Intel Core i5 11th Gen - (16 GB/512 GB SSD/Windows 11 Home) 16-D0314TX Laptop","HP","Intel Core i5 Processor (11th Gen)","16 GB DDR4 RAM","512 GB SSD","40.89 cm (16.1 inch) Display","nan","Windows 11 Operating System","1-year manufacturing warranty","竄ｹ50,490","竄ｹ75,980","33",\N,\N,\N,"No","https://www.flipkart.com/hp-intel-core-i5-11th-gen-16-gb-512-gb-ssd-windows-11-home-16-d0314tx-laptop/p/itmf080809bac9e9","https://rukminim2.flixcart.com/image/312/312/xif0q/computer/2/4/d/victus-16-laptop-hp-original-imagqe3jxsshcsyk.jpeg?q=70","404"
"COMFZGSZUG754EAH","HP 15s AMD Ryzen 5 Quad Core 3500U - (8 GB/512 GB SSD/Windows 10 Home) 15s-eq0500AU Thin and Light Lap...","HP","AMD Ryzen 5 Quad Core Processor","8 GB DDR4 RAM","512 GB SSD","39.62 cm (15.6 inch) Display","nan","64 bit Windows 10 Operating System","1 Year Onsite Warranty","竄ｹ44,990","竄ｹ51,990","13","4.5","1681","344","No","https://www.flipkart.com/hp-15s-amd-ryzen-5-quad-core-3500u-8-gb-512-gb-ssd-windows-10-home-15s-eq0500au-thin-light-laptop/p/itmd6f033a4d0056","https://rukminim2.flixcart.com/image/312/312/k7531jk0/computer/e/a/h/hp-original-imafpfs893zu5mhb.jpeg?q=70","405"
"COMGH2NJZQYBNZAX","HP Pavilion x360 Intel Core i5 12th Gen 1235U - (16 GB/512 GB SSD/Windows 11 Home) 14-ek0072TU Thin an...","HP","Intel Core i5 Processor (12th Gen)","16 GB DDR4 RAM","512 GB SSD","35.56 cm (14 Inch) Touchscreen Display","nan","Windows 11 Operating System","1 Year Onsite Warranty","竄ｹ79,850","竄ｹ85,800","6","3.2","10","2","No","https://www.flipkart.com/hp-pavilion-x360-intel-core-i5-12th-gen-1235u-16-gb-512-gb-ssd-windows-11-home-14-ek0072tu-thin-light-laptop/p/itmdaa81d3de3a9c","https://rukminim2.flixcart.com/image/312/312/xif0q/computer/o/c/o/14-ek0072tu-thin-and-light-laptop-hp-original-imaghqbpkcggcqh4.jpeg?q=70","409"
"COMGCNDPKPCKGGQZ","HP x360 Pavilion with pen Intel Core i7 11th Gen 1195G7 - (16 GB/512 GB SSD/Windows 11 Home) 14-dy1047...","HP","Intel Core i7 Processor (11th Gen)","16 GB DDR4 RAM","512 GB SSD","35.56 cm (14 inch) Touchscreen Display","nan","64 bit Windows 11 Operating System","1 Year Onsite Warranty","竄ｹ82,990","竄ｹ99,533","16","3.9","39","2","No","https://www.flipkart.com/hp-x360-pavilion-pen-intel-core-i7-11th-gen-1195g7-16-gb-512-gb-ssd-windows-11-home-14-dy1047tu-thin-light-laptop/p/itm2a54c9548b613","https://rukminim2.flixcart.com/image/312/312/l12h1u80/computer/2/s/q/14-dy1048tu-thin-and-light-laptop-hp-original-imagcpuvfpshgd7q.jpeg?q=70","412"
"COMGQGBUTVS7HMTB","HP AMD Ryzen 5 Quad Core - (8 GB/512 GB SSD/DOS) 247 G8 Thin and Light Laptop","HP","AMD Ryzen 5 Quad Core Processor","8 GB DDR4 RAM","512 GB SSD","35.56 cm (14 inch) Display","nan","DOS Operating System","nan","竄ｹ35,990","竄ｹ51,999","30","3.9","14","0","No","https://www.flipkart.com/hp-amd-ryzen-5-quad-core-8-gb-512-gb-ssd-dos-247-g8-thin-light-laptop/p/itmd5f2606fb56e9","https://rukminim2.flixcart.com/image/312/312/xif0q/computer/k/r/q/hp-thin-and-light-laptop-hp-original-imagqhf49qbzq9g6.jpeg?q=70","413"
"COMGEVBGVFVBFJHE","HP Victus Intel Core i5 11th Gen 11400H - (8 GB/512 GB SSD/Windows 11 Home/4 GB Graphics/NVIDIA GeForc...","HP","Intel Core i5 Processor (11th Gen)","8 GB DDR4 RAM","512 GB SSD","40.89 cm (16.1 inch) Display","nan","64 bit Windows 11 Operating System","1 Year Onsite Warranty","竄ｹ60,999","竄ｹ77,190","20","4.4","413","57","Yes","https://www.flipkart.com/hp-victus-intel-core-i5-11th-gen-11400h-8-gb-512-gb-ssd-windows-11-home-4-graphics-nvidia-geforce-rtx-3050-144-hz-16-d0354tx-gaming-laptop/p/itm1447bbb189fb9","https://rukminim2.flixcart.com/image/312/312/xif0q/computer/u/g/k/-original-imahcd9mgetsujw8.jpeg?q=70","414"
"COMGH2WT8TVQ5H6T","HP Envy x360 Creator OLED Eyesafe Evo Intel Core i5 12th Gen 1230U - (16 GB/512 GB SSD/Windows 11 Home...","HP","Intel Core i5 Processor (12th Gen)","16 GB LPDDR4X RAM","512 GB SSD","33.78 cm (13.3 Inch) Touchscreen Display","nan","Windows 11 Operating System","1 Year Onsite Warranty","竄ｹ96,999","竄ｹ1,19,666","18","4.3","130","18","No","https://www.flipkart.com/hp-envy-x360-creator-oled-eyesafe-evo-intel-core-i5-12th-gen-1230u-16-gb-512-gb-ssd-windows-11-home-13-bf0058tu-thin-light-laptop/p/itm0dfdd67c88d98","https://rukminim2.flixcart.com/image/312/312/xif0q/computer/g/i/z/-original-imagwy8deh7zfzq6.jpeg?q=70","419"
"COMGUDAXRGRDY5YZ","HP Intel Core i7 13th Gen 1355U - (16 GB/1 TB SSD/Windows 11 Home) 15-FE0032TU Laptop","HP","Intel Core i7 Processor (13th Gen)","16 GB LPDDR5 RAM","1 TB SSD","39.62 cm (15.6 inch) Touchscreen Display","nan","Windows 11 Operating System","1 Year warranty","竄ｹ1,12,999","竄ｹ1,32,999","15",\N,\N,\N,"No","https://www.flipkart.com/hp-intel-core-i7-13th-gen-1355u-16-gb-1-tb-ssd-windows-11-home-15-fe0032tu-laptop/p/itmfca1755583aec","https://rukminim2.flixcart.com/image/312/312/xif0q/computer/3/9/k/envy-x360-laptop-hp-original-imagudaxaxsjgzjb.jpeg?q=70","422"
"COMHA6D28QXGRWJS","HP AMD Ryzen 5 Quad Core - (8 GB/512 GB SSD/Windows 11 Home) 14-em0026AU Thin and Light Laptop","HP","AMD Ryzen 5 Quad Core Processor","8 GB LPDDR5 RAM","512 GB SSD","35.56 cm (14 inch) Display","nan","Windows 11 Home Operating System","nan","竄ｹ40,990","竄ｹ59,990","31",\N,\N,\N,"No","https://www.flipkart.com/hp-amd-ryzen-5-quad-core-8-gb-512-gb-ssd-windows-11-home-14-em0026au-thin-light-laptop/p/itmc485a79a5f861","https://rukminim2.flixcart.com/image/312/312/xif0q/computer/j/t/0/14-em0026au-thin-and-light-laptop-hp-original-imahaahfamcah8ax.jpeg?q=70","423"
"COMGU5Z2GYTGK4WZ","HP Pavilion Intel Core i5 12th Gen 1240P - (16 GB/512 GB SSD/Windows 11 Home) EG2002TU Thin and Light ...","HP","Intel Core i5 Processor (12th Gen)","16 GB DDR4 RAM","512 GB SSD","39.62 cm (15.6 inch) Display","nan","64 bit Windows 11 Operating System","1 Year Onsite Warranty","竄ｹ59,950","竄ｹ81,500","26",\N,"15","0","No","https://www.flipkart.com/hp-pavilion-intel-core-i5-12th-gen-1240p-16-gb-512-gb-ssd-windows-11-home-eg2002tu-thin-light-laptop/p/itmcb1a8937828e7","https://rukminim2.flixcart.com/image/312/312/xif0q/computer/j/z/w/15-eg2017tu-thin-and-light-laptop-hp-original-imagr4jh5fssxbqx.jpeg?q=70","424"
"COMGGFZHGC2HWZ4Z","HP AMD Ryzen 3 Dual Core 3250U - (8 GB/256 GB SSD/Windows 11 Home) 15s- eq1561AU Thin and Light Laptop","HP","AMD Ryzen 3 Dual Core Processor","8 GB DDR4 RAM","256 GB SSD","39.62 cm (15.6 inch) Display","nan","64 bit Windows 11 Operating System","1 Year Onsite Warranty","竄ｹ30,790","竄ｹ41,999","26","3.7","66","4","No","https://www.flipkart.com/hp-amd-ryzen-3-dual-core-3250u-8-gb-256-gb-ssd-windows-11-home-15s-eq1561au-thin-light-laptop/p/itmb7a276272d23c","https://rukminim2.flixcart.com/image/312/312/xif0q/computer/l/y/r/-original-imagp8xz4dujqh7h.jpeg?q=70","425"
"COMGZUGT4H9ECY2X","HP Victus Gaming AMD Ryzen 5 Hexa Core 5600H - (16 GB/512 GB SSD/Windows 11 Home/4 GB Graphics/NVIDIA ...","HP","AMD Ryzen 5 Hexa Core Processor","16 GB DDR4 RAM","512 GB SSD","39.62 cm (15.6 inch) Display","nan","Windows 11 Operating System","1 Year Onsite Warranty","竄ｹ64,450","竄ｹ72,500","11","4.1","691","54","No","https://www.flipkart.com/hp-victus-gaming-amd-ryzen-5-hexa-core-5600h-16-gb-512-gb-ssd-windows-11-home-4-graphics-nvidia-geforce-gtx-1650-15-fb0132ax-laptop/p/itm4ca96859068ec","https://rukminim2.flixcart.com/image/312/312/xif0q/computer/7/o/d/15-fb0132ax-gaming-laptop-hp-original-imahf7yv8sqhfdx8.jpeg?q=70","428"
"COMGYAM9THQHGPQH","HP Spectre Intel Core i7 13th Gen 1355U - (32 GB/1 TB SSD/Windows 11 Home) ef2035TU Thin and Light Lap...","HP","Intel Core i7 Processor (13th Gen)","32 GB LPDDR4X RAM","1 TB SSD","34.29 cm (13.5 Inch) Touchscreen Display","nan","64 bit Windows 11 Operating System","1 Year Onsite Warranty","竄ｹ1,50,990","竄ｹ1,68,617","10",\N,\N,\N,"Yes","https://www.flipkart.com/hp-spectre-intel-core-i7-13th-gen-1355u-32-gb-1-tb-ssd-windows-11-home-ef2035tu-thin-light-laptop/p/itm1ddff4386d498","https://rukminim2.flixcart.com/image/312/312/xif0q/computer/k/m/7/-original-imahcd9ncvdtrnht.jpeg?q=70","429"
"COMGYTHNZGHJVGSM","HP AMD Ryzen 3 Dual Core - (8 GB/256 GB SSD/Windows 11 Home) 15s-ey1508AU Thin and Light Laptop","HP","AMD Ryzen 3 Dual Core Processor","8 GB DDR4 RAM","256 GB SSD","39.62 cm (15.6 inch) Display","nan","Windows 11 Home Operating System","1 Year Onsite Warranty","竄ｹ29,990","竄ｹ41,990","28",\N,\N,\N,"No","https://www.flipkart.com/hp-amd-ryzen-3-dual-core-8-gb-256-gb-ssd-windows-11-home-15s-ey1508au-thin-light-laptop/p/itm6f077da117c55","https://rukminim2.flixcart.com/image/312/312/xif0q/computer/j/z/p/15s-ey1508au-thin-and-light-laptop-hp-original-imah2tz5rf6jaum2.jpeg?q=70","432"
"COMGZU7DESGXXRSH","HP Intel Core i3 11th Gen - (8 GB/512 GB SSD/Windows 11 Home) 15S-FQ2738TU Laptop","HP","Intel Core i3 Processor (11th Gen)","8 GB DDR4 RAM","512 GB SSD","39.62 cm (15.6 inch) Display","nan","Windows 11 Operating System","1 Year Onsite Warranty","竄ｹ32,999","竄ｹ41,999","21","4","94","2","No","https://www.flipkart.com/hp-intel-core-i3-11th-gen-8-gb-512-gb-ssd-windows-11-home-15s-fq2738tu-laptop/p/itmc4b19c2e2f791","https://rukminim2.flixcart.com/image/312/312/xif0q/computer/v/z/w/-original-imahcd9cf7hw5u37.jpeg?q=70","433"
"COMGWVBBGGY4FSZP","HP Spectre x360 AI PC Intel Core Ultra 7 155H - (32 GB/1 TB SSD/Windows 11 Home) 14-eu0556TU 2 in 1 La...","HP","Intel Core Ultra 7 Processor","32 GB LPDDR5X RAM","1 TB SSD","35.56 cm (14 Inch) Touchscreen Display","nan","Windows 11 Operating System","1 Year Onsite Warranty","竄ｹ1,72,990","竄ｹ1,85,479","6","5","3","1","No","https://www.flipkart.com/hp-spectre-x360-ai-pc-intel-core-ultra-7-155h-32-gb-1-tb-ssd-windows-11-home-14-eu0556tu-2-1-laptop/p/itmbf9114f28da26","https://rukminim2.flixcart.com/image/312/312/xif0q/computer/c/a/s/-original-imahcd9pwhtpffwg.jpeg?q=70","434"
"COMFQN65PDZFRZPQ","HP Intel Intel Core i5 10th Gen 1035G4 - (8 GB/512 GB SSD/Windows 10 Pro) 13-aw0211TU 2 in 1 Laptop","HP","Intel Core i5 Processor (10th Gen)","8 GB DDR4 RAM","512 GB SSD","33.78 cm (13.3 inch) Touchscreen Display","nan","64 bit Windows 10 Operating System","1 Year Onsite Warranty","竄ｹ85,999","竄ｹ1,52,042","43","5","3","1","No","https://www.flipkart.com/hp-intel-core-i5-10th-gen-1035g4-8-gb-512-gb-ssd-windows-10-pro-13-aw0211tu-2-1-laptop/p/itme784ab1c5f361","https://rukminim2.flixcart.com/image/312/312/xif0q/computer/6/d/y/-original-imagp7pfj54qmrty.jpeg?q=70","435"
"COMGQPZH6TGYZ4YG","HP AMD Ryzen 5 Quad Core 7520U - (8 GB/512 GB SSD/Windows 11 Home) 14-em0026AU Thin and Light Laptop","HP","AMD Ryzen 5 Quad Core Processor","8 GB LPDDR5 RAM","512 GB SSD","35.56 cm (14 Inch) Display","nan","Windows 11 Operating System","1 Year Onsite Warranty","竄ｹ40,490","竄ｹ59,999","32",\N,\N,\N,"No","https://www.flipkart.com/hp-amd-ryzen-5-quad-core-7520u-8-gb-512-gb-ssd-windows-11-home-14-em0026au-thin-light-laptop/p/itmc485a79a5f861","https://rukminim2.flixcart.com/image/312/312/xif0q/computer/v/k/m/14-em0026au-thin-and-light-laptop-hp-original-imagqtsdadxa4h6x.jpeg?q=70","436"
"COMGQTFCHFVNY6SR","HP Envy x360 AMD Ryzen 5 Hexa Core 7530U - (16 GB/512 GB SSD/Windows 11 Home) 15-fh0016AU Laptop","HP","AMD Ryzen 5 Hexa Core Processor","16 GB LPDDR4X RAM","512 GB SSD","39.62 cm (15.6 Inch) Touchscreen Display","nan","Windows 11 Operating System","1 Year Onsite Warranty","竄ｹ89,990","竄ｹ99,004","9","5","2","1","No","https://www.flipkart.com/hp-envy-x360-amd-ryzen-5-hexa-core-7530u-16-gb-512-gb-ssd-windows-11-home-15-fh0016au-laptop/p/itm33567c18bc14a","https://rukminim2.flixcart.com/image/312/312/xif0q/computer/x/d/n/-original-imahcd9nqmjptjvz.jpeg?q=70","437"
"COMGJ5TZFKZTRBSX","HP 255 G9 840T7PA AMD Athlon Dual Core 3050U - (4 GB/256 GB SSD/DOS) 255 G8 Thin and Light Laptop","HP","AMD Athlon Dual Core Processor","4 GB DDR4 RAM","256 GB SSD","39.62 cm (15.6 Inch) Display","nan","DOS Operating System","1 Year Onsite Warranty","竄ｹ25,999","竄ｹ31,690","17","4","1751","130","No","https://www.flipkart.com/hp-255-g9-840t7pa-amd-athlon-dual-core-3050u-4-gb-256-gb-ssd-dos-g8-thin-light-laptop/p/itm443a85ce1b43f","https://rukminim2.flixcart.com/image/312/312/xif0q/computer/c/u/a/255-g8-notebook-hp-original-imagjhbj4jf3pjdy.jpeg?q=70","438"
"COMGCGSTPGZJKC6F","HP Intel Core i3 11th Gen 1125G4 - (8 GB/512 GB SSD/Windows 11 Home) 15s-fq2627TU Thin and Light Lapto...","HP","Intel Core i3 Processor (11th Gen)","8 GB DDR4 RAM","512 GB SSD","39.62 cm (15.6 Inch) Display","nan","64 bit Windows 11 Operating System","1 Year Onsite Warranty","竄ｹ36,890","竄ｹ47,990","23","4.2","646","60","No","https://www.flipkart.com/hp-intel-core-i3-11th-gen-1125g4-8-gb-512-gb-ssd-windows-11-home-15s-fq2627tu-thin-light-laptop/p/itmc4b19c2e2f791","https://rukminim2.flixcart.com/image/312/312/kzrbiq80/computer/v/d/d/15s-fq2626tu-thin-and-light-laptop-hp-original-imagbpb2sztfprgz.jpeg?q=70","439"
"COMG9WKZNDHUYZ4R","HP AMD Ryzen 7 Quad Core 3rd Gen - (16 GB/512 GB SSD/Windows 10 Home) 13-ay0046AU 2 in 1 Laptop","HP","AMD Ryzen 7 Quad Core Processor (3rd Gen)","16 GB DDR4 RAM","512 GB SSD","33.78 cm (13.3 inch) Touchscreen Display","nan","Windows 10 Operating System","nan","竄ｹ88,400","竄ｹ1,28,000","30",\N,\N,\N,"No","https://www.flipkart.com/hp-amd-ryzen-7-quad-core-3rd-gen-16-gb-512-gb-ssd-windows-10-home-13-ay0046au-2-1-laptop/p/itm92f9de41f47ce","https://rukminim2.flixcart.com/image/312/312/kxgfzbk0/computer/x/e/w/envy-x360-2-in-1-laptop-hp-original-imag9wky7hyu4qrn.jpeg?q=70","440"
"COMGHMH6BTV6QVGD","HP Pavilion Intel Core i5 12th Gen 1235U - (8 GB/512 GB SSD/Windows 11 Home) 14-ek0084TU Thin and Ligh...","HP","Intel Core i5 Processor (12th Gen)","8 GB DDR4 RAM","512 GB SSD","35.56 cm (14 inch) Display","nan","64 bit Windows 11 Operating System","1 Year Onsite Warranty","竄ｹ63,990","竄ｹ89,990","28","4","40","4","No","https://www.flipkart.com/hp-pavilion-intel-core-i5-12th-gen-1235u-8-gb-512-gb-ssd-windows-11-home-14-ek0084tu-thin-light-laptop/p/itm2d992a923c3e5","https://rukminim2.flixcart.com/image/312/312/xif0q/computer/a/z/f/-original-imahcd9z4yavsb4p.jpeg?q=70","441"
"COMGEU3BTEWFSAHF","HP 15s Intel Core i5 12th Gen 1240P - (8 GB/512 GB SSD/Windows 11 Home) 15s-fy5001TU Thin and Light La...","HP","Intel Core i5 Processor (12th Gen)","8 GB DDR4 RAM","512 GB SSD","39.62 cm (15.6 inch) Display","nan","64 bit Windows 11 Operating System","1 Year Onsite Warranty","竄ｹ59,000","竄ｹ68,537","13","3.9","55","6","No","https://www.flipkart.com/hp-15s-intel-core-i5-12th-gen-1240p-8-gb-512-gb-ssd-windows-11-home-15s-fy5001tu-thin-light-laptop/p/itmb303c13cc4838","https://rukminim2.flixcart.com/image/312/312/l45xea80/computer/e/x/b/-original-imagf4ghfjtdpb3z.jpeg?q=70","442"
"COMGVJGWSGANCJ5K","HP 245 G9 AMD Ryzen 3 Quad Core AMD Ryzen邃｢ 3 processor 3250U - (8 GB/512 GB SSD/DOS) 245 G9 Thin and L...","HP","AMD Ryzen 3 Quad Core Processor","8 GB DDR4 RAM","512 GB SSD","35.56 cm (14 inch) Display","nan","DOS Operating System","1 year Domestic warranty","竄ｹ28,000","竄ｹ39,510","29","3.4","17","1","No","https://www.flipkart.com/hp-245-g9-amd-ryzen-3-quad-core-ryzen-processor-3250u-8-gb-512-gb-ssd-dos-thin-light-laptop/p/itm44aa451058e60","https://rukminim2.flixcart.com/image/312/312/xif0q/computer/f/o/l/247-g9-notebook-hp-original-imagwj85hmyqrjwh.jpeg?q=70","443"
"COMHCKBQDMM3HPVH","HP 245 G9 (2025) AMD Ryzen 3 Dual Core 3250U - (16 GB/512 GB SSD/Windows 11 Pro) 245 G9 Thin and Light...","HP","AMD Ryzen 3 Dual Core Processor","16 GB DDR4 RAM","512 GB SSD","35.56 cm (14 inch) Display","nan","64 bit Windows 11 Operating System","1 Year Onsite Warranty","竄ｹ28,490","竄ｹ50,990","44",\N,\N,\N,"No","https://www.flipkart.com/hp-245-g9-2025-amd-ryzen-3-dual-core-3250u-16-gb-512-gb-ssd-windows-11-pro-thin-light-laptop/p/itmffa014f55eff9","https://rukminim2.flixcart.com/image/312/312/xif0q/computer/r/q/b/245-g9-thin-and-light-laptop-hp-original-imahckbqgfwtarg9.jpeg?q=70","444"
"COMGZVGHYGZGBRCE","HP 15s Intel Core i3 13th Gen 1315U - (8 GB/512 GB SSD/Windows 11 Home) 15-fd0019TU Thin and Light Lap...","HP","Intel Core i3 Processor (13th Gen)","8 GB DDR4 RAM","512 GB SSD","39.62 cm (15.6 Inch) Display","nan","64 bit Windows 11 Operating System","1 Year Onsite Warranty","竄ｹ43,999","竄ｹ60,999","27","4.2","489","31","No","https://www.flipkart.com/hp-15s-intel-core-i3-13th-gen-1315u-8-gb-512-gb-ssd-windows-11-home-15-fd0019tu-thin-light-laptop/p/itmd0947fdd46b8a","https://rukminim2.flixcart.com/image/312/312/xif0q/computer/s/g/c/-original-imagpgzsbncuufhe.jpeg?q=70","445"
"COMGZVGHPYZHHFRB","HP 15s Intel Core i5 13th Gen 1335U - (8 GB/512 GB SSD/Windows 11 Home) 15-fd0022TU Thin and Light Lap...","HP","Intel Core i5 Processor (13th Gen)","8 GB DDR4 RAM","512 GB SSD","39.62 cm (15.6 Inch) Display","nan","64 bit Windows 11 Operating System","1 Year Onsite Warranty","竄ｹ54,879","竄ｹ73,000","24","4.2","397","30","No","https://www.flipkart.com/hp-15s-intel-core-i5-13th-gen-1335u-8-gb-512-gb-ssd-windows-11-home-15-fd0022tu-thin-light-laptop/p/itm7efcb2faf35a3","https://rukminim2.flixcart.com/image/312/312/xif0q/computer/s/r/7/-original-imagykgpvfn7ctq9.jpeg?q=70","446"
"COMGH7VYRA4HRGYK","HP Pavilion x360 Intel Core i5 12th Gen 1235U - (16 GB/512 GB SSD/Windows 11 Home) 14-ek0074TU 2 in 1 ...","HP","Intel Core i5 Processor (12th Gen)","16 GB DDR4 RAM","512 GB SSD","35.56 cm (14 Inch) Touchscreen Display","nan","64 bit Windows 11 Operating System","1 Year Onsite Warranty","竄ｹ71,800","竄ｹ88,000","18","4.1","141","17","No","https://www.flipkart.com/hp-pavilion-x360-intel-core-i5-12th-gen-1235u-16-gb-512-gb-ssd-windows-11-home-14-ek0074tu-2-1-laptop/p/itm84df74e5ba8c3","https://rukminim2.flixcart.com/image/312/312/xif0q/computer/e/3/3/-original-imahcd9n99fcp3kx.jpeg?q=70","447"
"COMH8U9RGSGYZMTM","HP Pavilion 14 X360 MSO 2024 Intel Core i5 13th Gen 1335U - (16 GB/1 TB SSD/Windows 11 Home) 14-ek1151...","HP","Intel Core i5 Processor (13th Gen)","16 GB DDR4 RAM","1 TB SSD","35.56 cm (14 inch) Touchscreen Display","nan","Windows 11 Home Operating System","1 Year Carry-in Warranty","竄ｹ80,990","竄ｹ1,01,788","20",\N,\N,\N,"No","https://www.flipkart.com/hp-pavilion-14-x360-mso-2024-intel-core-i5-13th-gen-1335u-16-gb-1-tb-ssd-windows-11-home-14-ek1151tu-2-1-laptop/p/itm379c22b7307cb","https://rukminim2.flixcart.com/image/312/312/xif0q/computer/j/s/p/-original-imahcd9js6cagjuf.jpeg?q=70","448"
"COMGY8RDNJX8FWGH","HP Pavilion Intel Core i5 11th Gen 1135G7 - (16 GB/512 GB SSD/Windows 10 Home) 14-dv0054TU Thin and Li...","HP","Intel Core i5 Processor (11th Gen)","16 GB DDR4 RAM","512 GB SSD","35.56 cm (14 inch) Display","nan","64 bit Windows 10 Operating System","1 Year Onsite Warranty","竄ｹ69,980","竄ｹ71,999","2","4.5","1604","167","No","https://www.flipkart.com/hp-pavilion-intel-core-i5-11th-gen-1135g7-16-gb-512-gb-ssd-windows-10-home-14-dv0054tu-thin-light-laptop/p/itmcabb5f173ae1f","https://rukminim2.flixcart.com/image/312/312/kl9rssw0/computer/v/n/e/hp-original-imagyfmhb29hsg6g.jpeg?q=70","449"
"COMGH2NJZ9SRVAQE","HP Pavilion x360 Intel Core i7 12th Gen 1255U - (16 GB/512 GB SSD/Windows 11 Home) 14-ek0088TU Thin an...","HP","Intel Core i7 Processor (12th Gen)","16 GB DDR4 RAM","512 GB SSD","35.56 cm (14 Inch) Touchscreen Display","nan","Windows 11 Operating System","1 Year Onsite Warranty","竄ｹ81,990","竄ｹ1,04,048","21",\N,\N,\N,"No","https://www.flipkart.com/hp-pavilion-x360-intel-core-i7-12th-gen-1255u-16-gb-512-gb-ssd-windows-11-home-14-ek0088tu-thin-light-laptop/p/itmdaa81d3de3a9c","https://rukminim2.flixcart.com/image/312/312/xif0q/computer/d/r/t/14-ek0088tu-thin-and-light-laptop-hp-original-imagh89bdga9fcys.jpeg?q=70","450"
"COMGDTTDKTZHWWJG","HP Pavilion Eyesafe Intel Core i5 12th Gen i5-1240P - (16 GB/512 GB SSD/Windows 11 Home) EG2035TU/ 15-...","HP","Intel Core i5 Processor (12th Gen)","16 GB DDR4 RAM","512 GB SSD","39.62 cm (15.6 Inch) Display","nan","64 bit Windows 11 Operating System","1 Year Onsite Warranty","竄ｹ74,000","竄ｹ83,719","11","4","203","29","No","https://www.flipkart.com/hp-pavilion-eyesafe-intel-core-i5-12th-gen-i5-1240p-16-gb-512-gb-ssd-windows-11-home-eg2035tu-15-eg2035tu-thin-light-laptop/p/itmeb684934c1db3","https://rukminim2.flixcart.com/image/312/312/l2hwwi80/computer/o/q/u/eg2035tu-thin-and-light-laptop-hp-original-imagdtzgzfs6gjfy.jpeg?q=70","451"
"COMGYHP5HQU9Z5XM","HP Intel Core i5 12th Gen 1235U - (8 GB/512 GB SSD/Windows 11 Home) 15s-fr5010TU Thin and Light Laptop","HP","Intel Core i5 Processor (12th Gen)","8 GB DDR4 RAM","512 GB SSD","39.62 cm (15.6 Inch) Display","nan","64 bit Windows 11 Operating System","1 Year Onsite Warranty","竄ｹ55,990","竄ｹ68,299","18",\N,\N,\N,"No","https://www.flipkart.com/hp-intel-core-i5-12th-gen-1235u-8-gb-512-gb-ssd-windows-11-home-15s-fr5010tu-thin-light-laptop/p/itma5bc84556fdc9","https://rukminim2.flixcart.com/image/312/312/xif0q/computer/8/h/f/15s-fr5010tu-thin-and-light-laptop-hp-original-imagzyqqmphyczmb.jpeg?q=70","452"
"COMGGHDBUT6BERRN","HP G8 AMD Ryzen 5 Hexa Core 5th Gen 5500U - (8 GB/512 GB SSD/Windows 11 Home) 62Y30PA Laptop","HP","AMD Ryzen 5 Hexa Core Processor (5th Gen)","8 GB DDR4 RAM","512 GB SSD","39.62 cm (15.6 inch) Display","nan","64 bit Windows 11 Operating System","1 Year Onsite Warranty","竄ｹ31,990","竄ｹ51,469","37","4.2","10","1","No","https://www.flipkart.com/hp-g8-amd-ryzen-5-hexa-core-5th-gen-5500u-8-gb-512-gb-ssd-windows-11-home-62y30pa-laptop/p/itm443a85ce1b43f","https://rukminim2.flixcart.com/image/312/312/xif0q/computer/x/i/h/255-g8-laptop-hp-original-imagghdbs8mnge44.jpeg?q=70","453"
"COMGF9UFT9ZRD7NC","HP Victus AMD Ryzen 7 Octa Core 5800H - (8 GB/512 GB SSD/Windows 11 Home/4 GB Graphics/NVIDIA GeForce ...","HP","AMD Ryzen 7 Octa Core Processor","8 GB DDR4 RAM","512 GB SSD","40.89 cm (16.1 inch) Display","nan","64 bit Windows 11 Operating System","1 Year Onsite Warranty","竄ｹ66,990","竄ｹ86,990","22","4.3","115","17","No","https://www.flipkart.com/hp-victus-amd-ryzen-7-octa-core-5800h-8-gb-512-gb-ssd-windows-11-home-4-graphics-nvidia-geforce-gtx-1650-144-hz-16-e0650ax-gaming-laptop/p/itm99e22a4f361cf","https://rukminim2.flixcart.com/image/312/312/xif0q/computer/s/o/f/16-e0650ax-gaming-laptop-hp-original-imagkzqetd9hbwru.jpeg?q=70","454"
"COMGMV9SUCZHJFSE","HP Intel Core i7 12th Gen 1255U - (16 GB/512 GB SSD/Windows 11 Home) 15-ew0047TU Thin and Light Laptop","HP","Intel Core i7 Processor (12th Gen)","16 GB DDR4 RAM","512 GB SSD","39.62 cm (15.6 Inch) Touchscreen Display","nan","64 bit Windows 11 Operating System","1 Year Onsite Warranty","竄ｹ1,04,990","竄ｹ1,19,238","11","4","4","1","No","https://www.flipkart.com/hp-intel-core-i7-12th-gen-1255u-16-gb-512-gb-ssd-windows-11-home-15-ew0047tu-thin-light-laptop/p/itma513bb6034c0a","https://rukminim2.flixcart.com/image/312/312/xif0q/computer/z/r/m/-original-imahcd9m484rhn8v.jpeg?q=70","455"
"COMHC6NKVHYWYYGX","HP AMD Ryzen 5 Octa Core 7th Gen - (16 GB/512 GB SSD/Windows 11 Home) 13-bg0017AU Laptop","HP","AMD Ryzen 5 Octa Core Processor (7th Gen)","16 GB DDR5 RAM","512 GB SSD","33.78 cm (13.3 inch) Display","nan","Windows 11 Home Operating System","1 Year Warranty","竄ｹ84,900","竄ｹ1,04,000","18",\N,\N,\N,"No","https://www.flipkart.com/hp-amd-ryzen-5-octa-core-7th-gen-16-gb-512-gb-ssd-windows-11-home-13-bg0017au-laptop/p/itme4ef45080c4e1","https://rukminim2.flixcart.com/image/312/312/xif0q/computer/m/h/t/pavilion-aero-13-laptop-hp-original-imahc57dezbzhvhk.jpeg?q=70","459"
"COMGKYGD2MMZC54Z","HP Intel Core i3 11th Gen 1115G4 - (8 GB/256 GB SSD/Windows 11 Home) 15s-fq2670TU Thin and Light Lapto...","HP","Intel Core i3 Processor (11th Gen)","8 GB DDR4 RAM","256 GB SSD","39.62 cm (15.6 Inch) Display","nan","Windows 11 Operating System","1 Year Onsite Warranty","竄ｹ35,990","竄ｹ42,399","15",\N,\N,\N,"No","https://www.flipkart.com/hp-intel-core-i3-11th-gen-1115g4-8-gb-256-gb-ssd-windows-11-home-15s-fq2670tu-thin-light-laptop/p/itm83228b03bf0dd","https://rukminim2.flixcart.com/image/312/312/xif0q/computer/f/r/s/-original-imahcd9jkzdbfvta.jpeg?q=70","462"
"COMFVNK6TZQ9GRB6","HP Spectre Folio Intel Core i7 10th Gen 10510Y - (16 GB/512 GB SSD/Windows 10 Home) 13-ak1004TU 2 in 1...","HP","Intel Core i7 Processor (10th Gen)","16 GB LPDDR3 RAM","512 GB SSD","33.78 cm (13.3 inch) Touchscreen Display","nan","64 bit Windows 10 Operating System","1 Year Onsite Warranty","竄ｹ2,15,999","竄ｹ2,39,759","9",\N,\N,\N,"No","https://www.flipkart.com/hp-spectre-folio-intel-core-i7-10th-gen-10510y-16-gb-512-gb-ssd-windows-10-home-13-ak1004tu-2-1-laptop/p/itmdab2467cd29cd","https://rukminim2.flixcart.com/image/312/312/kzogn0w0/computer/c/e/n/-original-imagbn2bakfzk3qx.jpeg?q=70","463"
"COMGZVGHVJEMGKZB","HP 15s Intel Core i5 13th Gen 1335U - (8 GB/1 TB SSD/Windows 11 Home) 15-fd0012TU Thin and Light Lapto...","HP","Intel Core i5 Processor (13th Gen)","8 GB DDR4 RAM","1 TB SSD","39.62 cm (15.6 inch) Display","nan","64 bit Windows 11 Operating System","1 Year Onsite Warranty","竄ｹ65,990","竄ｹ78,990","16","4.2","425","35","No","https://www.flipkart.com/hp-15s-intel-core-i5-13th-gen-1335u-8-gb-1-tb-ssd-windows-11-home-15-fd0012tu-thin-light-laptop/p/itmd78475e92c7d9","https://rukminim2.flixcart.com/image/312/312/xif0q/computer/e/z/2/-original-imahcd9ngmj667ny.jpeg?q=70","464"
"COMGZHNMQFWGTVDX","HP Pavilion 14 Touchscreen Intel Core i5 12th Gen 1235U - (16 GB/512 GB SSD/Windows 11 Home) Pavilion ...","HP","Intel Core i5 Processor (12th Gen)","16 GB DDR4 RAM","512 GB SSD","35.56 cm (14 inch) Touchscreen Display","nan","64 bit Windows 11 Operating System","1 Year Warranty","竄ｹ64,050","竄ｹ75,990","15","3.9","148","13","No","https://www.flipkart.com/hp-pavilion-14-touchscreen-intel-core-i5-12th-gen-1235u-16-gb-512-gb-ssd-windows-11-home-14-dv2041tu-laptop/p/itm5b68c71d614ff","https://rukminim2.flixcart.com/image/312/312/xif0q/computer/z/j/h/-original-imahcd9tnyjnurpj.jpeg?q=70","465"
"COMGMV9SGSFNZ8GD","HP AMD Ryzen 5 Hexa Core 5600U - (8 GB/512 GB SSD/Windows 11 Home) x360-ay1062au Thin and Light Laptop","HP","AMD Ryzen 5 Hexa Core Processor","8 GB DDR4 RAM","512 GB SSD","33.78 cm (13.3 Inch) Touchscreen Display","nan","64 bit Windows 11 Operating System","1 Year Onsite Warranty","竄ｹ64,999","竄ｹ90,999","28",\N,\N,\N,"No","https://www.flipkart.com/hp-amd-ryzen-5-hexa-core-5600u-8-gb-512-gb-ssd-windows-11-home-x360-ay1062au-thin-light-laptop/p/itm29ab9c8da7786","https://rukminim2.flixcart.com/image/312/312/l2ghgnk0/computer/v/3/7/-original-imagdsjsjszc65fh.jpeg?q=70","468"
"COMG5U2B9MFFVFQY","HP Pavilion Aero AMD Ryzen 5 Hexa Core 5600U - (16 GB/512 GB SSD/Windows 10 Home) 13-BE0030AU Thin and...","HP","AMD Ryzen 5 Hexa Core Processor","16 GB DDR4 RAM","512 GB SSD","33.78 cm (13.3 inch) Display","nan","64 bit Windows 10 Operating System","1 Year Onsite Warranty","竄ｹ82,700","竄ｹ89,200","7","4.2","156","23","No","https://www.flipkart.com/hp-pavilion-aero-amd-ryzen-5-hexa-core-5600u-16-gb-512-gb-ssd-windows-10-home-13-be0030au-thin-light-laptop/p/itm775ac5cfce987","https://rukminim2.flixcart.com/image/312/312/ks99aq80/computer/t/i/q/13-be0030au-thin-and-light-laptop-hp-original-imag5ve48nfchxnf.jpeg?q=70","469"
"COMGQTFC7ZTW2NBY","HP Envy x360 AMD Ryzen 7 Octa Core 7730U - (16 GB/512 GB SSD/Windows 11 Home) 15-fh0019AU Laptop","HP","AMD Ryzen 7 Octa Core Processor","16 GB LPDDR4X RAM","512 GB SSD","39.62 cm (15.6 Inch) Touchscreen Display","nan","Windows 11 Operating System","1 Year Onsite Warranty","竄ｹ89,990","竄ｹ99,004","9","4","3","1","No","https://www.flipkart.com/hp-envy-x360-amd-ryzen-7-octa-core-7730u-16-gb-512-gb-ssd-windows-11-home-15-fh0019au-laptop/p/itmfce2095d9c61b","https://rukminim2.flixcart.com/image/312/312/xif0q/computer/2/x/y/-original-imahcd9maefy6cbm.jpeg?q=70","472"
"COMFZZZSPUZNZRBM","HP Elitebook Intel Core i5 8th Gen Intelﾂｮ Core邃｢ i5-8265U with Intelﾂｮ UHD Graphics 620 (1.6 GHz base fr...","HP","Intel Core i5 Processor (8th Gen)","8 GB DDR4 RAM","256 GB SSD","35.56 cm (14 inch) Display","nan","64 bit Windows 10 Operating System","3 Year HP Warranty","竄ｹ90,990","竄ｹ1,24,990","27",\N,\N,\N,"No","https://www.flipkart.com/hp-elitebook-intel-core-i5-8th-gen-intel-core-i5-8265u-uhd-graphics-620-1-6-ghz-base-frequency-up-3-9-turbo-boost-technology-6-mb-cache-4-cores-8-gb-32-optane-256-ssd-windows-10-pro-8-graphics-hsn-124c-4-business-laptop/p/itm7291345b69155","https://rukminim2.flixcart.com/image/312/312/kkoc70w0/computer/g/u/u/elitebook-840-g6-business-laptop-hp-original-imafzzaaa6bygtb7.jpeg?q=70","473"
"COMFNXKS7TWWECNF","HP 15 AMD Ryzen 3 Dual Core 3200U - (4 GB/1 TB HDD/Windows 10 Home) 15-db1069AU Laptop","HP","AMD Ryzen 3 Dual Core Processor","4 GB DDR4 RAM","1 TB HDD","39.62 cm (15.6 inch) Display","nan","64 bit Windows 10 Operating System","1 Year Onsite Warranty","竄ｹ29,890","竄ｹ32,990","9","4","3485","474","No","https://www.flipkart.com/hp-15-amd-ryzen-3-dual-core-3200u-4-gb-1-tb-hdd-windows-10-home-15-db1069au-laptop/p/itma9db5a83710ab","https://rukminim2.flixcart.com/image/312/312/k5fn3ww0/computer/c/n/f/hp-na-original-imafz4duhht4zbnx.jpeg?q=70","474"
"COMH7Z79RURUGA5C","HP Intel Core i7 12th Gen 12650H - (16 GB/512 GB SSD/Windows 11 Home/4 GB Graphics/NVIDIA GeForce RTX ...","HP","Intel Core i7 Processor (12th Gen)","16 GB DDR4 RAM","512 GB SSD","39.62 cm (15.6 inch) Display","nan","Windows 11 Home Operating System","1 year manufacture warranty","竄ｹ72,199","竄ｹ77,619","6",\N,\N,\N,"No","https://www.flipkart.com/hp-intel-core-i7-12th-gen-12650h-16-gb-512-gb-ssd-windows-11-home-4-graphics-nvidia-geforce-rtx-3050a-fa1415tx-gaming-laptop/p/itm9687851e16cba","https://rukminim2.flixcart.com/image/312/312/xif0q/computer/v/v/t/fa1414tx-gaming-laptop-hp-original-imah7z79bzht5zd9.jpeg?q=70","475"
"COMH2W5KNMZKEPRG","HP Intel Core 5 13th Gen - (16 GB/512 GB SSD/Windows 11 Home/6 GB Graphics/NVIDIA GeForce RTX NVIDIAﾂｮ ...","HP","Intel Core 5 Processor (13th Gen)","16 GB DDR4 RAM","512 GB SSD","39.62 cm (15.6 inch) Display","nan","Windows 11 Home Operating System","nan","竄ｹ77,999","竄ｹ95,746","18",\N,\N,\N,"No","https://www.flipkart.com/hp-intel-core-5-13th-gen-16-gb-512-gb-ssd-windows-11-home-6-graphics-nvidia-geforce-rtx-nvidia-rtx-4050-15-fa1278tx-gaming-laptop/p/itm9687851e16cba","https://rukminim2.flixcart.com/image/312/312/xif0q/computer/m/l/d/15-fa1278tx-gaming-laptop-hp-original-imah2w5kfudwhmkj.jpeg?q=70","478"
"COMGZ3S6UGWCS9PR","HP Spectre x360 OLED Eyesafe Evo Intel Core i7 13th Gen 1360P - (32 GB/1 TB SSD/Windows 11 Home/4 GB G...","HP","Intel Core i7 Processor (13th Gen)","32 GB DDR4 RAM","1 TB SSD","40.64 cm (16 Inch) Touchscreen Display","nan","64 bit Windows 11 Operating System","1 Year Onsite Warranty","竄ｹ1,91,990","竄ｹ2,13,582","10",\N,\N,\N,"No","https://www.flipkart.com/hp-spectre-x360-oled-eyesafe-evo-intel-core-i7-13th-gen-1360p-32-gb-1-tb-ssd-windows-11-home-4-gb-graphics-16-f2005tx-laptop/p/itm387c946898d4c","https://rukminim2.flixcart.com/image/312/312/xif0q/computer/l/y/k/-original-imahcd9dmbyrmvfj.jpeg?q=70","479"
"COMGQNUKRAUJC4ZC","HP AMD Ryzen 5 Dual Core - (16 GB/512 GB SSD/DOS) 6E3Z2PA Laptop","HP","AMD Ryzen 5 Dual Core Processor","16 GB DDR4 RAM","512 GB SSD","35.56 cm (14 inch) Display","nan","DOS Operating System","nan","竄ｹ42,990","竄ｹ59,990","28",\N,\N,\N,"No","https://www.flipkart.com/hp-amd-ryzen-5-dual-core-16-gb-512-gb-ssd-dos-6e3z2pa-laptop/p/itm253e91de9b83d","https://rukminim2.flixcart.com/image/312/312/xif0q/computer/4/3/2/245-g8-laptop-hp-original-imagqmzuwhwhm8a6.jpeg?q=70","482"
"COMHAYJVGWVB3ZQN","HP AMD Ryzen 3 Dual Core - (8 GB/512 GB SSD/Windows 11 Pro) 255 g9 Laptop","HP","AMD Ryzen 3 Dual Core Processor","8 GB DDR4 RAM","512 GB SSD","39.62 cm (15.6 inch) Display","nan","Windows 11 Operating System","nan","竄ｹ29,890","竄ｹ32,990","9",\N,\N,\N,"No","https://www.flipkart.com/hp-amd-ryzen-3-dual-core-8-gb-512-gb-ssd-windows-11-pro-255-g9-laptop/p/itmf316071c69bce","https://rukminim2.flixcart.com/image/312/312/xif0q/computer/z/y/7/255-g9-laptop-hp-original-imahafrcbjpquxay.jpeg?q=70","483"
"COMH83PJW4GGPPVS","HP Intel Core i5 12th Gen 12450H - (4 GB/512 GB SSD/Windows 11 Home/8 GB Graphics) FA1422TX Laptop","HP","Intel Core i5 Processor (12th Gen)","4 GB DDR4 RAM","512 GB SSD","39.62 cm (15.6 inch) Display","nan","Windows 11 Home Operating System","1 Year manufacturer Warranty on the Product","竄ｹ69,900","竄ｹ70,999","1",\N,\N,\N,"No","https://www.flipkart.com/hp-intel-core-i5-12th-gen-12450h-4-gb-512-gb-ssd-windows-11-home-8-graphics-fa1422tx-laptop/p/itm499502cf36686","https://rukminim2.flixcart.com/image/312/312/xif0q/computer/2/g/j/fa1422tx-laptop-hp-original-imah83pjz8apssdf.jpeg?q=70","484"
"COMG9FSFSKCFHHK4","HP Pavilion AMD Ryzen 5 Hexa Core AMD R5-5600H - (8 GB/512 GB SSD/Windows 10 Home/4 GB Graphics/NVIDIA...","HP","AMD Ryzen 5 Hexa Core Processor","8 GB DDR4 RAM","512 GB SSD","39.62 cm (15.6 Inch) Display","nan","64 bit Windows 11 Operating System","1 Year onsite warranty","竄ｹ59,999","竄ｹ73,999","18","4.3","150","19","No","https://www.flipkart.com/hp-pavilion-amd-ryzen-5-hexa-core-r5-5600h-8-gb-512-gb-ssd-windows-10-home-4-graphics-nvidia-geforce-gtx-1650-15-ec2008ax-gaming-laptop/p/itm9d7271fc0c157","https://rukminim2.flixcart.com/image/312/312/kulk9zk0/computer/f/t/w/15-ec2075ax-gaming-laptop-hp-original-imag7nyzhxqc7xhh.jpeg?q=70","485"
"COMH7VFP8ABWPBEF","HP AMD Athlon Dual Core - (8 GB/256 GB SSD/DOS) 255 G10 Laptop","HP","AMD Athlon Dual Core Processor","8 GB DDR5 RAM","256 GB SSD","39.62 cm (15.6 inch) Display","nan","DOS Operating System","1 year domestic Warranty","竄ｹ23,999","竄ｹ32,916","27",\N,\N,\N,"No","https://www.flipkart.com/hp-amd-athlon-dual-core-8-gb-256-gb-ssd-dos-255-g10-laptop/p/itm5c42448eab974","https://rukminim2.flixcart.com/image/312/312/xif0q/computer/e/n/v/notebook-laptop-hp-original-imah7zjevdjjfgkb.jpeg?q=70","488"
"COMH2D4GZZK4JEDS","HP OmniBook X AI PC Snapdragon X Elite - (16 GB/1 TB SSD/Windows 11 Home) 14-fe0121QU Thin and Light L...","HP","Snapdragon X Elite Processor","16 GB LPDDR5X RAM","1 TB SSD","35.56 cm (14 Inch) Touchscreen Display","nan","Windows 11 Operating System","1 Year Onsite Warranty","竄ｹ1,35,990","竄ｹ1,53,945","11",\N,\N,\N,"No","https://www.flipkart.com/hp-omnibook-x-ai-pc-snapdragon-elite-16-gb-1-tb-ssd-windows-11-home-14-fe0121qu-thin-light-laptop/p/itm4f0ec97e25d36","https://rukminim2.flixcart.com/image/312/312/xif0q/computer/k/y/k/-original-imahcd9ghnuhyzzd.jpeg?q=70","489"
"COMH5JZTZAGZZXFK","HP OmniBook Snapdragon X Plus - (16 GB/512 GB SSD/Windows 11 Home) 14-fe1011QU Thin and Light Laptop","HP","Snapdragon X Plus Processor","16 GB LPDDR5X RAM","512 GB SSD","35.56 cm (14 inch) Touchscreen Display","nan","Windows 11 Home Operating System","1 Year Onsite Warranty","竄ｹ1,13,990","竄ｹ1,31,463","13",\N,\N,\N,"No","https://www.flipkart.com/hp-omnibook-snapdragon-x-plus-16-gb-512-gb-ssd-windows-11-home-14-fe1011qu-thin-light-laptop/p/itm409810c4c4227","https://rukminim2.flixcart.com/image/312/312/xif0q/computer/4/f/a/-original-imahcd9kucmz2cyv.jpeg?q=70","492"
"COMG8EDHBD963DGJ","HP Pavilion Intel Core i5 11th Gen 1155G7 - (8 GB/512 GB SSD/Windows 11 Home) 15-eg1000TU Thin and Lig...","HP","Intel Core i5 Processor (11th Gen)","8 GB DDR4 RAM","512 GB SSD","39.62 cm (15.6 Inch) Display","nan","64 bit Windows 11 Operating System","1 Year onsite Warranty","竄ｹ59,650","竄ｹ74,414","19","4.1","41","2","No","https://www.flipkart.com/hp-pavilion-intel-core-i5-11th-gen-1155g7-8-gb-512-gb-ssd-windows-11-home-15-eg1000tu-thin-light-laptop/p/itm4e0696917b69a","https://rukminim2.flixcart.com/image/312/312/kyvvtzk0/computer/x/i/v/-original-imagbygzjwthsan3.jpeg?q=70","493"
"COMH4FD8HUYSKFZM","HP Intel Core i7 13th Gen - (16 GB/1 TB SSD/Windows 11 Pro) Firefly 16 G10 Laptop","HP","Intel Core i7 Processor (13th Gen)","16 GB DDR5 RAM","1 TB SSD","40.64 cm (16 inch) Touchscreen Display","nan","Windows 11 Operating System","nan","竄ｹ1,37,730","竄ｹ1,84,123","25",\N,\N,\N,"No","https://www.flipkart.com/hp-intel-core-i7-13th-gen-16-gb-1-tb-ssd-windows-11-pro-firefly-16-g10-laptop/p/itme2d627ee2ab42","https://rukminim2.flixcart.com/image/312/312/xif0q/computer/d/t/i/firefly-16-g10-laptop-hp-original-imah4e9fcn4dqrjt.jpeg?q=70","494"
"COMHCKCYZQR4YGEQ","HP 14 (2025) AMD Ryzen 5 Quad Core 7520U - (8 GB/512 GB SSD/Windows 11 Home) 14 Thin and Light Laptop","HP","AMD Ryzen 5 Quad Core Processor","8 GB DDR4 RAM","512 GB SSD","35.56 cm (14 inch) Display","nan","64 bit Windows 11 Home Operating System","1 Year Onsite Warranty","竄ｹ31,990","竄ｹ53,990","40",\N,\N,\N,"No","https://www.flipkart.com/hp-14-2025-amd-ryzen-5-quad-core-7520u-8-gb-512-gb-ssd-windows-11-home-thin-light-laptop/p/itm6c5d964157049","https://rukminim2.flixcart.com/image/312/312/xif0q/computer/c/i/w/14-thin-and-light-laptop-hp-original-imahckcyczvtnmjs.jpeg?q=70","495"
"COMGUDAWKPHZBPBH","HP Omen AMD Ryzen 7 Octa Core 7840HS - (16 GB/1 TB SSD/Windows 11 Home/6 GB Graphics/NVIDIA GeForce RT...","HP","AMD Ryzen 7 Octa Core Processor","16 GB DDR5 RAM","1 TB SSD","40.89 cm (16.1 inch) Display","nan","Windows 11 Operating System","1 Year warranty","竄ｹ97,990","竄ｹ1,30,894","25",\N,\N,\N,"No","https://www.flipkart.com/hp-omen-amd-ryzen-7-octa-core-7840hs-16-gb-1-tb-ssd-windows-11-home-6-gb-graphics-nvidia-geforce-rtx-nvidia-rtx-4050-16-xd0005ax-gaming-laptop/p/itma5cae6a11e430","https://rukminim2.flixcart.com/image/312/312/xif0q/computer/m/p/e/-original-imahcd9pntzeqkzg.jpeg?q=70","498"
"COMGT34TR3XEEZYB","HP Pavilion Intel Core i5 12th Gen 1235U - (16 GB/1 TB SSD/Windows 11 Home) 14-dv2153TU Thin and Light...","HP","Intel Core i5 Processor (12th Gen)","16 GB DDR4 RAM","1 TB SSD","35.56 cm (14 inch) Display","nan","Windows 11 Operating System","1 Year Onsite Warranty","竄ｹ69,990","竄ｹ80,990","13","4.3","7398","348","No","https://www.flipkart.com/hp-pavilion-intel-core-i5-12th-gen-1235u-16-gb-1-tb-ssd-windows-11-home-14-dv2153tu-thin-light-laptop/p/itm9236b466db2d7","https://rukminim2.flixcart.com/image/312/312/xif0q/computer/w/i/c/-original-imahcd9nr77ufpff.jpeg?q=70","499"
"COMGXMY5PB6KB4HP","MSI Commercial 14 H Intel Core i7 13th Gen 13620H - (16 GB/1 TB SSD/Windows 11 Home) Commercial 14 H A...","MSI","Intel Core i7 Processor (13th Gen)","16 GB DDR4 RAM","1 TB SSD","35.56 cm (14 inch) Display","nan","Windows 11 Operating System","3 Year Onsite Warranty","竄ｹ97,990","竄ｹ1,09,990","10",\N,\N,\N,"No","https://www.flipkart.com/msi-commercial-14-h-intel-core-i7-13th-gen-13620h-16-gb-1-tb-ssd-windows-11-home-a13mg-070in-thin-light-laptop/p/itm869e7ffedde0f","https://rukminim2.flixcart.com/image/312/312/xif0q/computer/v/x/r/-original-imahcd9kytqzsybd.jpeg?q=70","500"
"COMF5ZQYWHT3WZA9","HP 15 AMD APU Dual Core A6 A6-9220 - (4 GB/1 TB HDD/Windows 10 Home) 15-bw531AU Laptop","HP","AMD APU Dual Core A6 Processor","4 GB DDR4 RAM","1 TB HDD","39.62 cm (15.6 inch) Display","nan","64 bit Windows 10 Operating System","1 Year Onsite Warranty","竄ｹ26,990","竄ｹ27,414","1","4.1","2555","400","No","https://www.flipkart.com/hp-15-amd-apu-dual-core-a6-a6-9220-4-gb-1-tb-hdd-windows-10-home-15-bw531au-laptop/p/itm471e8a2d3f6eb","https://rukminim2.flixcart.com/image/312/312/jms25jk0/computer/z/a/9/hp-na-laptop-original-imaf9hu5wstdwpca.jpeg?q=70","502"
"COMGP92B9HHXRVVF","HP 247 G8 AMD Athlon Dual Core AMD Athlon邃｢ Silver 3050U - (4 GB/256 GB SSD/DOS) 247 G8 Notebook","HP","AMD Athlon Dual Core Processor","4 GB DDR4 RAM","256 GB SSD","35.56 cm (14 inch) Display","nan","DOS Operating System","1 year warranty","竄ｹ31,555","竄ｹ31,999","1","3.8","36","6","No","https://www.flipkart.com/hp-247-g8-amd-athlon-dual-core-athlon-silver-3050u-4-gb-256-gb-ssd-dos-notebook/p/itmb513d39558f0d","https://rukminim2.flixcart.com/image/312/312/xif0q/computer/6/r/9/247-g8-notebook-hp-original-imagpwbhdtz3dbjf.jpeg?q=70","503"
"COMH6H9FZZZJGEFE","HP HP Pavilion Aero AMD Ryzen 5 Ryzen 5 8640U - (16 GB/512 GB SSD/Windows 10 Home) bg0016AU Notebook","HP","AMD Ryzen 5 Processor","16 GB LPDDR5X RAM","512 GB SSD","33.78 cm (13.3 inch) Display","nan","Windows 11 Home Operating System","nan","竄ｹ75,990","竄ｹ91,944","17",\N,\N,\N,"No","https://www.flipkart.com/hp-pavilion-aero-amd-ryzen-5-8640u-16-gb-512-gb-ssd-windows-10-home-bg0016au-notebook/p/itm68b20bcbc5ba6","https://rukminim2.flixcart.com/image/312/312/xif0q/computer/s/c/o/hp-pavilion-aero-lightest-ai-pc-amd-ryzen-5-8640u-13-3-inch-original-imah6h9fmxpp3hfh.jpeg?q=70","504"
"COMGYFMDGWW5UUVG","HP ENVY AI PC Intel Core Ultra 7 155U - (16 GB/512 GB SSD/Windows 11 Home) 14-fc0106TU Thin and Light ...","HP","Intel Core Ultra 7 Processor","16 GB LPDDR5 RAM","512 GB SSD","35.56 cm (14 inch) Touchscreen Display","nan","Windows 11 Operating System","1 Year Onsite warranty","竄ｹ1,05,990","竄ｹ1,22,470","13","4","9","1","Yes","https://www.flipkart.com/hp-envy-ai-pc-intel-core-ultra-7-155u-16-gb-512-gb-ssd-windows-11-home-14-fc0106tu-thin-light-laptop/p/itm6a880196bef02","https://rukminim2.flixcart.com/image/312/312/xif0q/computer/i/0/4/-original-imahcd9cjywqhfw7.jpeg?q=70","505"
"COMGWVBBVFNEZY8M","HP Spectre x360 AI PC Intel Core Ultra 7 155H - (32 GB/1 TB SSD/Windows 11 Home/6 GB Graphics) aa0664T...","HP","Intel Core Ultra 7 Processor","32 GB LPDDR5X RAM","1 TB SSD","40.64 cm (16 inch) Touchscreen Display","nan","Windows 11 Operating System","1 Year Onsite Warranty","竄ｹ2,05,990","竄ｹ2,24,823","8",\N,\N,\N,"No","https://www.flipkart.com/hp-spectre-x360-ai-pc-intel-core-ultra-7-155h-32-gb-1-tb-ssd-windows-11-home-6-gb-graphics-aa0664tx-2-1-laptop/p/itm121bd438745c7","https://rukminim2.flixcart.com/image/312/312/xif0q/computer/u/j/h/-original-imahcd9zjxsgzx7e.jpeg?q=70","509"
"COMGYAM9VFBSQSED","HP Intel Core i7 13th Gen 1355U - (16 GB/512 GB SSD/Windows 11 Home/4 GB Graphics) 15-fe0011TX Laptop","HP","Intel Core i7 Processor (13th Gen)","16 GB LPDDR5 RAM","512 GB SSD","39.62 cm (15.6 Inch) Touchscreen Display","nan","64 bit Windows 11 Operating System","1 Year Onsite Warranty","竄ｹ1,26,490","竄ｹ1,32,727","4",\N,\N,\N,"No","https://www.flipkart.com/hp-intel-core-i7-13th-gen-1355u-16-gb-512-gb-ssd-windows-11-home-4-graphics-15-fe0011tx-laptop/p/itm6a3ec71cfc96f","https://rukminim2.flixcart.com/image/312/312/xif0q/computer/p/p/g/-original-imahcd9gkztgqyhw.jpeg?q=70","512"
"COMGZ5F3ZVHXWA68","HP Intel Core i7 13th Gen 13700HX - (16 GB/512 GB SSD/Windows 11 Home/8 GB Graphics/NVIDIA GeForce RTX...","HP","Intel Core i7 Processor (13th Gen)","16 GB DDR5 RAM","512 GB SSD","43.94 cm (17.3 Inch) Display","nan","64 bit Windows 11 Operating System","1 Year Onsite Warranty","竄ｹ1,21,999","竄ｹ1,74,227","29",\N,\N,\N,"No","https://www.flipkart.com/hp-intel-core-i7-13th-gen-13700hx-16-gb-512-gb-ssd-windows-11-home-8-graphics-nvidia-geforce-rtx-4060-17-cm2002tx-gaming-laptop/p/itm4e49e3b1265b4","https://rukminim2.flixcart.com/image/312/312/xif0q/computer/n/8/u/-original-imahcd9muheztnme.jpeg?q=70","513"
"COMGZUGTYNZFXNGG","HP Victus AMD Ryzen 5 Hexa Core 5600H - (8 GB/512 GB SSD/Windows 11 Home/4 GB Graphics/NVIDIA GeForce ...","HP","AMD Ryzen 5 Hexa Core Processor","8 GB DDR4 RAM","512 GB SSD","39.62 cm (15.6 Inch) Display","nan","Windows 11 Operating System","1 Year Onsite Warranty","竄ｹ64,990","竄ｹ75,980","14","4.2","408","27","No","https://www.flipkart.com/hp-victus-amd-ryzen-5-hexa-core-5600h-8-gb-512-gb-ssd-windows-11-home-4-graphics-nvidia-geforce-rtx-3050-15-fb0135ax-gaming-laptop/p/itm740ddb5e8081e","https://rukminim2.flixcart.com/image/312/312/xif0q/computer/t/d/r/-original-imahcd9pfh4v3mhn.jpeg?q=70","514"
"COMGCGSTY9RYYCQV","HP OMEN Intel Core i7 12th Gen 12700H - (16 GB/1 TB SSD/Windows 11 Home/8 GB Graphics/NVIDIA GeForce R...","HP","Intel Core i7 Processor (12th Gen)","16 GB DDR5 RAM","1 TB SSD","40.89 cm (16.1 inch) Display","nan","64 bit Windows 11 Operating System","1 Year Onsite Warranty","竄ｹ1,35,990","竄ｹ1,89,900","28",\N,\N,\N,"No","https://www.flipkart.com/hp-omen-intel-core-i7-12th-gen-12700h-16-gb-1-tb-ssd-windows-11-home-8-gb-graphics-nvidia-geforce-rtx-3070-16-b1370tx-gaming-laptop/p/itm5b316c4d48921","https://rukminim2.flixcart.com/image/312/312/xif0q/computer/r/f/o/-original-imahcd9damgvh6hc.jpeg?q=70","515"
"COMGYFMDBBQZH4JD","HP ENVY AI PC Intel Core Ultra 7 155U - (32 GB/1 TB SSD/Windows 11 Home) 14-fc0100TU Thin and Light La...","HP","Intel Core Ultra 7 Processor","32 GB LPDDR5 RAM","1 TB SSD","35.56 cm (14 inch) Touchscreen Display","nan","Windows 11 Operating System","1 Year Onsite warranty","竄ｹ1,34,900","竄ｹ1,53,658","12","4.8","14","2","No","https://www.flipkart.com/hp-envy-ai-pc-intel-core-ultra-7-155u-32-gb-1-tb-ssd-windows-11-home-14-fc0100tu-thin-light-laptop/p/itmb6bf4d9b43b22","https://rukminim2.flixcart.com/image/312/312/xif0q/computer/m/i/k/-original-imagz6zffddxteyr.jpeg?q=70","518"
"COMEX3U7UDM6HVCZ","HP Omen Intel Core i5 7th Gen 7300HQ - (8 GB/1 TB HDD/128 GB SSD/Windows 10 Home/4 GB Graphics/NVIDIA ...","HP","Intel Core i5 Processor (7th Gen)","8 GB DDR4 RAM","1 TB HDD|128 GB SSD","39.62 cm (15.6 inch) Display","nan","Pre-installed Genuine Windows 10 Operating System (Includes Built-in Security, Free Automated Updates, Latest Features)","1 Year Onsite Warranty","竄ｹ91,999","竄ｹ1,02,551","10",\N,\N,\N,"Yes","https://www.flipkart.com/hp-omen-intel-core-i5-7th-gen-7300hq-8-gb-1-tb-hdd-128-gb-ssd-windows-10-home-4-graphics-nvidia-geforce-gtx-1050-15-ce071tx-gaming-laptop/p/itm207d623b0c897","https://rukminim2.flixcart.com/image/312/312/j6xxgnk0/computer/9/j/k/hp-gaming-laptop-original-imaexaznx4sdxhac.jpeg?q=70","519"
"COMHY9ZVDGZVWPFJ","HP Intel Core 3 100U - (8 GB/512 GB SSD/Windows 11 Home) 15-fd1095TU Thin and Light Laptop","HP","Intel Core 3 Processor","8 GB DDR4 RAM","512 GB SSD","39.62 cm (15.6 inch) Display","nan","Windows 11 Operating System","1 Year Onsite Warranty","竄ｹ45,490","竄ｹ54,552","16",\N,\N,\N,"No","https://www.flipkart.com/hp-intel-core-3-100u-8-gb-512-gb-ssd-windows-11-home-15-fd1095tu-thin-light-laptop/p/itm95d048b532731","https://rukminim2.flixcart.com/image/312/312/xif0q/computer/n/k/t/-original-imahcd9jtafyzdgy.jpeg?q=70","522"
"COMGCGSTN9R4WPQV","HP 14s Intel Core i3 11th Gen - (8 GB/512 GB SSD/Windows 11 Home) 14s-dq2606tu Thin and Light Laptop","HP","Intel Core i3 Processor (11th Gen)","8 GB DDR4 RAM","512 GB SSD","35.56 cm (14 Inch) Display","nan","64 bit Windows 11 Operating System","1 Year Onsite Warranty","竄ｹ38,990","竄ｹ52,999","26","4.2","713","69","No","https://www.flipkart.com/hp-14s-intel-core-i3-11th-gen-8-gb-512-gb-ssd-windows-11-home-14s-dq2606tu-thin-light-laptop/p/itm2578df2a9e66a","https://rukminim2.flixcart.com/image/312/312/xif0q/computer/f/s/l/-original-imahcd9mhc8rga4c.jpeg?q=70","523"
"COMGUCEYW3GPSF2S","HP Pavilion Plus AI Powered Laptop AMD Ryzen 7 Octa Core 7840U - (16 GB/1 TB SSD/Windows 11 Home) 14-e...","HP","AMD Ryzen 7 Octa Core Processor","16 GB DDR4 RAM","1 TB SSD","35.56 cm (14 inch) Display","nan","Windows 11 Home Operating System","1 Year Warranty","竄ｹ72,990","竄ｹ1,05,927","31",\N,"4","0","No","https://www.flipkart.com/hp-pavilion-plus-ai-powered-laptop-amd-ryzen-7-octa-core-7840u-16-gb-1-tb-ssd-windows-11-home-14-ey0789au/p/itmaddf6e4bcfe75","https://rukminim2.flixcart.com/image/312/312/xif0q/computer/z/z/f/pavilion-plus-laptop-laptop-hp-original-imagudgsrqdzn8f4.jpeg?q=70","524"
"COMGY5ZHWJ2ZP44A","HP AMD Ryzen 5 Hexa Core - (16 GB/512 GB SSD/Windows 11 Home) 15S-EQ2305AU Laptop","HP","AMD Ryzen 5 Hexa Core Processor","16 GB DDR4 RAM","512 GB SSD","39.62 cm (15.6 inch) Display","nan","Windows 11 Home Operating System","1 Year Warranty","竄ｹ41,990","竄ｹ56,000","25",\N,"6","0","No","https://www.flipkart.com/hp-amd-ryzen-5-hexa-core-16-gb-512-gb-ssd-windows-11-home-15s-eq2305au-laptop/p/itm94b8bbcdcfe17","https://rukminim2.flixcart.com/image/312/312/xif0q/computer/o/8/k/15s-laptop-hp-original-imagy4x5cuycwjuk.jpeg?q=70","525"
"COMGUDBY45HCKFPQ","HP Intel Core i7 13th Gen 1355U - (16 GB/512 GB SSD/Windows 11 Home) EF2036TU 2 in 1 Laptop","HP","Intel Core i7 Processor (13th Gen)","16 GB LPDDR4X RAM","512 GB SSD","34.29 cm (13.5 inch) Touchscreen Display","nan","Windows 11 Operating System","1 Year warranty","竄ｹ1,19,999","竄ｹ1,68,990","28",\N,\N,\N,"No","https://www.flipkart.com/hp-intel-core-i7-13th-gen-1355u-16-gb-512-gb-ssd-windows-11-home-ef2036tu-2-1-laptop/p/itm9bd4d2eb0a39a","https://rukminim2.flixcart.com/image/312/312/xif0q/computer/j/z/j/spectre-x360-2-in-1-laptop-hp-original-imagudbyagxjvnun.jpeg?q=70","528"
"COMGYH8GBPHRNAYU","HP AMD Ryzen 7 Octa Core 7730U - (16 GB/512 GB SSD/Windows 11 Home) 15-eh3102AU Thin and Light Laptop","HP","AMD Ryzen 7 Octa Core Processor","16 GB DDR4 RAM","512 GB SSD","39.62 cm (15.6 Inch) Display","nan","64 bit Windows 11 Operating System","1 Year Onsite Warranty","竄ｹ73,837","竄ｹ75,890","2",\N,\N,\N,"No","https://www.flipkart.com/hp-amd-ryzen-7-octa-core-7730u-16-gb-512-gb-ssd-windows-11-home-15-eh3102au-thin-light-laptop/p/itmeebcea444074b","https://rukminim2.flixcart.com/image/312/312/xif0q/computer/p/u/m/-original-imahcd9rrqpegtes.jpeg?q=70","529"
"COMHC4HVKQRGNUNU","HP AMD Ryzen 5 Octa Core 8th Gen - (16 GB/512 GB SSD/Windows 11 Home/6 GB Graphics/NVIDIA GeForce RTX ...","HP","AMD Ryzen 5 Octa Core Processor (8th Gen)","16 GB DDR4 RAM","512 GB SSD","39.62 cm (15.6 inch) Display","nan","Windows 11 Home Operating System","1 Year Warranty","竄ｹ70,100","竄ｹ89,999","22",\N,\N,\N,"No","https://www.flipkart.com/hp-amd-ryzen-5-octa-core-8th-gen-16-gb-512-gb-ssd-windows-11-home-6-graphics-nvidia-geforce-rtx-6gb-3050-15-fb3012ax-gaming-laptop/p/itm9ace437fa2f10","https://rukminim2.flixcart.com/image/312/312/xif0q/computer/5/o/h/victus-15-gaming-laptop-hp-original-imahc4b4vs5fkrf6.jpeg?q=70","532"
"COMGE9G9XMMM8RG8","HP Omen Intel Core i7 12th Gen 12700H - (16 GB/1 TB SSD/Windows 11 Home/4 GB Graphics/NVIDIA GeForce R...","HP","Intel Core i7 Processor (12th Gen)","16 GB DDR5 RAM","1 TB SSD","40.89 cm (16.1 Inch) Display","nan","64 bit Windows 11 Operating System","1 Year Onsite Warranty","竄ｹ1,13,999","竄ｹ1,32,765","14",\N,\N,\N,"No","https://www.flipkart.com/hp-omen-intel-core-i7-12th-gen-12700h-16-gb-1-tb-ssd-windows-11-home-4-gb-graphics-nvidia-geforce-rtx-3050-16-b1350tx-gaming-laptop/p/itm5b316c4d48921","https://rukminim2.flixcart.com/image/312/312/xif0q/computer/2/e/e/-original-imahcyp7dya3bgnb.jpeg?q=70","534"
"COMGCGSTD3BJXTAQ","HP OMEN Intel Core i7 12th Gen 12700H - (16 GB/1 TB SSD/Windows 11 Home/4 GB Graphics/NVIDIA GeForce R...","HP","Intel Core i7 Processor (12th Gen)","16 GB DDR5 RAM","1 TB SSD","40.89 cm (16.1 inch) Display","nan","64 bit Windows 11 Operating System","1 Year Onsite Warranty","竄ｹ1,09,990","竄ｹ1,49,990","26",\N,\N,\N,"No","https://www.flipkart.com/hp-omen-intel-core-i7-12th-gen-12700h-16-gb-1-tb-ssd-windows-11-home-4-gb-graphics-nvidia-geforce-rtx-3050-ti-16-b1351tx-gaming-laptop/p/itm5b316c4d48921","https://rukminim2.flixcart.com/image/312/312/xif0q/computer/x/5/c/-original-imahcyp7qyhdgvvt.jpeg?q=70","535"
"COMGZUGTTBRGYSHT","HP Victus AMD Ryzen 5 Hexa Core 5600H - (16 GB/512 GB SSD/Windows 11 Home/4 GB Graphics/NVIDIA GeForce...","HP","AMD Ryzen 5 Hexa Core Processor","16 GB DDR4 RAM","512 GB SSD","39.62 cm (15.6 Inch) Display","nan","Windows 11 Operating System","1 Year Onsite Warranty","竄ｹ66,990","竄ｹ78,858","15","4.3","771","55","No","https://www.flipkart.com/hp-victus-amd-ryzen-5-hexa-core-5600h-16-gb-512-gb-ssd-windows-11-home-4-graphics-nvidia-geforce-rtx-3050-15-fb0136ax-gaming-laptop/p/itm740ddb5e8081e","https://rukminim2.flixcart.com/image/312/312/xif0q/computer/e/5/y/-original-imagzw7c2mnzbtzm.jpeg?q=70","538"
"COMGYFMDYMGFMBRJ","HP ENVY AI PC Intel Core Ultra 5 125U - (16 GB/512 GB SSD/Windows 11 Home) 14-fc0105TU Thin and Light ...","HP","Intel Core Ultra 5 Processor","16 GB LPDDR5 RAM","512 GB SSD","35.56 cm (14 inch) Touchscreen Display","nan","Windows 11 Operating System","1 Year Onsite warranty","竄ｹ89,990","竄ｹ1,08,980","17",\N,"4","1","No","https://www.flipkart.com/hp-envy-ai-pc-intel-core-ultra-5-125u-16-gb-512-gb-ssd-windows-11-home-14-fc0105tu-thin-light-laptop/p/itm5d4805e361985","https://rukminim2.flixcart.com/image/312/312/xif0q/computer/i/w/a/-original-imahcd9cekv2cgh7.jpeg?q=70","539"
"COMHYJGWD2EZ5PPA","HP Omen Intel Core i7 13th Gen 13700HX - (16 GB/512 GB SSD/Windows 11 Home/6 GB Graphics/NVIDIA GeForc...","HP","Intel Core i7 Processor (13th Gen)","16 GB DDR5 RAM","512 GB SSD","40.89 cm (16.1 Inch) Display","nan","Windows 11 Operating System","1 Year Onsite Warranty","竄ｹ98,490","竄ｹ1,26,405","22","4.3","160","14","No","https://www.flipkart.com/hp-omen-intel-core-i7-13th-gen-13700hx-16-gb-512-gb-ssd-windows-11-home-6-graphics-nvidia-geforce-rtx-3050-16-wf0179tx-gaming-laptop/p/itmbaabbb0f66583","https://rukminim2.flixcart.com/image/312/312/xif0q/computer/d/u/q/-original-imahcd9rndjeqh6s.jpeg?q=70","542"
"COMGRNGYCQ6HDGQH","HP OMEN Intel Core i9 13th Gen 13900HX - (32 GB/1 TB SSD/Windows 11 Home/8 GB Graphics/NVIDIA GeForce ...","HP","Intel Core i9 Processor (13th Gen)","32 GB DDR5 RAM","1 TB SSD","40.64 cm (16 Inch) Display","nan","Windows 11 Operating System","1 Year Onsite Warranty","竄ｹ1,93,999","竄ｹ2,77,278","30",\N,\N,\N,"No","https://www.flipkart.com/hp-omen-intel-core-i9-13th-gen-13900hx-32-gb-1-tb-ssd-windows-11-home-8-gb-graphics-nvidia-geforce-rtx-4070-16-u0023tx-gaming-laptop/p/itm02b151446f589","https://rukminim2.flixcart.com/image/312/312/xif0q/computer/5/e/s/-original-imahcd9j4fse6ynh.jpeg?q=70","543"
"COMGRNGYF9HUMTBZ","HP OMEN Intel Core i7 13th Gen 13700HX - (16 GB/512 GB SSD/Windows 11 Home/6 GB Graphics/NVIDIA GeForc...","HP","Intel Core i7 Processor (13th Gen)","16 GB DDR5 RAM","512 GB SSD","40.64 cm (16 Inch) Display","nan","Windows 11 Operating System","1 Year Onsite Warranty","竄ｹ1,39,990","竄ｹ1,76,108","20",\N,\N,\N,"No","https://www.flipkart.com/hp-omen-intel-core-i7-13th-gen-13700hx-16-gb-512-gb-ssd-windows-11-home-6-graphics-nvidia-geforce-rtx-4050-16-u0022tx-gaming-laptop/p/itm1533cace15878","https://rukminim2.flixcart.com/image/312/312/xif0q/computer/f/w/2/-original-imahcd9j5rkwxprt.jpeg?q=70","544"
"COMGRNGYCNP59XHK","HP OMEN Intel Core i7 13th Gen 13700HX - (16 GB/512 GB SSD/Windows 11 Home/8 GB Graphics/NVIDIA GeForc...","HP","Intel Core i7 Processor (13th Gen)","16 GB DDR5 RAM","512 GB SSD","40.89 cm (16.1 Inch) Display","nan","Windows 11 Operating System","1 Year Onsite Warranty","竄ｹ1,23,999","竄ｹ1,76,108","29",\N,\N,\N,"No","https://www.flipkart.com/hp-omen-intel-core-i7-13th-gen-13700hx-16-gb-512-gb-ssd-windows-11-home-8-graphics-nvidia-geforce-rtx-4060-16-wf0056tx-gaming-laptop/p/itm02b151446f589","https://rukminim2.flixcart.com/image/312/312/xif0q/computer/5/e/s/-original-imahcd9j4fse6ynh.jpeg?q=70","545"
"COMGRNGYVTE8VT7U","HP OMEN Intel Core i7 13th Gen 13700HX - (16 GB/512 GB SSD/Windows 11 Home/8 GB Graphics/NVIDIA GeForc...","HP","Intel Core i7 Processor (13th Gen)","16 GB DDR5 RAM","512 GB SSD","40.89 cm (16.1 Inch) Display","nan","Windows 11 Operating System","1 Year Onsite Warranty","竄ｹ1,23,999","竄ｹ1,76,108","29",\N,\N,\N,"No","https://www.flipkart.com/hp-omen-intel-core-i7-13th-gen-13700hx-16-gb-512-gb-ssd-windows-11-home-8-graphics-nvidia-geforce-rtx-4060-16-wf0054tx-gaming-laptop/p/itm1533cace15878","https://rukminim2.flixcart.com/image/312/312/xif0q/computer/f/w/2/-original-imahcd9j5rkwxprt.jpeg?q=70","548"
"COMGRNGYHWQHMHBE","HP OMEN Intel Core i5 13th Gen 13500HX - (16 GB/512 GB SSD/Windows 11 Home/6 GB Graphics/NVIDIA GeForc...","HP","Intel Core i5 Processor (13th Gen)","16 GB DDR5 RAM","512 GB SSD","40.89 cm (16.1 Inch) Display","nan","Windows 11 Operating System","1 Year Onsite Warranty","竄ｹ1,07,999","竄ｹ1,53,625","29",\N,\N,\N,"No","https://www.flipkart.com/hp-omen-intel-core-i5-13th-gen-13500hx-16-gb-512-gb-ssd-windows-11-home-6-graphics-nvidia-geforce-rtx-4050-16-wf0052tx-gaming-laptop/p/itm02b151446f589","https://rukminim2.flixcart.com/image/312/312/xif0q/computer/5/e/s/-original-imahcd9j4fse6ynh.jpeg?q=70","549"
"COMH898FYYFGRAFZ","Acer Aspire 3 AMD Ryzen 3 Quad Core 7330U - (16 GB/512 GB SSD/Windows 11 Home) AS15-42 Thin and Light ...","Acer","AMD Ryzen 3 Quad Core Processor","16 GB DDR4 RAM","512 GB SSD","39.62 cm (15.6 Inch) Display","nan","Windows 11 Operating System","1 Year Onsite Warranty","竄ｹ29,990","竄ｹ42,990","30","4.1","519","80","No","https://www.flipkart.com/acer-aspire-3-amd-ryzen-quad-core-7330u-16-gb-512-gb-ssd-windows-11-home-as15-42-thin-light-laptop/p/itmdaf15e01a1d1a","https://rukminim2.flixcart.com/image/312/312/xif0q/computer/7/2/u/-original-imahcd9czgtgffpz.jpeg?q=70","553"
"COMHAKFY9YUYGVDF","DELL Intel Celeron Quad Core - (8 GB/256 GB SSD/Windows 11 Pro) 5470 Thin and Light Laptop","DELL","Intel Celeron Quad Core Processor","8 GB DDR4 RAM","256 GB SSD","35.56 cm (14 inch) Display","nan","Windows 11 Operating System","nan","竄ｹ19,921","竄ｹ48,990","59","3.7","26","3","No","https://www.flipkart.com/dell-intel-celeron-quad-core-8-gb-256-gb-ssd-windows-11-pro-5470-thin-light-laptop/p/itmaa0f3ee04f93d","https://rukminim2.flixcart.com/image/312/312/xif0q/computer/x/1/d/wyse-5470-thin-and-light-laptop-dell-original-imahazwtunkggfab.jpeg?q=70","554"
"COMH8EPFGAZ5HFM3","DELL 15 AMD Ryzen 5 Hexa Core 7530U - (16 GB/512 GB SSD/Windows 11 Home) 3535 Thin and Light Laptop","DELL","AMD Ryzen 5 Hexa Core Processor","16 GB DDR4 RAM","512 GB SSD","39.62 cm (15.6 Inch) Display","nan","Windows 11 Operating System","1 Year Onsite Warranty","竄ｹ40,990","竄ｹ55,135","25","4.5","84","6","Yes","https://www.flipkart.com/dell-15-amd-ryzen-5-hexa-core-7530u-16-gb-512-gb-ssd-windows-11-home-3535-thin-light-laptop/p/itm672bf7685863c","https://rukminim2.flixcart.com/image/312/312/xif0q/computer/n/f/1/-original-imahcd9mbpxz8c3z.jpeg?q=70","555"
"COMH8EPFD8X9WXDZ","DELL 15 Intel Core i5 12th Gen 1235U - (8 GB/512 GB SSD/Windows 11 Home) 3520 Thin and Light Laptop","DELL","Intel Core i5 Processor (12th Gen)","8 GB DDR4 RAM","512 GB SSD","39.62 cm (15.6 Inch) Display","nan","Windows 11 Operating System","1 Year Onsite Warranty","竄ｹ40,990","竄ｹ62,415","34","4.1","299","10","Yes","https://www.flipkart.com/dell-15-intel-core-i5-12th-gen-1235u-8-gb-512-gb-ssd-windows-11-home-3520-thin-light-laptop/p/itm68eb02f2bb17d","https://rukminim2.flixcart.com/image/312/312/xif0q/computer/x/h/s/-original-imahcd9hfhrgeen6.jpeg?q=70","556"
"COMH8EPFRSEP9Q6M","DELL 15 Intel Core i5 12th Gen 1235U - (16 GB/512 GB SSD/Windows 11 Home) 3520 Thin and Light Laptop","DELL","Intel Core i5 Processor (12th Gen)","16 GB DDR4 RAM","512 GB SSD","39.62 cm (15.6 Inch) Display","nan","Windows 11 Operating System","1 Year Onsite Warranty","竄ｹ45,990","竄ｹ62,415","26","4.1","299","10","Yes","https://www.flipkart.com/dell-15-intel-core-i5-12th-gen-1235u-16-gb-512-gb-ssd-windows-11-home-3520-thin-light-laptop/p/itm86b6eb68a0ca0","https://rukminim2.flixcart.com/image/312/312/xif0q/computer/x/h/s/-original-imahcd9hfhrgeen6.jpeg?q=70","558"
"COMH2F22XWP7DQFM","DELL 15 Intel Core i3 12th Gen 1215U - (8 GB/512 GB SSD/Windows 11 Home) 3520 Thin and Light Laptop","DELL","Intel Core i3 Processor (12th Gen)","8 GB DDR4 RAM","512 GB SSD","39.62 cm (15.6 inch) Display","nan","64 bit Windows 11 Operating System","nan","竄ｹ31,990","竄ｹ44,861","28","4.2","788","54","Yes","https://www.flipkart.com/dell-15-intel-core-i3-12th-gen-1215u-8-gb-512-gb-ssd-windows-11-home-3520-thin-light-laptop/p/itm5d692e615c97e","https://rukminim2.flixcart.com/image/312/312/xif0q/computer/j/a/g/-original-imahcd9nvwcdgzfr.jpeg?q=70","559"
"COMH8HF2YQCKAM5C","DELL Intel Celeron Dual Core - (4 GB/256 GB SSD/4 GB EMMC Storage/Windows 10) 5470 ULTRA SLIM Thin and...","DELL","Intel Celeron Dual Core Processor","4 GB DDR4 RAM","256 GB SSD","35.56 cm (14 inch) Display","nan","Windows 10 Operating System","nan","竄ｹ18,690","竄ｹ38,990","52","4.1","52","6","No","https://www.flipkart.com/dell-intel-celeron-dual-core-4-gb-256-gb-ssd-4-emmc-storage-windows-10-5470-ultra-slim-thin-light-laptop/p/itme457af893866a","https://rukminim2.flixcart.com/image/312/312/xif0q/computer/m/u/v/dell-5470-ultra-slim-thin-and-light-laptop-dell-original-imah8hffzdagwrgz.jpeg?q=70","561"
"COMHCJWFTKN2ZUEC","Ultimus APEX 5 Intel Core i5 12th Gen 1235U - (8 GB/512 GB SSD/Windows 11 Home) NU14U3INF66BY-CR Lapto...","Ultimus","Intel Core i5 Processor (12th Gen)","8 GB DDR4 RAM","512 GB SSD","35.81 cm (14.1 inch) Display","nan","64 bit Windows 11 Home Operating System","1 Year Manufacturer Warranty","竄ｹ33,990","竄ｹ53,999","37",\N,\N,\N,"No","https://www.flipkart.com/ultimus-apex-5-intel-core-i5-12th-gen-1235u-8-gb-512-gb-ssd-windows-11-home-nu14u3inf66by-cr-laptop/p/itm5540d3e37151d","https://rukminim2.flixcart.com/image/312/312/xif0q/computer/8/x/n/apex-5-laptop-ultimus-original-imahcjwfyxcqgmcu.jpeg?q=70","562"
"COMH5G3GQ23N4AGB","DELL Latitude 3440 (2024) Intel Core i3 12th Gen 1215U - (16 GB/512 GB SSD/Windows 11 Pro) Latitude 34...","DELL","Intel Core i3 Processor (12th Gen)","16 GB DDR4 RAM","512 GB SSD","35.56 cm (14 inch) Display","nan","64 bit Windows 11 Operating System","1 Year Onsite Warranty","竄ｹ31,800","竄ｹ69,990","54","4.2","15","0","Yes","https://www.flipkart.com/dell-latitude-3440-2024-intel-core-i3-12th-gen-1215u-16-gb-512-gb-ssd-windows-11-pro-business-laptop/p/itm7f265faf0871e","https://rukminim2.flixcart.com/image/312/312/xif0q/computer/u/q/n/latitude-3440-business-laptop-dell-original-imah5g3fnzybuu6b.jpeg?q=70","564"
"COMGTQXEPE3ZKHN8","DELL Inspiron 15 with Backlit Keyboard, Intel Core i5 13th Gen 1335U - (16 GB/1 TB SSD/Windows 11 Home...","DELL","Intel Core i5 Processor (13th Gen)","16 GB DDR4 RAM","1 TB SSD","39.62 cm (15.6 Inch) Display","nan","Windows 11 Operating System","nan","竄ｹ59,990","竄ｹ92,863","35","4.2","751","38","No","https://www.flipkart.com/dell-inspiron-15-backlit-keyboard-intel-core-i5-13th-gen-1335u-16-gb-1-tb-ssd-windows-11-home-3530-thin-light-laptop/p/itm23d84e15561c4","https://rukminim2.flixcart.com/image/312/312/xif0q/computer/y/h/w/-original-imaghzahgukpkyfu.jpeg?q=70","565"
"COMH7ZE6HHRCSSFQ","DELL MSO'2024 Intel Core i3 13th Gen 1305U - (8 GB/512 GB SSD/Windows 11 Home) Inspiron 3530 Thin and ...","DELL","Intel Core i3 Processor (13th Gen)","8 GB DDR4 RAM","512 GB SSD","39.62 cm (15.6 inch) Display","nan","64 bit Windows 11 Home Operating System","nan","竄ｹ37,490","竄ｹ49,422","24","4.2","190","14","Yes","https://www.flipkart.com/dell-mso-2024-intel-core-i3-13th-gen-1305u-8-gb-512-gb-ssd-windows-11-home-inspiron-3530-thin-light-laptop/p/itm56b02a3274b1b","https://rukminim2.flixcart.com/image/312/312/xif0q/computer/c/p/q/inspiron-3530-thin-and-light-laptop-dell-original-imah7wsqrek589hf.jpeg?q=70","566"
"COMHYGBZZNWXZXZE","DELL Inspiron 15 with Backlit Keyboard, Intel Core i5 13th Gen 1334U - (8 GB/512 GB SSD/Windows 11 Hom...","DELL","Intel Core i5 Processor (13th Gen)","8 GB DDR4 RAM","512 GB SSD","39.62 cm (15.6 inch) Display","nan","64 bit Windows 11 Operating System","nan","竄ｹ51,990","竄ｹ66,472","21","4.2","751","38","Yes","https://www.flipkart.com/dell-inspiron-15-backlit-keyboard-intel-core-i5-13th-gen-1334u-8-gb-512-gb-ssd-windows-11-home-3530-thin-light-laptop/p/itm23d84e15561c4","https://rukminim2.flixcart.com/image/312/312/xif0q/computer/l/y/r/inspiron-3530-thin-and-light-laptop-dell-original-imahyjjhdgjafest.jpeg?q=70","567"
"COMGXZMPKHMQTZ2K","DELL Inspiron 5620 Intel Core i5 12th Gen 1235U - (16 GB/512 GB SSD/Windows 11 Home) Inspiron 5620 Lap...","DELL","Intel Core i5 Processor (12th Gen)","16 GB DDR5 RAM","512 GB SSD","40.64 cm (16 inch) Display","nan","64 bit Windows 11 Operating System","1 Year Onsite Warranty","竄ｹ54,999","竄ｹ1,07,990","49","4.8","5","1","No","https://www.flipkart.com/dell-inspiron-5620-intel-core-i5-12th-gen-1235u-16-gb-512-gb-ssd-windows-11-home-laptop/p/itm98fbff8463e2c","https://rukminim2.flixcart.com/image/312/312/xif0q/computer/f/9/k/inspiron-5620-laptop-dell-original-imagxzmpfukzu2fg.jpeg?q=70","570"
"COMGTR9KKFFVXJ4R","DELL AMD Ryzen 3 Quad Core R3-5300U - (8 GB/512 GB SSD/Windows 11 Home) IN352547R7J001ORB1 Laptop","DELL","AMD Ryzen 3 Quad Core Processor","8 GB DDR4 RAM","512 GB SSD","39.62 cm (15.6 inch) Display","nan","Windows 11 Operating System","1 Year warranty","竄ｹ40,800","竄ｹ49,500","17","4.3","13","2","No","https://www.flipkart.com/dell-amd-ryzen-3-quad-core-r3-5300u-8-gb-512-gb-ssd-windows-11-home-in352547r7j001orb1-laptop/p/itmb5ec4a0058146","https://rukminim2.flixcart.com/image/312/312/xif0q/computer/c/t/h/inspiron-3525-laptop-dell-original-imagu3b6trm7rucg.jpeg?q=70","571"
"COMGVBZBDZJXUZFC","CHUWI Intel Celeron Quad Core 12th Gen N100 - (8 GB/256 GB SSD/Windows 11 Home) GemiBook X_Pro Laptop","CHUWI","Intel Celeron Quad Core Processor (12th Gen)","8 GB LPDDR5 RAM","256 GB SSD","35.81 cm (14.1 inch) Display","nan","64 bit Windows 11 Home Operating System","1 Year Onsite Warranty","竄ｹ18,990","竄ｹ34,990","45","4","606","113","Yes","https://www.flipkart.com/chuwi-intel-celeron-quad-core-12th-gen-n100-8-gb-256-gb-ssd-windows-11-home-gemibook-x-pro-laptop/p/itm95998eabab6f9","https://rukminim2.flixcart.com/image/312/312/xif0q/computer/b/r/w/gemibook-x-pro-laptop-chuwi-original-imagwfm84fgdm8bv.jpeg?q=70","573"
"COMGYCG8HYX7CGQE","DELL Vostro Intel Core i3 10th Gen 1005G1 - (4 GB/256 GB SSD/Windows 10 Home) Vostro 3401 Thin and Lig...","DELL","Intel Core i3 Processor (10th Gen)","4 GB DDR4 RAM","256 GB SSD","35.56 cm (14 inch) Display","nan","64 bit Windows 10 Operating System","1 Year Limited Hardware Warranty, In Home Service After Remote Diagnosis - Retail","竄ｹ31,999","竄ｹ36,057","11","4.3","1284","137","No","https://www.flipkart.com/dell-vostro-intel-core-i3-10th-gen-1005g1-4-gb-256-gb-ssd-windows-10-home-3401-thin-light-laptop/p/itm828be4c88ee96","https://rukminim2.flixcart.com/image/312/312/ksyz8280/computer/7/b/r/na-thin-and-light-laptop-dell-original-imag6f68yfr2eyvh.jpeg?q=70","574"
"COMGWFY5XBAQKMGP","DELL Intel Core i3 13th Gen 1305U - (8 GB/512 GB SSD/Windows 11 Home) Inspiron 3530 Thin and Light Lap...","DELL","Intel Core i3 Processor (13th Gen)","8 GB DDR4 RAM","512 GB SSD","39.62 cm (15.6 Inch) Display","nan","Windows 11 Operating System","nan","竄ｹ36,490","竄ｹ56,870","35","4.1","438","35","No","https://www.flipkart.com/dell-intel-core-i3-13th-gen-1305u-8-gb-512-gb-ssd-windows-11-home-inspiron-3530-thin-light-laptop/p/itm23d84e15561c4","https://rukminim2.flixcart.com/image/312/312/xif0q/computer/h/s/9/inspiron-3520-thin-and-light-laptop-dell-original-imahfys2qpfbdwgp.jpeg?q=70","575"
"COMGQFB6ZZ3REMZH","DELL Inspiron 15 AMD Ryzen 5 Quad Core 5500u - (8 GB/512 GB SSD/Windows 11 Home) Inspiron 3525 Thin an...","DELL","AMD Ryzen 5 Quad Core Processor","8 GB DDR4 RAM","512 GB SSD","39.62 cm (15.6 inch) Display","nan","64 bit Windows 11 Operating System","1 Year Onsite Warranty","竄ｹ39,890","竄ｹ62,924","36","4.1","66","7","No","https://www.flipkart.com/dell-inspiron-15-amd-ryzen-5-quad-core-5500u-8-gb-512-gb-ssd-windows-11-home-3525-thin-light-laptop/p/itm31662ec7a2db3","https://rukminim2.flixcart.com/image/312/312/xif0q/computer/o/m/n/inspiron-3525-thin-and-light-laptop-dell-original-imah3wgfb5kn8xph.jpeg?q=70","576"
"COMGSC4EXKDA9WGR","DELL Intel Core i3 11th Gen 1115G4 - (8 GB/512 GB SSD/Windows 11 Home) Inspiron 3520 Laptop","DELL","Intel Core i3 Processor (11th Gen)","8 GB DDR4 RAM","512 GB SSD","39.62 cm (15.6 Inch) Display","nan","Windows 11 Operating System","1 Year Onsite Warranty","竄ｹ39,499","竄ｹ52,000","24","4.2","85","9","No","https://www.flipkart.com/dell-intel-core-i3-11th-gen-1115g4-8-gb-512-gb-ssd-windows-11-home-inspiron-3520-laptop/p/itmee7c4aae7ceef","https://rukminim2.flixcart.com/image/312/312/xif0q/computer/s/m/s/inspiron-3520-laptop-dell-original-imagshpyzj8ju2e8.jpeg?q=70","577"
"COMHFMSGDYGUZMJH","DELL Latitude 3540 Intel Core i3 12th Gen - (8 GB/512 GB SSD/Ubuntu) Latitude 3540 Laptop","DELL","Intel Core i3 Processor (12th Gen)","8 GB DDR4 RAM","512 GB SSD","39.62 cm (15.6 inch) Display","nan","Linux/Ubuntu Operating System","nan","竄ｹ31,990","竄ｹ48,890","34","4","100","8","Yes","https://www.flipkart.com/dell-latitude-3540-intel-core-i3-12th-gen-8-gb-512-gb-ssd-ubuntu-laptop/p/itm7f265faf0871e","https://rukminim2.flixcart.com/image/312/312/xif0q/computer/m/r/j/latitude-3540-laptop-dell-original-imah4khrdgzs93na.jpeg?q=70","580"
"COMGNZAQM7HSFRY3","DELL Latitude Intel Core i3 11th Gen Core i3-1115G4 - (8 GB/256 GB SSD/Ubuntu) 3420 Business Laptop","DELL","Intel Core i3 Processor (11th Gen)","8 GB DDR4 RAM","256 GB SSD","35.56 cm (14 inch) Display","nan","64 bit Linux/Ubuntu Operating System","nan","竄ｹ27,870","竄ｹ55,800","50","4.4","38","4","No","https://www.flipkart.com/dell-latitude-intel-core-i3-11th-gen-i3-1115g4-8-gb-256-gb-ssd-ubuntu-3420-business-laptop/p/itmec8d56008358f","https://rukminim2.flixcart.com/image/312/312/xif0q/computer/y/y/r/latitude-3420-business-laptop-dell-original-imagnzaqfkcyn2vp.jpeg?q=70","581"
"COMH88MJXJTQSN8B","DELL Inspiron MSO 2024 Intel Core i5 13th Gen 1334U - (16 GB/512 GB SSD/Windows 11 Home) Inspiron 3530...","DELL","Intel Core i5 Processor (13th Gen)","16 GB DDR4 RAM","512 GB SSD","39.62 cm (15.6 Inch) Display","nan","64 bit Windows 11 Operating System","nan","竄ｹ54,199","竄ｹ75,000","27","4.3","225","10","No","https://www.flipkart.com/dell-inspiron-mso-2024-intel-core-i5-13th-gen-1334u-16-gb-512-gb-ssd-windows-11-home-3530-thin-light-laptop/p/itm56b02a3274b1b","https://rukminim2.flixcart.com/image/312/312/xif0q/computer/e/y/p/inspiron-3530-thin-and-light-laptop-dell-original-imah89qd2acsdzwg.jpeg?q=70","584"
"COMGYQ2C9QPP7GZB","DELL Inspiron 16 5630 Intel Core i7 1360P - (16 GB/1 TB SSD/Windows 11 Home) IN5630MV7F4001ORS1 Laptop","DELL","Intel Core i7 Processor","16 GB LPDDR5 RAM","1 TB SSD","40.64 cm (16 inch) Display","nan","64 bit Windows 11 Operating System","1 Year warranty","竄ｹ1,04,990","竄ｹ1,13,405","7","4.8","5","0","Yes","https://www.flipkart.com/dell-inspiron-16-5630-intel-core-i7-1360p-16-gb-1-tb-ssd-windows-11-home-in5630mv7f4001ors1-laptop/p/itma88541805ac28","https://rukminim2.flixcart.com/image/312/312/xif0q/computer/p/s/2/inspiron-laptop-dell-original-imah27ravxem5baj.jpeg?q=70","585"
"COMGYCG8YVCZHJCR","DELL Vostro Intel Core i3 11th Gen 1115G4 - (4 GB/1 TB HDD/256 GB SSD/Windows 10 Home) Vostro 3400 Thi...","DELL","Intel Core i3 Processor (11th Gen)","4 GB DDR4 RAM","1 TB HDD|256 GB SSD","35.56 cm (14 inch) Display","nan","64 bit Windows 10 Operating System","1 Year Limited Hardware Warranty, In Home Service After Remote Diagnosis - Retail","竄ｹ39,999","竄ｹ45,810","12","4","276","17","No","https://www.flipkart.com/dell-vostro-intel-core-i3-11th-gen-1115g4-4-gb-1-tb-hdd-256-gb-ssd-windows-10-home-3400-thin-light-laptop/p/itm23f2fc608a282","https://rukminim2.flixcart.com/image/312/312/ksyz8280/computer/b/7/0/na-thin-and-light-laptop-dell-original-imag6f5zes6jhdzk.jpeg?q=70","586"
"COMGUXC4UXUCH5BQ","DELL 15 Intel Core i7 13th Gen 1355U - (16 GB/512 GB SSD/Windows 11 Home) 3530 Thin and Light Laptop","DELL","Intel Core i7 Processor (13th Gen)","16 GB DDR4 RAM","512 GB SSD","39.62 cm (15.6 inch) Display","nan","64 bit Windows 11 Operating System","nan","竄ｹ68,490","竄ｹ88,997","23","4.3","162","11","Yes","https://www.flipkart.com/dell-15-intel-core-i7-13th-gen-1355u-16-gb-512-gb-ssd-windows-11-home-3530-thin-light-laptop/p/itm1e8ad2b18043a","https://rukminim2.flixcart.com/image/312/312/xif0q/computer/q/z/t/-original-imahcd9zcthgfzm3.jpeg?q=70","587"
"COMH8EPFGGZ9VRF6","DELL Inspiron 3535 AMD Ryzen 5 Quad Core 7520U - (8 GB/512 GB SSD/Windows 11 Home) Inspiron 3535 Thin ...","DELL","AMD Ryzen 5 Quad Core Processor","8 GB LPDDR5 RAM","512 GB SSD","39.62 cm (15.6 Inch) Display","nan","Windows 11 Operating System","1 Year Onsite Warranty","竄ｹ37,100","竄ｹ50,300","26",\N,\N,\N,"No","https://www.flipkart.com/dell-inspiron-3535-amd-ryzen-5-quad-core-7520u-8-gb-512-gb-ssd-windows-11-home-thin-light-laptop/p/itm672bf7685863c","https://rukminim2.flixcart.com/image/312/312/xif0q/computer/u/m/v/-original-imah8pshmdu2fezx.jpeg?q=70","589"
"COMGJ75HN66KHZYB","DELL Inspiron 15 with Backlit Keyboard, Intel Core i5 12th Gen 1235U - (8 GB/512 GB SSD/Windows 11 Hom...","DELL","Intel Core i5 Processor (12th Gen)","8 GB DDR4 RAM","512 GB SSD","39.62 cm (15.6 Inch) Display","nan","64 bit Windows 11 Operating System","nan","竄ｹ50,990","竄ｹ69,990","27","4.2","1227","77","Yes","https://www.flipkart.com/dell-inspiron-15-backlit-keyboard-intel-core-i5-12th-gen-1235u-8-gb-512-gb-ssd-windows-11-home-new-laptop-thin-light/p/itm23d84e15561c4","https://rukminim2.flixcart.com/image/312/312/xif0q/computer/y/h/w/-original-imaghzahgukpkyfu.jpeg?q=70","590"
"COMGREHGGSSMPVDR","DELL Latitude 14 Intel Core i7 11th Gen - (16 GB/512 GB SSD/Windows 11 Pro) Latitude 3420 Business Lap...","DELL","Intel Core i7 Processor (11th Gen)","16 GB DDR4 RAM","512 GB SSD","35.56 cm (14 inch) Display","nan","64 bit Windows 11 Operating System","3-Year ADP Warranty","竄ｹ89,100","竄ｹ1,20,000","25",\N,\N,\N,"No","https://www.flipkart.com/dell-latitude-14-intel-core-i7-11th-gen-16-gb-512-gb-ssd-windows-11-pro-3420-business-laptop/p/itmec8d56008358f","https://rukminim2.flixcart.com/image/312/312/kyt0ya80/computer/3/h/r/3420-i5-11th-1135g7-business-laptop-dell-original-imagayud8qzhpdxw.jpeg?q=70","591"
"COMGQYXZ95EXGREZ","DELL Intel Core i5 13450HX - (16 GB/512 GB SSD/Windows 11 Home/6 GB Graphics/NVIDIA GeForce RTX 3050) ...","DELL","Intel Core i5 Processor","16 GB DDR5 RAM","512 GB SSD","39.62 cm (15.6 Inch) Display","nan","Windows 11 Operating System","1 Year Onsite Warranty","竄ｹ72,999","竄ｹ1,21,167","39","4.1","10","2","No","https://www.flipkart.com/dell-intel-core-i5-13450hx-16-gb-512-gb-ssd-windows-11-home-6-graphics-nvidia-geforce-rtx-3050-g15-5530-gaming-laptop/p/itmba9387b52046b","https://rukminim2.flixcart.com/image/312/312/xif0q/computer/p/s/m/-original-imahcd9qdbxfrsdq.jpeg?q=70","594"
"COMH9499QGJF5SHK","DELL Inspiron 5440 Intel Core i5 13th Gen 1334U - (16 GB/1 TB SSD/Windows 11 Home) Inspiron 5440 Thin ...","DELL","Intel Core i5 Processor (13th Gen)","16 GB DDR5 RAM","1 TB SSD","35.56 cm (14 Inch) Display","nan","Windows 11 Operating System","nan","竄ｹ72,499","竄ｹ85,000","14",\N,\N,\N,"No","https://www.flipkart.com/dell-inspiron-5440-intel-core-i5-13th-gen-1334u-16-gb-1-tb-ssd-windows-11-home-thin-light-laptop/p/itmf73fac06cc3e5","https://rukminim2.flixcart.com/image/312/312/xif0q/computer/g/x/7/-original-imahcn9ht9d2hvss.jpeg?q=70","595"
"COMGQRCGGJD2TYXH","DELL Inspiron 5430 Intel Core i5 13th Gen - (8 GB/512 GB SSD/Windows 11 Home) IN5430YXVW9M01ORS1 Lapto...","DELL","Intel Core i5 Processor (13th Gen)","8 GB LPDDR5 RAM","512 GB SSD","35.56 cm (14 inch) Display","nan","Windows 11 Operating System","1-year manufacturing warranty","竄ｹ49,999","竄ｹ88,377","43","3.9","22","1","No","https://www.flipkart.com/dell-inspiron-5430-intel-core-i5-13th-gen-8-gb-512-gb-ssd-windows-11-home-in5430yxvw9m01ors1-laptop/p/itm6efbb8570caef","https://rukminim2.flixcart.com/image/312/312/xif0q/computer/o/d/q/inspiron-5430-laptop-dell-original-imagqtg45p3hzjaj.jpeg?q=70","596"
"COMGQ2TVQWSF2S7H","DELL Inspiron 5430 Intel Core i5 13th Gen - (16 GB/512 GB SSD/Windows 11 Home) IN54308TR2G001ORS1 Thin...","DELL","Intel Core i5 Processor (13th Gen)","16 GB LPDDR5 RAM","512 GB SSD","35.56 cm (14 inch) Display","nan","64 bit Windows 11 Operating System","1-year warranty","竄ｹ61,990","竄ｹ93,167","33","4","191","22","No","https://www.flipkart.com/dell-inspiron-5430-intel-core-i5-13th-gen-16-gb-512-gb-ssd-windows-11-home-in54308tr2g001ors1-thin-light-laptop/p/itm2d84af8f1410c","https://rukminim2.flixcart.com/image/312/312/xif0q/computer/f/0/u/inspiron-5430-laptop-dell-original-imagq2ny8txfzgyt.jpeg?q=70","597"
"COMH9YRYAGNURVWG","DELL Wyse 5470 (2025) Intel Celeron Quad Core N4100 - (4 GB/256 GB SSD/16 GB EMMC Storage/Windows 11 H...","DELL","Intel Celeron Quad Core Processor","4 GB DDR4 RAM","256 GB SSD","35.56 cm (14 inch) Display","nan","64 bit Windows 11 Home Operating System","1 Year Onsite Warranty","竄ｹ20,990","竄ｹ45,990","54",\N,\N,\N,"No","https://www.flipkart.com/dell-wyse-5470-2025-intel-celeron-quad-core-n4100-4-gb-256-gb-ssd-16-emmc-storage-windows-11-home-thin-light-laptop/p/itmfa95ab828d0e1","https://rukminim2.flixcart.com/image/312/312/xif0q/computer/r/n/z/wyse-5470-thin-and-light-laptop-dell-original-imah9yryprvgg4ed.jpeg?q=70","600"
"COMGKAVGSFBZFMHP","DELL Inspiron 3520 Intel Core i5 12th Gen 1235U - (8 GB/512 GB SSD/Windows 11 Home) 0IN352010031RINB1M...","DELL","Intel Core i5 Processor (12th Gen)","8 GB DDR4 RAM","512 GB SSD","39.62 cm (15.6 Inch) Display","nan","Windows 11 Operating System","1 Year Onsite Warranty","竄ｹ49,990","竄ｹ62,626","20","4.2","1227","77","Yes","https://www.flipkart.com/dell-inspiron-3520-intel-core-i5-12th-gen-1235u-8-gb-512-gb-ssd-windows-11-home-0in352010031rinb1m-thin-light-laptop/p/itmc5a5a5b7c13f6","https://rukminim2.flixcart.com/image/312/312/xif0q/computer/b/j/f/new-inspiron-15-laptop-thin-and-light-laptop-dell-original-imah27qxqfjqdxzm.jpeg?q=70","601"
"COMGZUYDYPUZAAXD","Samsung Galaxy Book4 Metal Intel Core i7 13th Gen 1355U - (16 GB/512 GB SSD/Windows 11 Home) NP750XGJ-...","Samsung","Intel Core i7 Processor (13th Gen)","16 GB LPDDR4X RAM","512 GB SSD","39.62 cm (15.6 Inch) Display","nan","Windows 11 Operating System","1 Year Manufacturer Warranty for Laptop and 6 Months for In-Box Accessories","竄ｹ59,990","竄ｹ89,689","33","4.4","2617","173","Yes","https://www.flipkart.com/samsung-galaxy-book4-metal-intel-core-i7-13th-gen-1355u-16-gb-512-gb-ssd-windows-11-home-np750xgj-kg3in-np750xgj-lg3in-thin-light-laptop/p/itm1df5212efb9fc","https://rukminim2.flixcart.com/image/312/312/xif0q/computer/k/y/w/-original-imahcd9kpfka6ch8.jpeg?q=70","603"
"COMHF2JYNVUNJ4NM","DELL Intel Core i5 13th Gen 1334U - (16 GB/512 GB SSD/Windows 11 Home) Vostro 3530 Thin and Light Lapt...","DELL","Intel Core i5 Processor (13th Gen)","16 GB DDR4 RAM","512 GB SSD","39.62 cm (15.6 Inch) Display","nan","Windows 11 Operating System","nan","竄ｹ52,749","竄ｹ75,000","29","4","43","1","No","https://www.flipkart.com/dell-intel-core-i5-13th-gen-1334u-16-gb-512-gb-ssd-windows-11-home-vostro-3530-thin-light-laptop/p/itm004d57924c22f","https://rukminim2.flixcart.com/image/312/312/xif0q/computer/0/2/z/vostro-3530-thin-and-light-laptop-dell-original-imahf3qutmdbgu3s.jpeg?q=70","604"
"COMGSRNB8X9QVTGH","DELL Inspiron 7430 Intel Core i5 13th Gen 1335U - (8 GB/512 GB SSD/Windows 11 Home) Inspiron 7430 2in1...","DELL","Intel Core i5 Processor (13th Gen)","8 GB LPDDR5 RAM","512 GB SSD","35.56 cm (14 inch) Touchscreen Display","nan","Windows 11 Operating System","nan","竄ｹ67,990","竄ｹ1,01,990","33","4.7","7","0","No","https://www.flipkart.com/dell-inspiron-7430-intel-core-i5-13th-gen-1335u-8-gb-512-gb-ssd-windows-11-home-2in1-2-1-laptop/p/itm319ec6e7d1fe5","https://rukminim2.flixcart.com/image/312/312/xif0q/computer/c/z/g/inspiron-7430-2in1-laptop-dell-original-imahfruhzaec8yxf.jpeg?q=70","605"
"COMGJ75HKASCXKBH","DELL Inspiron 15 with Backlit Keyboard, Intel Core i5 12th Gen 1235U - (8 GB/512 GB SSD/Windows 11 Hom...","DELL","Intel Core i5 Processor (12th Gen)","8 GB DDR4 RAM","512 GB SSD","39.62 cm (15.6 Inch) Display","nan","64 bit Windows 11 Operating System","nan","竄ｹ47,999","竄ｹ85,751","44","4.3","353","17","No","https://www.flipkart.com/dell-inspiron-15-backlit-keyboard-intel-core-i5-12th-gen-1235u-8-gb-512-gb-ssd-windows-11-home-new-laptop-thin-light/p/itm23d84e15561c4","https://rukminim2.flixcart.com/image/312/312/xif0q/computer/y/h/w/-original-imaghzahgukpkyfu.jpeg?q=70","606"
"COMFYZC5Y4GZYEWN","DELL Vostro Intel Core i3 10th Gen 1005G1 - (8 GB/1 TB HDD/Windows 10 Home) Vostro 3401 Thin and Light...","DELL","Intel Core i3 Processor (10th Gen)","8 GB DDR4 RAM","1 TB HDD","35.56 cm (14 inch) Display","nan","64 bit Windows 10 Operating System","1 Year Onsite Warranty","竄ｹ45,060","竄ｹ54,517","17","4","2089","208","No","https://www.flipkart.com/dell-vostro-intel-core-i3-10th-gen-1005g1-8-gb-1-tb-hdd-windows-10-home-3401-thin-light-laptop/p/itm23f2fc608a282","https://rukminim2.flixcart.com/image/312/312/ksyz8280/computer/b/7/0/na-thin-and-light-laptop-dell-original-imag6f5zes6jhdzk.jpeg?q=70","607"
"COMGWNGEGQSNUN4G","DELL Dell Inspiron 3525 AMD Ryzen 5 5500U - (8 GB/512 GB SSD/Windows 11 Home) D560838WIN9B Thin and Li...","DELL","AMD Ryzen 5 Processor","8 GB DDR4 RAM","512 GB SSD","39.62 cm (15.6 inch) Display","nan","Windows 11 Operating System","1 Year warranty","竄ｹ33,999","竄ｹ50,000","32","3.9","7","2","No","https://www.flipkart.com/dell-inspiron-3525-amd-ryzen-5-5500u-8-gb-512-gb-ssd-windows-11-home-d560838win9b-thin-light-laptop/p/itm252f7e9d36ac5","https://rukminim2.flixcart.com/image/312/312/xif0q/computer/z/m/i/inspiron-15-thin-and-light-laptop-dell-original-imagwngekycgvgg4.jpeg?q=70","610"
"COMG43Z5SKXQZGGY","DELL Inspiron Intel Core i5 11th Gen 11300H - (16 GB/512 GB SSD/Windows 10/2 GB Graphics) Inspiron 551...","DELL","Intel Core i5 Processor (11th Gen)","16 GB DDR4 RAM","512 GB SSD","39.62 cm (15.6 inch) Display","nan","64 bit Windows 10 Operating System","1 Year Onsite Warranty","竄ｹ62,499","竄ｹ81,872","23","3.8","13","0","No","https://www.flipkart.com/dell-inspiron-intel-core-i5-11th-gen-11300h-16-gb-512-gb-ssd-windows-10-2-graphics-5518-thin-light-laptop/p/itm1e9b014e322b6","https://rukminim2.flixcart.com/image/312/312/ku5ufm80/computer/q/u/6/na-thin-and-light-laptop-dell-original-imag7csrq6zahxx3.jpeg?q=70","611"
"COMH9YQB7QCMDRBF","DELL Wyse 5470 (2025) Intel Celeron Quad Core N4100 - (4 GB/512 GB SSD/16 GB EMMC Storage/Windows 11 H...","DELL","Intel Celeron Quad Core Processor","4 GB DDR4 RAM","512 GB SSD","35.56 cm (14 inch) Display","nan","64 bit Windows 11 Home Operating System","1 Year Onsite Warranty","竄ｹ22,490","竄ｹ48,990","54",\N,\N,\N,"No","https://www.flipkart.com/dell-wyse-5470-2025-intel-celeron-quad-core-n4100-4-gb-512-gb-ssd-16-emmc-storage-windows-11-home-thin-light-laptop/p/itm4798f59b76189","https://rukminim2.flixcart.com/image/312/312/xif0q/computer/p/f/l/wyse-5470-thin-and-light-laptop-dell-original-imah9yqay8gkt8t8.jpeg?q=70","614"
"COMH8Z22HHSDHEXH","DELL Vostro 3520 Intel Core i5 12th Gen 1235U - (16 GB/512 GB SSD/Windows 11 Home) Vostro 3520 Thin an...","DELL","Intel Core i5 Processor (12th Gen)","16 GB DDR4 RAM","512 GB SSD","39.62 cm (15.6 inch) Display","nan","Windows 11 Operating System","1 Year Onsite Warranty","竄ｹ48,490","竄ｹ68,718","29","4.3","353","17","Yes","https://www.flipkart.com/dell-vostro-3520-intel-core-i5-12th-gen-1235u-16-gb-512-gb-ssd-windows-11-home-thin-light-laptop/p/itm8cb48f5a42eb1","https://rukminim2.flixcart.com/image/312/312/xif0q/computer/7/h/8/vostro-3520-thin-and-light-laptop-dell-original-imah8zwby3ywckju.jpeg?q=70","615"
"COMGH8YQSUUZTXWG","DELL Vostro Intel Core i5 12th Gen 1240P - (8 GB/512 GB SSD/Windows 11 Home) Vostro 5620 Thin and Ligh...","DELL","Intel Core i5 Processor (12th Gen)","8 GB DDR4 RAM","512 GB SSD","40.64 cm (16 inch) Display","nan","64 bit Windows 11 Operating System","nan","竄ｹ74,990","竄ｹ89,694","16","4.5","12","3","No","https://www.flipkart.com/dell-vostro-intel-core-i5-12th-gen-1240p-8-gb-512-gb-ssd-windows-11-home-5620-thin-light-laptop/p/itm7977c9f4dbcfb","https://rukminim2.flixcart.com/image/312/312/xif0q/computer/k/8/a/vostro-5620-thin-and-light-laptop-dell-original-imagkz9fxzcgsnry.jpeg?q=70","616"
"COMH8EPFSW2FF93K","DELL 14 Intel Core i5 13th Gen 1334U - (16 GB/512 GB SSD/Windows 11 Home) 7440 2 in 1 Laptop","DELL","Intel Core i5 Processor (13th Gen)","16 GB DDR5 RAM","512 GB SSD","35.56 cm (14 Inch) Touchscreen Display","nan","Windows 11 Operating System","nan","竄ｹ78,440","竄ｹ85,574","8","4","7","1","No","https://www.flipkart.com/dell-14-intel-core-i5-13th-gen-1334u-16-gb-512-gb-ssd-windows-11-home-7440-2-1-laptop/p/itm8f25e9cbb34c3","https://rukminim2.flixcart.com/image/312/312/xif0q/computer/f/8/o/-original-imahcd9be9dphqay.jpeg?q=70","617"
"COMGZ8NDUXGPXTVZ","DELL Intel Core i3 13th Gen 1305U - (8 GB/512 GB SSD/Windows 11 Home) Vostro 3530 Thin and Light Lapto...","DELL","Intel Core i3 Processor (13th Gen)","8 GB DDR4 RAM","512 GB SSD","39.62 cm (15.6 Inch) Display","nan","Windows 11 Operating System","1 Year Onsite warranty","竄ｹ35,990","竄ｹ53,658","32","4.1","438","35","Yes","https://www.flipkart.com/dell-intel-core-i3-13th-gen-1305u-8-gb-512-gb-ssd-windows-11-home-vostro-3530-thin-light-laptop/p/itm79bd3633b64b4","https://rukminim2.flixcart.com/image/312/312/xif0q/computer/m/k/i/-original-imahcd9zywgyxys2.jpeg?q=70","620"
"COMGFPGXDA6KTNXY","DELL Inspiron 5320 Intel Core i5 12th Gen 1240P - (16 GB/512 GB SSD/Windows 11 Home) Inspiron 5320 Thi...","DELL","Intel Core i5 Processor (12th Gen)","16 GB DDR5 RAM","512 GB SSD","33.0 cm (12.9921 inch) Display","nan","64 bit Windows 11 Operating System","nan","竄ｹ64,999","竄ｹ99,861","34","4.2","23","5","No","https://www.flipkart.com/dell-inspiron-5320-intel-core-i5-12th-gen-1240p-16-gb-512-gb-ssd-windows-11-home-thin-light-laptop/p/itm9e4212db07bfc","https://rukminim2.flixcart.com/image/312/312/xif0q/computer/f/g/y/-original-imahcd9h2mcapdfe.jpeg?q=70","621"
"COMGY2H4FQTJPRWB","Samsung Galaxy Book4 Pro Evo AI PC Intel Core Ultra 7 155H - (16 GB/512 GB SSD/Windows 11 Home) NP940X...","Samsung","Intel Core Ultra 7 Processor","16 GB LPDDR5X RAM","512 GB SSD","35.56 cm (14 inch) Touchscreen Display","nan","64 bit Windows 11 Operating System","1 Year Manufacturer Warranty for Laptop and 6 Months for In-Box Accessories","竄ｹ1,38,890","竄ｹ1,60,989","13","4.5","53","5","Yes","https://www.flipkart.com/samsung-galaxy-book4-pro-evo-ai-pc-intel-core-ultra-7-155h-16-gb-512-gb-ssd-windows-11-home-np940xgk-kg2in-np940xgk-lg2in-thin-light-laptop/p/itm16e1d4d75c040","https://rukminim2.flixcart.com/image/312/312/xif0q/computer/r/e/d/-original-imahcd9qpc8hjgyz.jpeg?q=70","622"
"COMGY2H4SSYY68DX","Samsung Galaxy Book4 Pro Evo AI PC Intel Core Ultra 7 155H - (16 GB/512 GB SSD/Windows 11 Home) NP960X...","Samsung","Intel Core Ultra 7 Processor","16 GB LPDDR5X RAM","512 GB SSD","40.64 cm (16 inch) Touchscreen Display","nan","64 bit Windows 11 Operating System","1 Year Manufacturer Warranty for Laptop and 6 Months for In-Box Accessories","竄ｹ1,49,990","竄ｹ1,72,489","13","4.5","53","5","Yes","https://www.flipkart.com/samsung-galaxy-book4-pro-evo-ai-pc-intel-core-ultra-7-155h-16-gb-512-gb-ssd-windows-11-home-np960xgk-kg2in-np960xgk-lg2in-thin-light-laptop/p/itm370bc665c0725","https://rukminim2.flixcart.com/image/312/312/xif0q/computer/s/4/m/-original-imahcd99ycyg3qez.jpeg?q=70","623"
"COMGD436SZUYWXCV","DELL Inspiron AMD Ryzen 7 Octa Core 5825U - (16 GB/512 GB SSD/Windows 11 Home) Vostro 5625 Notebook","DELL","AMD Ryzen 7 Octa Core Processor","16 GB DDR4 RAM","512 GB SSD","40.64 cm (16 Inch) Display","nan","64 bit Windows 11 Operating System","1 Year Onsite Warranty","竄ｹ86,990","竄ｹ93,766","7","4.2","6","1","No","https://www.flipkart.com/dell-inspiron-amd-ryzen-7-octa-core-5825u-16-gb-512-gb-ssd-windows-11-home-vostro-5625-notebook/p/itmc3ac8a119f1b8","https://rukminim2.flixcart.com/image/312/312/l1mh7rk0/computer/2/6/a/vostro-5625-notebook-dell-original-imagd5kg5qmvec8z.jpeg?q=70","624"
"COMHATEFDZGNK4AB","DELL Inspiron 3530 Intel Core i7 13th Gen 1355U・ｽ - (16 GB/512 GB SSD/Windows 11 Home) Inspiron 3530 Th...","DELL","Intel Core i7 Processor (13th Gen)","16 GB DDR4 RAM","512 GB SSD","39.62 cm (15.6 Inch) Display","nan","Windows 11 Home Operating System","nan","竄ｹ66,396","竄ｹ89,999","26","4.3","162","11","No","https://www.flipkart.com/dell-inspiron-3530-intel-core-i7-13th-gen-1355u-16-gb-512-gb-ssd-windows-11-home-thin-light-laptop/p/itm1e8ad2b18043a","https://rukminim2.flixcart.com/image/312/312/xif0q/computer/z/w/o/inspiron-3530-thin-and-light-laptop-dell-original-imahashyrfwbrehc.jpeg?q=70","625"
"COMGRGYFCKYEDQEP","DELL Inspiron Intel Core i3 13th Gen 1305U - (8 GB/512 GB SSD/Windows 11 Home) 3530 Thin and Light Lap...","DELL","Intel Core i3 Processor (13th Gen)","8 GB DDR4 RAM","512 GB SSD","39.62 cm (15.6 inch) Display","nan","64 bit Windows 11 Operating System","1 year domestic warranty","竄ｹ37,490","竄ｹ61,440","38","3.9","19","0","Yes","https://www.flipkart.com/dell-inspiron-intel-core-i3-13th-gen-1305u-8-gb-512-gb-ssd-windows-11-home-3530-thin-light-laptop/p/itm1e8ad2b18043a","https://rukminim2.flixcart.com/image/312/312/xif0q/computer/j/b/k/inspiron-15-thin-and-light-laptop-dell-original-imagrgyf8px89mhp.jpeg?q=70","626"
"COMGFPEHNYZEG3U9","DELL Vostro Intel Core i3 11th Gen 1115G4 - (8 GB/512 GB SSD/Windows 11 Home) Vostro 3420 Thin and Lig...","DELL","Intel Core i3 Processor (11th Gen)","8 GB DDR4 RAM","512 GB SSD","35.56 cm (14 inch) Display","nan","64 bit Windows 11 Operating System","nan","竄ｹ34,500","竄ｹ56,700","39","3.9","149","8","No","https://www.flipkart.com/dell-vostro-intel-core-i3-11th-gen-1115g4-8-gb-512-gb-ssd-windows-11-home-3420-thin-light-laptop/p/itm5777ef1e1433f","https://rukminim2.flixcart.com/image/312/312/xif0q/computer/k/f/y/vostro-thin-and-light-laptop-dell-original-imah3mynegyxmymd.jpeg?q=70","627"
"COMHAUD6ZZVSKPDF","DELL XPS Intel Core Ultra 7 155H - (32 GB/1 TB SSD/Windows 11 Home/8 GB Graphics/NVIDIA GeForce RTX 40...","DELL","Intel Core Ultra 7 Processor","32 GB LPDDR5 RAM","1 TB SSD","41.4 cm (16.3 Inch) Touchscreen Display","nan","Windows 11 Operating System","nan","竄ｹ3,15,990","竄ｹ3,85,830","18",\N,\N,\N,"No","https://www.flipkart.com/dell-xps-intel-core-ultra-7-155h-32-gb-1-tb-ssd-windows-11-home-8-gb-graphics-nvidia-geforce-rtx-4060-9640-creator-laptop/p/itmea3f5d8f0f46c","https://rukminim2.flixcart.com/image/312/312/xif0q/computer/v/v/9/-original-imahcd9pzj3sc6gd.jpeg?q=70","630"
"COMH7XF96XGSEZPX","DELL Inspiron 14 Intel Core i5 13th Gen 1334U - (16 GB/512 GB SSD/Windows 11 Home) Inspiron 5440 Thin ...","DELL","Intel Core i5 Processor (13th Gen)","16 GB DDR5 RAM","512 GB SSD","35.56 cm (14 inch) Display","nan","Windows 11 Home Operating System","nan","竄ｹ71,190","竄ｹ79,795","10","5","3","2","No","https://www.flipkart.com/dell-inspiron-14-intel-core-i5-13th-gen-1334u-16-gb-512-gb-ssd-windows-11-home-5440-thin-light-laptop/p/itmf05581d9b54d8","https://rukminim2.flixcart.com/image/312/312/xif0q/computer/w/x/8/-original-imah8apzwgnkgpaq.jpeg?q=70","631"
"COMGKAVGAGWWHZ2Y","DELL Intel Core i5 12th Gen 1235U - (8 GB/1 TB HDD/256 GB SSD/Windows 11 Home) New Inspiron 15 Laptop ...","DELL","Processor: Intel i5-1235U (Base- 3.30 GHz & Turbo up to 4.40 GHz) 10 Cores","RAM & Storage: 8GB DDR4 & 1TB + 256GB SSD","1 TB HDD|256 GB SSD","Display: 15.6\" FHD WVA AG 120Hz 250 nits Narrow Border","Graphics & Keyboard: Integrated & Standard Keyboard","Windows 11 Operating System","1 Year Onsite Warranty","竄ｹ59,990","竄ｹ70,000","14","4.1","321","22","No","https://www.flipkart.com/dell-intel-core-i5-12th-gen-1235u-8-gb-1-tb-hdd-256-gb-ssd-windows-11-home-new-inspiron-15-laptop-thin-light/p/itmbb62f4fcc7145","https://rukminim2.flixcart.com/image/312/312/xif0q/computer/n/r/c/-original-imaghzah5hzzt2hw.jpeg?q=70","634"
"COMGPA3GSAKZBWQW","DELL i3 12th Gen Intel Core i3 11th Gen 1215U - (8 GB/512 GB SSD/8 GB EMMC Storage/Windows 11 Home) Ne...","DELL","Intel Core i3 Processor (11th Gen)","8 GB DDR4 RAM","512 GB SSD","39.62 cm (15.6 inch) Display","nan","64 bit Windows 11 Operating System","1 Year Onsite Warranty","竄ｹ36,890","竄ｹ58,890","37",\N,\N,\N,"Yes","https://www.flipkart.com/dell-i3-12th-gen-intel-core-11th-1215u-8-gb-512-gb-ssd-8-emmc-storage-windows-11-home-new-inspiron-notebook/p/itm77d4a5089164a","https://rukminim2.flixcart.com/image/312/312/xif0q/computer/b/m/f/inspiron-3520-notebook-dell-original-imagpa3gv3yjk9jw.jpeg?q=70","635"
"COMGPEFQ76N9GZ8F","DELL Inspiron 15 3520 Intel Core i5 12th Gen Core i5 - (8 GB/512 GB SSD/Windows 11 Home) D560885WIN9S ...","DELL","Intel Core i5 Processor (12th Gen)","8 GB DDR4 RAM","512 GB SSD","39.62 cm (15.6 inch) Display","nan","64 bit Windows 11 Operating System","1 Year Onsite Warranty","竄ｹ52,680","竄ｹ69,797","24","3.9","35","4","No","https://www.flipkart.com/dell-inspiron-15-3520-intel-core-i5-12th-gen-8-gb-512-gb-ssd-windows-11-home-d560885win9s-laptop/p/itm23d84e15561c4","https://rukminim2.flixcart.com/image/312/312/xif0q/computer/m/4/q/inspiron-3520-laptop-dell-original-imagpefqt7hjqufh.jpeg?q=70","636"
"COMHC6J9SRN4A7TY","DELL 15 Intel Core i5 13th Gen 1334U - (16 GB/512 GB SSD/Windows 11 Home) 3530 Thin and Light Laptop","DELL","Intel Core i5 Processor (13th Gen)","16 GB DDR4 RAM","512 GB SSD","39.62 cm (15.6 inch) Display","nan","64 bit Windows 11 Operating System","nan","竄ｹ50,999","竄ｹ64,402","20",\N,\N,\N,"No","https://www.flipkart.com/dell-15-intel-core-i5-13th-gen-1334u-16-gb-512-gb-ssd-windows-11-home-3530-thin-light-laptop/p/itm2878edc74d8e4","https://rukminim2.flixcart.com/image/312/312/xif0q/computer/u/j/d/inspiron-thin-and-light-laptop-dell-original-imahc6j98rwqkedz.jpeg?q=70","637"
"COMG9NYDZ8ZY35CK","DELL Inspiron Intel Core i3 11th Gen 1115G4 - (8 GB/1 TB HDD/256 GB SSD/Windows 11 Home) Inspiron 3511...","DELL","Intel Core i3 Processor (11th Gen)","8 GB DDR4 RAM","1 TB HDD|256 GB SSD","39.62 cm (15.6 inch) Display","nan","64 bit Windows 11 Operating System","1 Year Onsite Warranty","竄ｹ41,999","竄ｹ59,000","28","4.1","97","8","No","https://www.flipkart.com/dell-inspiron-intel-core-i3-11th-gen-1115g4-8-gb-1-tb-hdd-256-gb-ssd-windows-11-home-3511-thin-light-laptop/p/itmf8176c4bff1f7","https://rukminim2.flixcart.com/image/312/312/krdtlzk0/computer/l/k/r/na-laptop-dell-original-imag57f9psmfjcxs.jpeg?q=70","640"
"COMGTEGW6HF5GJGQ","DELL Inspiron 15 3520 with Backlit Keyboard, Intel Core i5 12th Gen Core i5 - (16 GB/512 GB SSD/Window...","DELL","Intel Core i5 Processor (12th Gen)","16 GB DDR4 RAM","512 GB SSD","39.62 cm (15.6 inch) Display","nan","64 bit Windows 11 Operating System","1 Year Onsite Warranty","竄ｹ50,990","竄ｹ78,900","35","4.1","537","38","Yes","https://www.flipkart.com/dell-inspiron-15-3520-backlit-keyboard-intel-core-i5-12th-gen-16-gb-512-gb-ssd-windows-11-home-laptop/p/itm0c93229d052fe","https://rukminim2.flixcart.com/image/312/312/xif0q/computer/2/a/r/inspiron-3520-laptop-dell-original-imahfue2pfmn3wkz.jpeg?q=70","641"
"COMGUN78P6XGZRTU","DELL Inspiron 15 with Backlit Keyboard, Intel Core i3 12th Gen 1215U - (8 GB/512 GB SSD/Windows 11 Hom...","DELL","Intel Core i3 Processor (12th Gen)","8 GB DDR4 RAM","512 GB SSD","39.62 cm (15.6 Inch) Display","nan","64 bit Windows 11 Operating System","nan","竄ｹ39,972","竄ｹ50,724","21","4.1","101","11","No","https://www.flipkart.com/dell-inspiron-15-backlit-keyboard-intel-core-i3-12th-gen-1215u-8-gb-512-gb-ssd-windows-11-home-3520-thin-light-laptop/p/itm23d84e15561c4","https://rukminim2.flixcart.com/image/312/312/xif0q/computer/p/t/p/inspiron-3520-thin-and-light-laptop-dell-original-imaguzh2xuqjrctf.jpeg?q=70","644"
"COMGX9ZV285C3YHD","DELL G15-5530 Intel Core i5 13th Gen 13450HX - (8 GB/512 GB SSD/Windows 11 Pro/6 GB Graphics/NVIDIA Ge...","DELL","Intel Core i5 Processor (13th Gen)","8 GB DDR5 RAM","512 GB SSD","39.62 cm (15.6 inch) Display","nan","64 bit Windows 11 Operating System","nan","竄ｹ75,000","竄ｹ96,791","22","4.3","7","0","No","https://www.flipkart.com/dell-g15-5530-intel-core-i5-13th-gen-13450hx-8-gb-512-gb-ssd-windows-11-pro-6-graphics-nvidia-geforce-rtx-3050-120-hz-gaming-laptop/p/itmc1f7106e2ce85","https://rukminim2.flixcart.com/image/312/312/xif0q/computer/s/u/h/g15-gaming-laptop-gaming-laptop-dell-original-imagx9z9gpjqhxzf.jpeg?q=70","645"
"COMGWFY5FAPTFVVQ","DELL Intel Core i5 12th Gen 1235U - (16 GB/512 GB SSD/Windows 11 Home) Inspiron 3520 Thin and Light La...","DELL","Intel Core i5 Processor (12th Gen)","16 GB DDR4 RAM","512 GB SSD","39.62 cm (15.6 Inch) Display","nan","Windows 11 Operating System","nan","竄ｹ50,749","竄ｹ69,000","26","3.8","66","8","No","https://www.flipkart.com/dell-intel-core-i5-12th-gen-1235u-16-gb-512-gb-ssd-windows-11-home-inspiron-3520-thin-light-laptop/p/itm23d84e15561c4","https://rukminim2.flixcart.com/image/312/312/xif0q/computer/h/s/9/inspiron-3520-thin-and-light-laptop-dell-original-imahfys2qpfbdwgp.jpeg?q=70","646"
"COMG9NYDUPDW9YRP","DELL Inspiron Intel Core i5 11th Gen 1135G7 - (16 GB/512 GB SSD/Windows 11 Home/2 GB Graphics) Inspiro...","DELL","Intel Core i5 Processor (11th Gen)","16 GB DDR4 RAM","512 GB SSD","39.62 cm (15.6 inch) Display","nan","64 bit Windows 11 Operating System","1 Year Onsite Warranty","竄ｹ72,490","竄ｹ96,580","24","3.7","33","3","No","https://www.flipkart.com/dell-inspiron-intel-core-i5-11th-gen-1135g7-16-gb-512-gb-ssd-windows-11-home-2-graphics-3511-thin-light-laptop/p/itmf8176c4bff1f7","https://rukminim2.flixcart.com/image/312/312/krdtlzk0/computer/l/k/r/na-laptop-dell-original-imag57f9psmfjcxs.jpeg?q=70","647"
"COMHFMHJGJ3SDGHN","DELL Intel Core i3 13th Gen 1315U - (8 GB/256 GB SSD/Windows 11 Home) Inspiron 7430 2 in 1 Laptop","DELL","Intel Core i3 Processor (13th Gen)","8 GB LPDDR5 RAM","256 GB SSD","35.56 cm (14 inch) Touchscreen Display","nan","64 bit Windows 11 Operating System","nan","竄ｹ52,990","竄ｹ72,389","26","4.2","15","0","Yes","https://www.flipkart.com/dell-intel-core-i3-13th-gen-1315u-8-gb-256-gb-ssd-windows-11-home-inspiron-7430-2-1-laptop/p/itm319ec6e7d1fe5","https://rukminim2.flixcart.com/image/312/312/xif0q/computer/t/g/m/7430-2-in-1-touch-2-in-1-laptop-dell-original-imahfnrdqfj7avhd.jpeg?q=70","650"
"COMH8EPFWRZRB4AA","DELL G15 Intel Core i7 13th Gen 13650HX - (16 GB/1 TB SSD/Windows 11 Home/8 GB Graphics/NVIDIA GeForce...","DELL","Intel Core i7 Processor (13th Gen)","16 GB DDR5 RAM","1 TB SSD","39.62 cm (15.6 Inch) Display","nan","Windows 11 Operating System","nan","竄ｹ1,21,990","竄ｹ1,38,490","11","4.7","3","0","Yes","https://www.flipkart.com/dell-g15-intel-core-i7-13th-gen-13650hx-16-gb-1-tb-ssd-windows-11-home-8-gb-graphics-nvidia-geforce-rtx-4060-165-hz-5530-gaming-laptop/p/itmd1b02da743465","https://rukminim2.flixcart.com/image/312/312/xif0q/computer/y/m/1/-original-imahcd9jdbuwxptr.jpeg?q=70","651"
"COMH8EPFHZRD9YDC","DELL 15 AMD Ryzen 5 Quad Core 7520U - (8 GB/512 GB SSD/Windows 11 Home) 3535 Thin and Light Laptop","DELL","AMD Ryzen 5 Quad Core Processor","8 GB LPDDR5 RAM","512 GB SSD","39.62 cm (15.6 Inch) Display","nan","Windows 11 Operating System","nan","竄ｹ38,990","竄ｹ48,982","20","4.4","28","2","Yes","https://www.flipkart.com/dell-15-amd-ryzen-5-quad-core-7520u-8-gb-512-gb-ssd-windows-11-home-3535-thin-light-laptop/p/itm99bfac135815b","https://rukminim2.flixcart.com/image/312/312/xif0q/computer/3/l/e/-original-imahcd9pyufpcvhq.jpeg?q=70","654"
"COMHCGTFMZFWFSGK","DELL Latitude 3440 (2024) Intel Core i3 12th Gen 1215U - (32 GB/512 GB SSD/Windows 11 Pro) Latitude 34...","DELL","Intel Core i3 Processor (12th Gen)","32 GB DDR4 RAM","512 GB SSD","35.56 cm (14 inch) Display","nan","64 bit Windows 11 Operating System","1 Year Onsite Warranty","竄ｹ39,890","竄ｹ78,990","49",\N,\N,\N,"No","https://www.flipkart.com/dell-latitude-3440-2024-intel-core-i3-12th-gen-1215u-32-gb-512-gb-ssd-windows-11-pro-business-laptop/p/itm507ff9cabb64b","https://rukminim2.flixcart.com/image/312/312/xif0q/computer/i/e/u/latitude-3440-business-laptop-dell-original-imah86g9hye2jdeg.jpeg?q=70","655"
"COMHAUD4FA7HCZHE","DELL Vostro Intel Core i3 12th Gen 1215U - (8 GB/512 GB SSD/Windows 11 Home) 3520 Laptop","DELL","Intel Core i3 Processor (12th Gen)","8 GB DDR4 RAM","512 GB SSD","39.62 cm (15.6 Inch) Display","nan","Windows 11 Operating System","nan","竄ｹ34,490","竄ｹ42,906","19",\N,\N,\N,"No","https://www.flipkart.com/dell-vostro-intel-core-i3-12th-gen-1215u-8-gb-512-gb-ssd-windows-11-home-3520-laptop/p/itm1f57d194ad967","https://rukminim2.flixcart.com/image/312/312/xif0q/computer/3/s/7/-original-imahcd9ppqygjvhe.jpeg?q=70","656"
"COMGH8YQNBPF3WWP","DELL Inspiron AMD Ryzen 5 Hexa Core 5625U - (8 GB/512 GB SSD/Windows 11 Home) 3525 Thin and Light Lapt...","DELL","Processor: R5-5625U (2.30 GHz up to 4.30 GHz)","RAM & Storage: 8GB DDR4 & 512GB SSD","512 GB SSD","Display: 15.6\" FHD WVA AG Narrow Border 120Hz 250 nits","nan","64 bit Windows 11 Operating System","nan","竄ｹ55,490","竄ｹ69,031","19","3.9","67","10","No","https://www.flipkart.com/dell-inspiron-amd-ryzen-5-hexa-core-5625u-8-gb-512-gb-ssd-windows-11-home-3525-thin-light-laptop/p/itm4dbe4592f6ca4","https://rukminim2.flixcart.com/image/312/312/xif0q/computer/f/b/h/inspiron-3525-thin-and-light-laptop-dell-original-imahf7yvxbfyakec.jpeg?q=70","657"
"COMGQHZSTHPEV9NA","DELL Inspiron 16 5630 Intel Core i5 13th Gen 1335U - (16 GB/512 GB SSD/Windows 11 Home) IN5630P8YRR001...","DELL","Intel Core i5 Processor (13th Gen)","16 GB LPDDR5 RAM","512 GB SSD","40.64 cm (16 inch) Display","nan","Windows 11 Operating System","1-year warranty","竄ｹ63,999","竄ｹ90,860","29","4","23","1","No","https://www.flipkart.com/dell-inspiron-16-5630-intel-core-i5-13th-gen-1335u-16-gb-512-gb-ssd-windows-11-home-in5630p8yrr001ors1-laptop/p/itmb9691922dc434","https://rukminim2.flixcart.com/image/312/312/xif0q/computer/v/u/9/inspiron-5630-laptop-dell-original-imah3g62mdrzry9w.jpeg?q=70","660"
"COMH4CGG5VEEXNNQ","DELL Intel Core i3 13th Gen 1305U - (8 GB/512 GB SSD/Windows 11 Home) 3530 Thin and Light Laptop","DELL","Intel Core i3 Processor (13th Gen)","8 GB DDR4 RAM","512 GB SSD","39.62 cm (15.6 inch) Display","nan","Windows 11 Operating System","1 Year Onsite Warranty","竄ｹ36,990","竄ｹ48,529","23","4.3","20","0","Yes","https://www.flipkart.com/dell-intel-core-i3-13th-gen-1305u-8-gb-512-gb-ssd-windows-11-home-3530-thin-light-laptop/p/itm75c77174f31e5","https://rukminim2.flixcart.com/image/312/312/xif0q/computer/q/5/l/3530-thin-and-light-laptop-dell-original-imah4hfev4zj5mgp.jpeg?q=70","661"
"COMGH8YQQSMFGXNZ","DELL AMD Ryzen 7 Octa Core 5700U - (16 GB/512 GB SSD/Windows 11 Home) Inspiron 5415 Thin and Light Lap...","DELL","AMD Ryzen 7 Octa Core Processor","16 GB DDR4 RAM","512 GB SSD","35.56 cm (14 Inch) Display","nan","Windows 11 Operating System","nan","竄ｹ76,990","竄ｹ94,987","18",\N,"4","0","No","https://www.flipkart.com/dell-amd-ryzen-7-octa-core-5700u-16-gb-512-gb-ssd-windows-11-home-inspiron-5415-thin-light-laptop/p/itm7fef3d69de76e","https://rukminim2.flixcart.com/image/312/312/xif0q/computer/3/f/y/-original-imaghbmdgmph2hen.jpeg?q=70","664"
"COMGJ75HWZZMXPBJ","DELL Intel Core i5 12th Gen 1235U - (8 GB/512 GB SSD/Windows 11 Home) New Inspiron 14 2-in-1 2 in 1 La...","DELL","Processor: Intel i5-1235U (Base- 3.30 GHz & Turbo up to 4.40 GHz) 10 Cores","RAM & Storage: 8GB DDR4 & 512GB SSD","512 GB SSD","Display: 14.0\" FHD+ WVA Truelife Touch Narrow Border 250 nits, Dell Active Pen","Graphics & Keyboard: Integrated & Backlit Keyboard + Fingerprint Reader","64 bit Windows 11 Operating System","nan","竄ｹ74,990","竄ｹ97,890","23","4.5","39","4","No","https://www.flipkart.com/dell-intel-core-i5-12th-gen-1235u-8-gb-512-gb-ssd-windows-11-home-new-inspiron-14-2-in-1-2-1-laptop/p/itmd4f75b0fd8b1a","https://rukminim2.flixcart.com/image/312/312/xif0q/computer/w/x/p/-original-imaghzahjrwt6bvp.jpeg?q=70","665"
"COMG6D9UG39SZZSH","DELL Inspiron Intel Core i5 11th Gen 1135G7 - (8 GB/256 GB SSD/Windows 11 Home) Inspiron 3511 Thin and...","DELL","Intel Core i5 Processor (11th Gen)","8 GB DDR4 RAM","256 GB SSD","39.62 cm (15.6 inch) Display","nan","64 bit Windows 11 Operating System","1 Year Onsite Warranty","竄ｹ46,990","竄ｹ74,752","37","4","220","23","No","https://www.flipkart.com/dell-inspiron-intel-core-i5-11th-gen-1135g7-8-gb-256-gb-ssd-windows-11-home-3511-thin-light-laptop/p/itme2b21cbd8b228","https://rukminim2.flixcart.com/image/312/312/xif0q/computer/0/v/b/-original-imahcd9g9rp4ng9e.jpeg?q=70","666"
"COMGSDFHW5PK2SCY","DELL Inspiron 5430 Intel Core i7 13th Gen 1360P - (16 GB/1 TB SSD/Windows 11 Home) Inspiron 5430 Thin ...","DELL","Intel Core i7 Processor (13th Gen)","16 GB LPDDR5 RAM","1 TB SSD","35.81 cm (14.1 Inch) Display","nan","64 bit Windows 11 Operating System","nan","竄ｹ91,990","竄ｹ1,03,990","11","4","43","4","No","https://www.flipkart.com/dell-inspiron-5430-intel-core-i7-13th-gen-1360p-16-gb-1-tb-ssd-windows-11-home-thin-light-laptop/p/itm2d84af8f1410c","https://rukminim2.flixcart.com/image/312/312/xif0q/computer/i/w/q/inspiron-5430-laptop-dell-original-imagsc5nryvtsfu4.jpeg?q=70","667"
"COMHFYZ36W8ZGS8Z","Lenovo LOQ AMD Ryzen 7 Octa Core 7435HS - (24 GB/512 GB SSD/Windows 11 Home/6 GB Graphics/NVIDIA GeFor...","Lenovo","AMD Ryzen 7 Octa Core Processor","24 GB DDR5 RAM","512 GB SSD","39.62 cm (15.6 Inch) Display","nan","Windows 11 Operating System","1Yr Warranty and 1 Yr Accidental Damage Protection","竄ｹ80,990","竄ｹ1,08,990","25","4.5","599","44","Yes","https://www.flipkart.com/lenovo-loq-amd-ryzen-7-octa-core-7435hs-24-gb-512-gb-ssd-windows-11-home-6-graphics-nvidia-geforce-rtx-4050-15arp9-gaming-laptop/p/itmd3fbbdced2d6b","https://rukminim2.flixcart.com/image/312/312/xif0q/computer/j/r/3/-original-imahcd9mhxzncebz.jpeg?q=70","668"
"COMH2TPS9HNHCHZP","DELL Intel Core i3 13th Gen 1305U - (8 GB/512 GB SSD/Windows 11 Home) Vostro 3530 Thin and Light Lapto...","DELL","Intel Core i3 Processor (13th Gen)","8 GB DDR4 RAM","512 GB SSD","39.62 cm (15.6 Inch) Display","nan","Windows 11 Operating System","1 Year Onsite Warranty","竄ｹ36,684","竄ｹ48,529","24","4.6","12","1","Yes","https://www.flipkart.com/dell-intel-core-i3-13th-gen-1305u-8-gb-512-gb-ssd-windows-11-home-vostro-3530-thin-light-laptop/p/itm7295d30816b51","https://rukminim2.flixcart.com/image/312/312/xif0q/computer/l/6/k/vostro-3535-thin-and-light-laptop-dell-original-imah2tyehthr7kbe.jpeg?q=70","670"
"COMG9NYDBSMY4EZQ","DELL Inspiron Intel Core i5 11th Gen 1135G7 - (8 GB/1 TB HDD/256 GB SSD/Windows 11 Home) INSPIRON 3511...","DELL","Intel Core i5 Processor (11th Gen)","8 GB DDR4 RAM","1 TB HDD|256 GB SSD","39.62 cm (15.6 inch) Display","nan","64 bit Windows 11 Operating System","1 Year Onsite Warranty","竄ｹ53,999","竄ｹ85,000","36","4.2","87","11","No","https://www.flipkart.com/dell-inspiron-intel-core-i5-11th-gen-1135g7-8-gb-1-tb-hdd-256-gb-ssd-windows-11-home-3511-thin-light-laptop/p/itmf8176c4bff1f7","https://rukminim2.flixcart.com/image/312/312/kt8zb0w0/computer/n/m/v/inspiron-3511-thin-and-light-laptop-dell-original-imag6n5kbmfcgxk6.jpeg?q=70","671"
"COMH9PZFRMX7YHRD","DELL 14 Qualcomm Snapdragon X Plus - (16 GB/1 TB SSD/Windows 11 Home) 7441 Thin and Light Laptop","DELL","Qualcomm Snapdragon X Plus Processor","16 GB LPDDR5 RAM","1 TB SSD","35.56 cm (14 Inch) Touchscreen Display","nan","Windows 11 Operating System","1 Year Onsite Warranty","竄ｹ1,40,637","nan",\N,\N,\N,\N,"No","https://www.flipkart.com/dell-14-qualcomm-snapdragon-x-plus-16-gb-1-tb-ssd-windows-11-home-7441-thin-light-laptop/p/itm7e42086c31581","https://rukminim2.flixcart.com/image/312/312/xif0q/computer/x/t/k/-original-imaha47bzfhhax3h.jpeg?q=70","674"
"COMHAUD6BV7CGTUX","DELL XPS Intel Core Ultra 7 155H - (32 GB/1 TB SSD/Windows 11 Home/6 GB Graphics/NVIDIA GeForce RTX 40...","DELL","Intel Core Ultra 7 Processor","32 GB LPDDR5 RAM","1 TB SSD","36.83 cm (14.5 Inch) Touchscreen Display","nan","Windows 11 Operating System","nan","竄ｹ2,49,990","竄ｹ3,04,305","17",\N,\N,\N,"No","https://www.flipkart.com/dell-xps-intel-core-ultra-7-155h-32-gb-1-tb-ssd-windows-11-home-6-gb-graphics-nvidia-geforce-rtx-4050-9440-creator-laptop/p/itm85e5274f14e2c","https://rukminim2.flixcart.com/image/312/312/xif0q/computer/w/j/p/-original-imahcn9h96r2ser8.jpeg?q=70","675"
"COMH9ZH7HWUGYPTD","DELL Inspiron 7440 Intel Core 3 100U - (8 GB/512 GB SSD/Windows 11 Home) Inspiron 7440 2-in-1 2 in 1 L...","DELL","Intel Core 3 Processor","8 GB DDR5 RAM","512 GB SSD","35.56 cm (14 Inch) Touchscreen Display","nan","Windows 11 Operating System","1 Year Onsite Warranty","竄ｹ65,890","竄ｹ71,479","7",\N,\N,\N,"No","https://www.flipkart.com/dell-inspiron-7440-intel-core-3-100u-8-gb-512-gb-ssd-windows-11-home-2-in-1-2-1-laptop/p/itmb4f5990d4fcf1","https://rukminim2.flixcart.com/image/312/312/xif0q/computer/u/t/6/-original-imahcd9peanvkqyz.jpeg?q=70","676"
"COMGJ75HBFWSDCTR","DELL AMD Ryzen 7 Octa Core 6800H - (16 GB/512 GB SSD/Windows 11 Home/6 GB Graphics/NVIDIA GeForce RTX ...","DELL","AMD Ryzen 7 Octa Core Processor","16 GB DDR5 RAM","512 GB SSD","39.62 cm (15.6 Inch) Display","nan","Windows 11 Operating System","nan","竄ｹ89,890","竄ｹ1,62,377","44",\N,\N,\N,"No","https://www.flipkart.com/dell-amd-ryzen-7-octa-core-6800h-16-gb-512-gb-ssd-windows-11-home-6-graphics-nvidia-geforce-rtx-3060-165-hz-new-gaming-g15-laptop/p/itm42542dc07c436","https://rukminim2.flixcart.com/image/312/312/xif0q/computer/e/2/g/-original-imahcd9mgrkmsv7q.jpeg?q=70","677"
"COMHAUD4YPAHHQ5Z","DELL XPS Intel Core Ultra 7 256V - (16 GB/512 GB SSD/Windows 11 Home/Intel Integrated Arc/120 Hz) 9350...","DELL","Intel Core Ultra 7 Processor","16 GB LPDDR5 RAM","512 GB SSD","33.02 cm (13 Inch) Display","nan","Windows 11 Operating System","nan","竄ｹ1,80,490","竄ｹ2,11,772","14",\N,\N,\N,"No","https://www.flipkart.com/dell-xps-intel-core-ultra-7-256v-16-gb-512-gb-ssd-windows-11-home-intel-integrated-arc-120-hz-9350-creator-laptop/p/itm9e503803ce2b8","https://rukminim2.flixcart.com/image/312/312/xif0q/computer/r/g/l/-original-imahcn9hgac9hytg.jpeg?q=70","680"
"COMGKNA6ZZYNXCDX","DELL Intel Core i5 11th Gen 1135G7 - (8 GB/512 GB SSD/Windows 11 Home) Vostro 3510 Thin and Light Lapt...","DELL","Intel Core i5 Processor (11th Gen)","8 GB DDR4 RAM","512 GB SSD","39.62 cm (15.6 Inch) Display","nan","Windows 11 Operating System","nan","竄ｹ43,990","竄ｹ68,410","35","3.4","19","0","No","https://www.flipkart.com/dell-intel-core-i5-11th-gen-1135g7-8-gb-512-gb-ssd-windows-11-home-vostro-3510-thin-light-laptop/p/itm7295d30816b51","https://rukminim2.flixcart.com/image/312/312/kzvlua80/computer/e/y/f/vostro-3510-thin-and-light-laptop-dell-original-imagbsn5hgcnmxqs.jpeg?q=70","681"
"COMGG45GXQXPHZFW","DELL Inspiron Intel Core i3 11th Gen - (8 GB/1 TB HDD/256 GB SSD/Windows 11 Home) D560841WIN9S Thin an...","DELL","Processor: Intel i3-1115G4 (Base- 1.70 GHz & Turbo up to 4.10 GHz) 2 Cores","RAM & Storage: 8GB DDR4 & 1TB + 256GB SSD","1 TB HDD|256 GB SSD","Display: 15.6\" FHD WVA AG Narrow Border","Graphics & Keyboard: Integrated & Standard Keyboard","Windows 11 Operating System","nan","竄ｹ53,518","竄ｹ61,202","12","4.1","736","82","No","https://www.flipkart.com/dell-inspiron-intel-core-i3-11th-gen-8-gb-1-tb-hdd-256-gb-ssd-windows-11-home-d560841win9s-thin-light-laptop/p/itm8bbabd11a7194","https://rukminim2.flixcart.com/image/312/312/xif0q/computer/b/r/a/-original-imahcd9vvbxyx9cy.jpeg?q=70","684"
"COMGTA7SHNMMGEGW","DELL Intel Core i3 13th Gen - (8 GB/1 TB SSD/Windows 11 Home) IC7430XYW6F002ORS1 Thin and Light Laptop","DELL","Intel Core i3 Processor (13th Gen)","8 GB LPDDR5 RAM","1 TB SSD","35.56 cm (14 inch) Touchscreen Display","nan","Windows 11 Operating System","1-year warranty","竄ｹ50,000","竄ｹ77,000","35",\N,"3","0","No","https://www.flipkart.com/dell-intel-core-i3-13th-gen-8-gb-1-tb-ssd-windows-11-home-ic7430xyw6f002ors1-thin-light-laptop/p/itm319ec6e7d1fe5","https://rukminim2.flixcart.com/image/312/312/xif0q/computer/k/a/s/essential-thin-and-light-laptop-dell-original-imagsszyxgbed8zc.jpeg?q=70","685"
"COMG6D9UTAXPAPPF","DELL Inspiron Intel Core i3 11th Gen 115G4 - (8 GB/1 TB HDD/256 GB SSD/Windows 11 Home) Inspiron 3511 ...","DELL","Intel Core i3 Processor (11th Gen)","8 GB DDR4 RAM","1 TB HDD|256 GB SSD","39.62 cm (15.6 inch) Display","nan","64 bit Windows 11 Operating System","1 Year Onsite Warranty","竄ｹ35,990","竄ｹ55,534","35","4","831","100","No","https://www.flipkart.com/dell-inspiron-intel-core-i3-11th-gen-115g4-8-gb-1-tb-hdd-256-gb-ssd-windows-11-home-3511-thin-light-laptop/p/itme2b21cbd8b228","https://rukminim2.flixcart.com/image/312/312/xif0q/computer/0/v/b/-original-imahcd9g9rp4ng9e.jpeg?q=70","686"
"COMGPC5U8TZ9QPWW","DELL core i5 Intel Core i5 12th Gen - (8 GB/512 GB SSD/Windows 11 Home) Inspiron 3520 / D560871WIN9B L...","DELL","Intel Core i5 Processor (12th Gen)","8 GB DDR4 RAM","512 GB SSD","39.62 cm (15.6 inch) Display","nan","64 bit Windows 11 Operating System","1 Year Onsite Warranty","竄ｹ49,290","竄ｹ85,000","42","4","55","1","No","https://www.flipkart.com/dell-core-i5-intel-12th-gen-8-gb-512-gb-ssd-windows-11-home-inspiron-3520-d560871win9b-laptop/p/itma9270c008218f","https://rukminim2.flixcart.com/image/312/312/xif0q/computer/2/e/o/inspiron-3520-laptop-dell-original-imagpc58nfqhp7gf.jpeg?q=70","687"
"COMGZMKFHSQPHEJZ","DELL Inspiron Intel Core i5 13th Gen 1335U - (8 GB/512 GB SSD/Windows 11 Home) Inspiron 7430 Thin and ...","DELL","Intel Core i5 Processor (13th Gen)","8 GB LPDDR5 RAM","512 GB SSD","35.56 cm (14 Inch) Touchscreen Display","nan","64 bit Windows 11 Operating System","nan","竄ｹ80,390","竄ｹ98,000","17",\N,\N,\N,"No","https://www.flipkart.com/dell-inspiron-intel-core-i5-13th-gen-1335u-8-gb-512-gb-ssd-windows-11-home-7430-thin-light-laptop/p/itm165474bde9b8f","https://rukminim2.flixcart.com/image/312/312/xif0q/computer/m/a/k/inspiron-7430-thin-and-light-laptop-dell-original-imagueh3s3tvpsgt.jpeg?q=70","690"
"COMH8CQYYGGB6KQH","DELL Inspiron 7440 Intel Core i7 13th Gen 13620H - (16 GB/512 GB SSD/Windows 11 Home) Inspiron 7440 No...","DELL","Intel Core i7 Processor (13th Gen)","16 GB LPDDR5X RAM","512 GB SSD","35.56 cm (14 inch) Display","nan","64 bit Windows 11 Operating System","nan","竄ｹ82,800","竄ｹ98,900","16",\N,\N,\N,"No","https://www.flipkart.com/dell-inspiron-7440-intel-core-i7-13th-gen-13620h-16-gb-512-gb-ssd-windows-11-home-notebook/p/itmf349c0fda8826","https://rukminim2.flixcart.com/image/312/312/xif0q/computer/p/k/b/new-inspiron-14-plus-notebook-dell-original-imah8cppmagzuzkz.jpeg?q=70","691"
"COMHB4GUHHNHVQPU","DELL G15 Intel Core i9 13th Gen 13900HX - (16 GB/1 TB SSD/Windows 11 Home/8 GB Graphics/NVIDIA GeForce...","DELL","Intel Core i9 Processor (13th Gen)","16 GB DDR5 RAM","1 TB SSD","39.62 cm (15.6 Inch) Display","nan","Windows 11 Home Operating System","1 Year Onsite Warranty","竄ｹ1,41,490","竄ｹ1,80,323","21",\N,\N,\N,"No","https://www.flipkart.com/dell-g15-intel-core-i9-13th-gen-13900hx-16-gb-1-tb-ssd-windows-11-home-8-gb-graphics-nvidia-geforce-rtx-4060-165-hz-5530-gaming-laptop/p/itm0439f7c07baa5","https://rukminim2.flixcart.com/image/312/312/xif0q/computer/g/8/c/-original-imahcnjyj3zupmfg.jpeg?q=70","694"
"COMGH8YQ8YBFTDRU","DELL Vostro AMD Ryzen 5 Hexa Core 5625U - (16 GB/512 GB SSD/Windows 11 Home) Vostro 5625 Thin and Ligh...","DELL","AMD Ryzen 5 Hexa Core Processor","16 GB DDR4 RAM","512 GB SSD","40.64 cm (16 inch) Display","nan","64 bit Windows 11 Operating System","nan","竄ｹ73,990","竄ｹ85,000","12","3.6","13","0","No","https://www.flipkart.com/dell-vostro-amd-ryzen-5-hexa-core-5625u-16-gb-512-gb-ssd-windows-11-home-5625-thin-light-laptop/p/itm6119eaaa73d2c","https://rukminim2.flixcart.com/image/312/312/xif0q/computer/j/k/m/vostro-5625-thin-and-light-laptop-dell-original-imagkz88uc9ekuxa.jpeg?q=70","695"
"COMG97ARCNYBCH8H","DELL Intel Core i5 11th Gen 1135G7 - (8 GB/512 GB SSD/Windows 10) Inspiron 3511 Thin and Light Laptop","DELL","Intel Core i5 Processor (11th Gen)","8 GB DDR4 RAM","512 GB SSD","39.62 cm (15.6 inch) Display","nan","64 bit Windows 10 Operating System","1 Year Onsite Warranty","竄ｹ51,499","竄ｹ85,000","39","3","3","0","No","https://www.flipkart.com/dell-intel-core-i5-11th-gen-1135g7-8-gb-512-gb-ssd-windows-10-inspiron-3511-thin-light-laptop/p/itmf8176c4bff1f7","https://rukminim2.flixcart.com/image/312/312/krdtlzk0/computer/l/k/r/na-laptop-dell-original-imag57f9psmfjcxs.jpeg?q=70","696"
"COMGQYXZKHGZAMUP","DELL G15 Intel Core i5 13450HX - (8 GB/512 GB SSD/Windows 11 Home/6 GB Graphics/NVIDIA GeForce RTX 305...","DELL","Intel Core i5 Processor","8 GB DDR5 RAM","512 GB SSD","39.62 cm (15.6 Inch) Display","nan","Windows 11 Operating System","1 Year Onsite Warranty","竄ｹ73,999","竄ｹ88,480","16","4.8","5","1","Yes","https://www.flipkart.com/dell-g15-intel-core-i5-13450hx-8-gb-512-gb-ssd-windows-11-home-6-graphics-nvidia-geforce-rtx-3050-gaming-5530-laptop/p/itmba9387b52046b","https://rukminim2.flixcart.com/image/312/312/xif0q/computer/a/n/b/-original-imahcd9nzes8h5yg.jpeg?q=70","704"
"COMGNDBZFGHFVZQQ","DELL Intel Core i5 11th Gen - (8 GB/512 GB SSD/Windows 10 Pro) 3420 Business Laptop","DELL","Intel Core i5 Processor (11th Gen)","8 GB DDR4 RAM","512 GB SSD","35.56 cm (14 inch) Display","nan","Windows 10 Operating System","nan","竄ｹ56,999","竄ｹ85,000","32","3.2","20","3","No","https://www.flipkart.com/dell-intel-core-i5-11th-gen-8-gb-512-gb-ssd-windows-10-pro-3420-business-laptop/p/itmec8d56008358f","https://rukminim2.flixcart.com/image/312/312/xif0q/computer/f/d/w/latitude-3420-business-laptop-dell-original-imagn6hrxsryasb6.jpeg?q=70","706"
"COMGX36TDKDZ8AF8","DELL Inspiron Intel Core i5 13th Gen 13450HX - (16 GB/512 GB SSD/Windows 11 Home/6 GB Graphics/NVIDIA ...","DELL","Intel Core i5 Processor (13th Gen)","16 GB DDR5 RAM","512 GB SSD","39.62 cm (15.6 Inch) Display","nan","Windows 11 Operating System","nan","竄ｹ79,890","竄ｹ1,03,436","22","4.6","8","3","Yes","https://www.flipkart.com/dell-inspiron-intel-core-i5-13th-gen-13450hx-16-gb-512-gb-ssd-windows-11-home-6-graphics-nvidia-geforce-rtx-3050-g15-5530-gaming-laptop/p/itm2af1ddd730862","https://rukminim2.flixcart.com/image/312/312/xif0q/computer/1/i/k/-original-imahcyp7k9hthhux.jpeg?q=70","707"
"COMGXF363DERSKQC","DELL G15-5530 Intel Core i5 13th Gen 13450HX - (16 GB/512 GB SSD/Windows 11 Home/6 GB Graphics/NVIDIA ...","DELL","Intel Core i5 Processor (13th Gen)","16 GB DDR5 RAM","512 GB SSD","39.62 cm (15.6 inch) Display","nan","64 bit Windows 11 Home Operating System","nan","竄ｹ72,990","竄ｹ1,00,361","27","4","28","1","No","https://www.flipkart.com/dell-g15-5530-intel-core-i5-13th-gen-13450hx-16-gb-512-gb-ssd-windows-11-home-6-graphics-nvidia-geforce-rtx-3050-120-hz-gaming-laptop/p/itm2af1ddd730862","https://rukminim2.flixcart.com/image/312/312/xif0q/computer/1/i/k/-original-imahcyp7k9hthhux.jpeg?q=70","710"
"COMGX36TQYX3GVG8","DELL Inspiron Intel Core i5 13th Gen 13450HX - (8 GB/512 GB SSD/Windows 11 Home/6 GB Graphics/NVIDIA G...","DELL","Intel Core i5 Processor (13th Gen)","8 GB DDR5 RAM","512 GB SSD","39.62 cm (15.6 Inch) Display","nan","Windows 11 Operating System","nan","竄ｹ74,999","竄ｹ85,000","11","4","28","1","No","https://www.flipkart.com/dell-inspiron-intel-core-i5-13th-gen-13450hx-8-gb-512-gb-ssd-windows-11-home-6-graphics-nvidia-geforce-rtx-3050-g15-5530-gaming-laptop/p/itm2af1ddd730862","https://rukminim2.flixcart.com/image/312/312/xif0q/computer/1/i/k/-original-imahcyp7k9hthhux.jpeg?q=70","711"
"COMGQTJSYKURYJ3H","DELL Intel Core i5 13th Gen - (16 GB/512 GB SSD/Windows 11 Home) IC7430VVR8C001ORS1 Laptop","DELL","Intel Core i5 Processor (13th Gen)","16 GB LPDDR5 RAM","512 GB SSD","35.56 cm (14 inch) Touchscreen Display","nan","Windows 11 Operating System","1-year Domestic warranty","竄ｹ74,990","竄ｹ1,01,921","26",\N,\N,\N,"No","https://www.flipkart.com/dell-intel-core-i5-13th-gen-16-gb-512-gb-ssd-windows-11-home-ic7430vvr8c001ors1-laptop/p/itm6efbb8570caef","https://rukminim2.flixcart.com/image/312/312/xif0q/computer/o/d/q/inspiron-5430-laptop-dell-original-imagqtg45p3hzjaj.jpeg?q=70","714"
"COMF7AQAY7FVCX5Z","DELL XPS 13 Intel Core i7 8th Gen 8550U - (16 GB/512 GB SSD/Windows 10 Home) 9370 Thin and Light Lapto...","DELL","Intel Core i7 Processor (8th Gen)","16 GB DDR3 RAM","512 GB SSD","33.78 cm (13.3 inch) Display","nan","64 bit Windows 10 Operating System","1 Year Onsite Warranty","竄ｹ1,09,999","竄ｹ1,39,104","20",\N,"3","0","No","https://www.flipkart.com/dell-xps-13-intel-core-i7-8th-gen-8550u-16-gb-512-gb-ssd-windows-10-home-9370-thin-light-laptop/p/itm84f7344355f99","https://rukminim2.flixcart.com/image/312/312/jk01bww0/computer/x/5/z/dell-na-thin-and-light-laptop-original-imaf7fy9v5sbfsxp.jpeg?q=70","720"
"COMFWKZW9HTHYHAY","DELL Inspiron Intel Core i3 10th Gen 1005G1 - (4 GB/1 TB HDD/Windows 10 Home) Inspiron 3501 Laptop","DELL","Intel Core i3 Processor (10th Gen)","4 GB DDR4 RAM","1 TB HDD","39.62 cm (15.6 inch) Display","nan","64 bit Windows 10 Operating System","1 Year Limited Hardware Warranty, In Home Service After Remote Diagnosis - Retail","竄ｹ42,629","竄ｹ42,881",\N,"3.7","318","48","No","https://www.flipkart.com/dell-inspiron-intel-core-i3-10th-gen-1005g1-4-gb-1-tb-hdd-windows-10-home-3501-laptop/p/itmd8335ff2cde08","https://rukminim2.flixcart.com/image/312/312/kgtqhe80/computer/h/a/y/dell-original-imafwyv9f2e52zzh.jpeg?q=70","721"
"COMGXNCCGQTQG32C","DELL Latitude Intel Core i3 11th Gen 1115G4 - (8 GB/512 GB SSD/DOS) Latitude 3420 Business Laptop","DELL","Intel Core i3 Processor (11th Gen)","8 GB DDR4 RAM","512 GB SSD","35.56 cm (14 inch) Display","nan","64 bit DOS Operating System","1 Year Onsite Warranty","竄ｹ32,900","竄ｹ55,927","41","3.6","9","0","Yes","https://www.flipkart.com/dell-latitude-intel-core-i3-11th-gen-1115g4-8-gb-512-gb-ssd-dos-3420-business-laptop/p/itm860e353753a35","https://rukminim2.flixcart.com/image/312/312/xif0q/computer/a/i/o/latitude-3420-business-laptop-dell-original-imagyjrftudq4qka.jpeg?q=70","726"
"COMGQZFYBEVQ5HYZ","DELL G15-5530 Intel Core i7 13th Gen - (16 GB/512 GB SSD/Windows 11 Home/6 GB Graphics/NVIDIA GeForce ...","DELL","Intel Core i7 Processor (13th Gen)","16 GB DDR5 RAM","512 GB SSD","39.62 cm (15.6 inch) Display","nan","64 bit Windows 11 Operating System","1 year Domestic warranty","竄ｹ1,04,928","竄ｹ1,57,990","33",\N,"3","0","No","https://www.flipkart.com/dell-g15-5530-intel-core-i7-13th-gen-16-gb-512-gb-ssd-windows-11-home-6-graphics-nvidia-geforce-rtx-4050-120-hz-5530-gaming-laptop/p/itm82f2dd19a0302","https://rukminim2.flixcart.com/image/312/312/xif0q/computer/s/x/z/g15-gaming-laptop-dell-original-imagqzfysgpzsjuc.jpeg?q=70","727"
"COMGZMKFQTJZQZRW","DELL Inspiron Intel Core i5 13th Gen 1335U - (8 GB/512 GB SSD/Windows 11 Home) Inspiron 5430 Thin and ...","DELL","Intel Core i5 Processor (13th Gen)","8 GB LPDDR5 RAM","512 GB SSD","35.56 cm (14 Inch) Display","nan","64 bit Windows 11 Operating System","nan","竄ｹ56,990","竄ｹ84,416","32","4","191","22","Yes","https://www.flipkart.com/dell-inspiron-intel-core-i5-13th-gen-1335u-8-gb-512-gb-ssd-windows-11-home-5430-thin-light-laptop/p/itmd36b744a13d70","https://rukminim2.flixcart.com/image/312/312/xif0q/computer/8/p/q/inspiron-5430-thin-and-light-laptop-dell-original-imagueh3hwuj7cgk.jpeg?q=70","737"
"COMH3Z3CBRQHCEG7","DELL Inspiron 3520 Intel Core i5 12th Gen 1235U - (8 GB/512 GB SSD/Windows 11 Home) Inspiron 3520 Thin...","DELL","Intel Core i5 Processor (12th Gen)","8 GB DDR4 RAM","512 GB SSD","39.62 cm (15.6 inch) Display","nan","64 bit Windows 11 Operating System","1 Year Onsite Warranty","竄ｹ48,999","竄ｹ62,000","20","4.5","4","1","No","https://www.flipkart.com/dell-inspiron-3520-intel-core-i5-12th-gen-1235u-8-gb-512-gb-ssd-windows-11-home-thin-light-laptop/p/itm4859affe88b94","https://rukminim2.flixcart.com/image/312/312/xif0q/computer/v/v/p/inspiron-3520-laptop-thin-and-light-laptop-dell-original-imah3z3cetv2c5h6.jpeg?q=70","740"
"COMGQZ4QHPJ3RRPE","DELL Inspiron Intel Core i5 12th Gen Core i5 - (8 GB/512 GB SSD/Windows 11 Home) 3520 Laptop","DELL","Intel Core i5 Processor (12th Gen)","8 GB DDR4 RAM","512 GB SSD","39.62 cm (15.6 inch) Display","nan","64 bit Windows 11 Operating System","1 Year Onsite Warranty","竄ｹ49,990","竄ｹ65,104","23","4.3","82","4","Yes","https://www.flipkart.com/dell-inspiron-intel-core-i5-12th-gen-8-gb-512-gb-ssd-windows-11-home-3520-laptop/p/itm85a7473761253","https://rukminim2.flixcart.com/image/312/312/xif0q/computer/m/g/g/inspiron-laptop-dell-original-imagqz4qzwhetuxh.jpeg?q=70","744"
"COMGDJJYETEF3ECH","DELL G15 Intel Core i5 12th Gen 12500H - (8 GB/512 GB SSD/Windows 11 Home/4 GB Graphics/NVIDIA GeForce...","DELL","Intel Core i5 Processor (12th Gen)","8 GB DDR5 RAM","512 GB SSD","39.62 cm (15.6 Inch) Display","nan","64 bit Windows 11 Operating System","nan","竄ｹ88,990","竄ｹ95,000","6","4.4","178","17","No","https://www.flipkart.com/dell-g15-intel-core-i5-12th-gen-12500h-8-gb-512-gb-ssd-windows-11-home-4-graphics-nvidia-geforce-rtx-3050-120-hz-g15-5520-gaming-laptop/p/itme0d71116059e9","https://rukminim2.flixcart.com/image/312/312/xif0q/computer/y/b/k/-original-imahcyp7jqmuedtd.jpeg?q=70","746"
"COMFUZ3JZ6VQZN9Y","DELL Inspiron Intel Core i5 10th Gen 1035G1 - (8 GB/512 GB SSD/Windows 10 Home) Ins 5408 Thin and Ligh...","DELL","Intel Core i5 Processor (10th Gen)","8 GB DDR4 RAM","512 GB SSD","35.56 cm (14 inch) Display","nan","64 bit Windows 10 Operating System","1 Year Onsite Warranty","竄ｹ60,999","竄ｹ68,142","10","4.3","234","35","No","https://www.flipkart.com/dell-inspiron-intel-core-i5-10th-gen-1035g1-8-gb-512-gb-ssd-windows-10-home-ins-5408-thin-light-laptop/p/itmf02778c4ce946","https://rukminim2.flixcart.com/image/312/312/ken59jk0/computer/v/w/k/dell-original-imafv9tnwfhskwbx.jpeg?q=70","750"
"COMHAZY5BBX2JPYG","DELL Alienware Intel Core Ultra 7 155H - (16 GB/1 TB SSD/Windows 11 Home/6 GB Graphics/NVIDIA GeForce ...","DELL","Intel Core Ultra 7 Processor","16 GB DDR5 RAM","1 TB SSD","40.64 cm (16 Inch) Display","nan","Windows 11 Operating System","nan","竄ｹ1,57,990","竄ｹ1,97,345","19",\N,\N,\N,"No","https://www.flipkart.com/dell-alienware-intel-core-ultra-7-155h-16-gb-1-tb-ssd-windows-11-home-6-gb-graphics-nvidia-geforce-rtx-4050-240-hz-m16-r2-gaming-laptop/p/itm2e355e4aea9b7","https://rukminim2.flixcart.com/image/312/312/xif0q/computer/u/e/l/-original-imahcn9hbjsfqbcm.jpeg?q=70","751"
"COMGH8YQFYAKEPFY","DELL Vostro Intel Core i5 12th Gen 1240P - (16 GB/512 GB SSD/Windows 11 Home) Vostro 5620 Thin and Lig...","DELL","Intel Core i5 Processor (12th Gen)","16 GB DDR4 RAM","512 GB SSD","40.64 cm (16 inch) Display","nan","64 bit Windows 11 Operating System","nan","竄ｹ75,990","竄ｹ95,000","20","3.7","47","6","No","https://www.flipkart.com/dell-vostro-intel-core-i5-12th-gen-1240p-16-gb-512-gb-ssd-windows-11-home-5620-thin-light-laptop/p/itm50e137f963822","https://rukminim2.flixcart.com/image/312/312/xif0q/computer/d/4/v/-original-imagzyfzaturhtdq.jpeg?q=70","754"
"COMGDJJYFJ7WC7FH","DELL G15 Intel Core i7 12th Gen 12700H - (16 GB/512 GB SSD/Windows 11 Home/4 GB Graphics/NVIDIA GeForc...","DELL","Intel Core i7 Processor (12th Gen)","16 GB DDR5 RAM","512 GB SSD","39.62 cm (15.6 Inch) Display","nan","64 bit Windows 11 Operating System","nan","竄ｹ1,15,990","竄ｹ1,26,000","7","3.8","45","7","No","https://www.flipkart.com/dell-g15-intel-core-i7-12th-gen-12700h-16-gb-512-gb-ssd-windows-11-home-4-graphics-nvidia-geforce-rtx-3050-ti-120-hz-g15-5520-gaming-laptop/p/itme0d71116059e9","https://rukminim2.flixcart.com/image/312/312/xif0q/computer/y/b/k/-original-imahcyp7jqmuedtd.jpeg?q=70","755"
"COMHAZY5XHAXNDGQ","DELL Alienware Intel Core Ultra 9 185H - (16 GB/1 TB SSD/Windows 11 Home/8 GB Graphics/NVIDIA GeForce ...","DELL","Intel Core Ultra 9 Processor","16 GB DDR5 RAM","1 TB SSD","40.64 cm (16 Inch) Display","nan","Windows 11 Operating System","nan","竄ｹ2,14,336","nan",\N,\N,\N,\N,"No","https://www.flipkart.com/dell-alienware-intel-core-ultra-9-185h-16-gb-1-tb-ssd-windows-11-home-8-gb-graphics-nvidia-geforce-rtx-4060-240-hz-m16-r2-gaming-laptop/p/itm4076b8b39c870","https://rukminim2.flixcart.com/image/312/312/xif0q/computer/u/e/l/-original-imahcn9hbjsfqbcm.jpeg?q=70","756"
"COMG24PGYK5YZEGG","DELL Inspiron Intel Core i5 11th Gen 1135G7 - (8 GB/1 TB HDD/256 GB SSD/Windows 10/2 GB Graphics) Insp...","DELL","Intel Core i5 Processor (11th Gen)","8 GB DDR4 RAM","1 TB HDD|256 GB SSD","39.62 cm (15.6 inch) Display","nan","64 bit Windows 10 Operating System","1 Year Onsite Warranty","竄ｹ64,590","竄ｹ84,476","23","4.1","310","25","Yes","https://www.flipkart.com/dell-inspiron-intel-core-i5-11th-gen-1135g7-8-gb-1-tb-hdd-256-gb-ssd-windows-10-2-graphics-3501-thin-light-laptop/p/itm14eacf0d38abe","https://rukminim2.flixcart.com/image/312/312/knm2s280/computer/m/p/g/inspiron-3501-notebook-dell-original-imag29azafkdgysg.jpeg?q=70","760"
"COMGC3HZSD5563YC","DELL Vostro Intel Core i5 11th Gen 1135G7 - (8 GB/512 GB SSD/Windows 11 Home) VOSTRO 3400 Notebook","DELL","Intel Core i5 Processor (11th Gen)","8 GB DDR4 RAM","512 GB SSD","35.56 cm (14 Inch) Display","nan","64 bit Windows 11 Operating System","1 Year Onsite Warranty","竄ｹ55,000","竄ｹ70,000","21","4.4","15","1","No","https://www.flipkart.com/dell-vostro-intel-core-i5-11th-gen-1135g7-8-gb-512-gb-ssd-windows-11-home-3400-notebook/p/itm362bc13ad16a6","https://rukminim2.flixcart.com/image/312/312/l0bbonk0/computer/g/6/7/vostro-3400-notebook-dell-original-imagc4sthrpynfww.jpeg?q=70","761"
"COMHFT2NEWGYDWAV","ASUS TUF Gaming A15 AMD Ryzen 7 Octa Core 7435HS - (16 GB/512 GB SSD/Windows 11 Home/4 GB Graphics/NVI...","ASUS","AMD Ryzen 7 Octa Core Processor","16 GB DDR5 RAM","512 GB SSD","39.62 cm (15.6 inch) Display","nan","Windows 11 Home Operating System","1 Year Carry-in Warranty","竄ｹ60,990","竄ｹ75,990","19","4.3","1207","92","Yes","https://www.flipkart.com/asus-tuf-gaming-a15-amd-ryzen-7-octa-core-7435hs-16-gb-512-gb-ssd-windows-11-home-4-graphics-nvidia-geforce-rtx-2050-fa566nfr-hn259w-laptop/p/itm10514ecd2a794","https://rukminim2.flixcart.com/image/312/312/xif0q/computer/i/t/b/-original-imahcd999rpcg3cj.jpeg?q=70","762"
"COMHAZY5ESBEV89U","DELL Alienware Intel Core Ultra 7 155H - (16 GB/1 TB SSD/Windows 11 Home/6 GB Graphics/NVIDIA GeForce ...","DELL","Intel Core Ultra 7 Processor","16 GB DDR5 RAM","1 TB SSD","40.64 cm (16 Inch) Display","nan","Windows 11 Operating System","nan","竄ｹ1,71,424","nan",\N,\N,\N,\N,"No","https://www.flipkart.com/dell-alienware-intel-core-ultra-7-155h-16-gb-1-tb-ssd-windows-11-home-6-gb-graphics-nvidia-geforce-rtx-4050-240-hz-m16-r2-gaming-laptop/p/itm47b5e55498327","https://rukminim2.flixcart.com/image/312/312/xif0q/computer/u/e/l/-original-imahcn9hbjsfqbcm.jpeg?q=70","764"
"COMHAZY5GRTJ2GYD","DELL Inspiron Intel Core Ultra 7 155H - (16 GB/1 TB SSD/Windows 11 Home) 5330 Thin and Light Laptop","DELL","Intel Core Ultra 7 Processor","16 GB LPDDR5X RAM","1 TB SSD","33.78 cm (13.3 Inch) Display","nan","Windows 11 Operating System","nan","竄ｹ1,00,490","竄ｹ1,27,601","21",\N,\N,\N,"No","https://www.flipkart.com/dell-inspiron-intel-core-ultra-7-155h-16-gb-1-tb-ssd-windows-11-home-5330-thin-light-laptop/p/itmdcb8a8ce3a698","https://rukminim2.flixcart.com/image/312/312/xif0q/computer/k/k/u/inspiron-thin-and-light-laptop-dell-original-imahazxfnjmjbqsp.jpeg?q=70","766"
"COMGFRHGRETUUUNN","DELL Inspiron Intel Core i3 12th Gen 1215U - (8 GB/512 GB SSD/Windows 11 Home) Inspiron 7420 Thin and ...","DELL","Processor: Intel i3-1215U (0.9 GHz up to 4.40 GHz), 6 Cores, 10MB CPU Cache","RAM & Storage: 8GB, 1x8GB, DDR4, 3200MHz, 512GB SSD","512 GB SSD","Display: 14.0\" FHD+ WVA Truelife Touch Narrow Border 250 nits, Dell Active Pen","Graphics: Integrated, Keyboard: Backlit Keyboard + Fingerprint Reader","64 bit Windows 11 Operating System","nan","竄ｹ59,890","竄ｹ81,585","26","4","34","4","No","https://www.flipkart.com/dell-inspiron-intel-core-i3-12th-gen-1215u-8-gb-512-gb-ssd-windows-11-home-7420-thin-light-laptop/p/itm53f7ddd15e720","https://rukminim2.flixcart.com/image/312/312/l5fnhjk0/computer/4/d/z/inspiron-7420-thin-and-light-laptop-dell-original-imagg45kbtghzthr.jpeg?q=70","767"
"COMGH8YQTDE657TP","DELL Inspiron Intel Core i5 12th Gen 1235U - (16 GB/512 GB SSD/Windows 11 Home) Inspiron 7420 2 in 1 L...","DELL","Processor: Intel i5-1235U (Base- 3.30 GHz & Turbo up to 4.40 GHz) 10 Cores","RAM & Storage: 16GB DDR4 & 512GB SSD","512 GB SSD","Display: 14.0\" FHD+ WVA Truelife Touch Narrow Border 250 nits, Dell Active Pen","Graphics & Keyboard: Integrated & Backlit Keyboard + Fingerprint Reader","64 bit Windows 11 Operating System","nan","竄ｹ88,590","竄ｹ1,00,939","12","3.6","43","5","No","https://www.flipkart.com/dell-inspiron-intel-core-i5-12th-gen-1235u-16-gb-512-gb-ssd-windows-11-home-7420-2-1-laptop/p/itmd4f75b0fd8b1a","https://rukminim2.flixcart.com/image/312/312/xif0q/computer/l/j/b/-original-imaghzahqvua2bgp.jpeg?q=70","770"
"COMGSC5ZR32NTZTV","DELL Dell Inspiron 3520 Intel Core i3 11th Gen 1115G4 - (8 GB/512 GB SSD/Windows 11 Home) Inspiron 352...","DELL","Intel Core i3 Processor (11th Gen)","8 GB DDR4 RAM","512 GB SSD","39.62 cm (15.6 Inch) Display","nan","64 bit Windows 11 Operating System","nan","竄ｹ38,990","竄ｹ51,990","25","4.2","278","36","No","https://www.flipkart.com/dell-inspiron-3520-intel-core-i3-11th-gen-1115g4-8-gb-512-gb-ssd-windows-11-home-laptop-thin-light/p/itm18487ec6780f5","https://rukminim2.flixcart.com/image/312/312/xif0q/computer/l/j/m/inspiron-3520-thin-and-light-laptop-dell-original-imagsc5zzmzaqgbn.jpeg?q=70","775"
"COMGG9XUZGZVNNZK","DELL Intel Core i7 12th Gen - (16 GB/512 GB SSD/Windows 11 Home) Inspiron 5320 Laptop","DELL","Intel Core i7 Processor (12th Gen)","16 GB LPDDR4 RAM","512 GB SSD","33.78 cm (13.3 inch) Display","nan","Windows 11 Operating System","nan","竄ｹ93,990","竄ｹ1,12,400","16","4.3","3","0","No","https://www.flipkart.com/dell-intel-core-i7-12th-gen-16-gb-512-gb-ssd-windows-11-home-inspiron-5320-laptop/p/itmf2948f352e0d3","https://rukminim2.flixcart.com/image/312/312/xif0q/computer/k/h/i/inspiron-laptop-dell-original-imagg9xubhhumghg.jpeg?q=70","776"
"COMGFPEHZGNAGD3F","DELL Intel Core i3 11th Gen 1115G4 - (8 GB/256 GB SSD/Windows 11 Home) Vostro 3420 Notebook","DELL","Processor: Intel i3-1115G4 (Base- 1.70 GHz & Turbo up to 4.10 GHz) 2 Cores","RAM & Storage: 8GB DDR4 & 256GB SSD","256 GB SSD","Display: 14.0\" FHD WVA AG Narrow Border 250 nits","Graphics & Keyboard: Integrated & Standard Keyboard","64 bit Windows 11 Operating System","nan","竄ｹ39,000","竄ｹ54,755","28","3.9","197","15","No","https://www.flipkart.com/dell-intel-core-i3-11th-gen-1115g4-8-gb-256-gb-ssd-windows-11-home-vostro-3420-notebook/p/itm5777ef1e1433f","https://rukminim2.flixcart.com/image/312/312/l4x2rgw0/computer/m/n/n/vostro-3420-notebook-dell-original-imagfpq37h38xebf.jpeg?q=70","777"
"COMH9PZFSSFAD4KH","DELL XPS Qualcomm Snapdragon X Elite - (32 GB/1 TB SSD/Windows 11 Home) 9345 Thin and Light Laptop","DELL","Qualcomm Snapdragon X Elite Processor","32 GB LPDDR5 RAM","1 TB SSD","33.02 cm (13 Inch) Touchscreen Display","nan","Windows 11 Operating System","1 Year Onsite Warranty","竄ｹ1,79,990","竄ｹ2,27,418","20",\N,\N,\N,"No","https://www.flipkart.com/dell-xps-qualcomm-snapdragon-x-elite-32-gb-1-tb-ssd-windows-11-home-9345-thin-light-laptop/p/itm73353c2ae8871","https://rukminim2.flixcart.com/image/312/312/xif0q/computer/5/n/d/-original-imahcrnzhvf8hhvn.jpeg?q=70","780"
"COMH9PZFB63XE5WE","DELL 14 Qualcomm Snapdragon X Plus - (16 GB/512 GB SSD/Windows 11 Home) 7441 Thin and Light Laptop","DELL","Qualcomm Snapdragon X Plus Processor","16 GB LPDDR5 RAM","512 GB SSD","35.56 cm (14 Inch) Touchscreen Display","nan","Windows 11 Operating System","1 Year Onsite Warranty","竄ｹ1,08,990","竄ｹ1,35,681","19",\N,\N,\N,"No","https://www.flipkart.com/dell-14-qualcomm-snapdragon-x-plus-16-gb-512-gb-ssd-windows-11-home-7441-thin-light-laptop/p/itm780e8d95f98e7","https://rukminim2.flixcart.com/image/312/312/xif0q/computer/x/t/k/-original-imaha47bzfhhax3h.jpeg?q=70","781"
"COMHB4GUB2HKFJUT","DELL Vostro Intel Core i5 12th Gen 1235U - (16 GB/512 GB SSD/Windows 11 Home) 3520 Thin and Light Lapt...","DELL","Intel Core i5 Processor (12th Gen)","16 GB DDR4 RAM","512 GB SSD","39.62 cm (15.6 Inch) Display","nan","Windows 11 Home Operating System","1 Year Onsite Warranty","竄ｹ59,199","nan",\N,\N,\N,\N,"Yes","https://www.flipkart.com/dell-vostro-intel-core-i5-12th-gen-1235u-16-gb-512-gb-ssd-windows-11-home-3520-thin-light-laptop/p/itm51274425414c3","https://rukminim2.flixcart.com/image/312/312/xif0q/computer/t/r/x/-original-imahcn9haazgm35z.jpeg?q=70","786"
"COMHAZY5ZNZUBGRA","DELL Inspiron Intel Core Ultra 5 125H - (16 GB/512 GB SSD/Windows 11 Home) 7640 Laptop","DELL","Intel Core Ultra 5 Processor","16 GB LPDDR5 RAM","512 GB SSD","40.64 cm (16 Inch) Display","nan","Windows 11 Operating System","nan","竄ｹ94,837","nan",\N,\N,\N,\N,"Yes","https://www.flipkart.com/dell-inspiron-intel-core-ultra-5-125h-16-gb-512-gb-ssd-windows-11-home-7640-laptop/p/itmec4fd798d1dcf","https://rukminim2.flixcart.com/image/312/312/xif0q/computer/b/3/n/inspiron-laptop-dell-original-imahazxgxb2hw7ep.jpeg?q=70","787"
"COMH94999YFNVZDT","DELL 14 Qualcomm Snapdragon X Plus - (16 GB/512 GB SSD/Windows 11 Home) 5441 Thin and Light Laptop","DELL","Qualcomm Snapdragon X Plus Processor","16 GB LPDDR5 RAM","512 GB SSD","35.56 cm (14 Inch) Display","nan","Windows 11 Operating System","nan","竄ｹ91,490","竄ｹ1,18,067","22",\N,\N,\N,"No","https://www.flipkart.com/dell-14-qualcomm-snapdragon-x-plus-16-gb-512-gb-ssd-windows-11-home-5441-thin-light-laptop/p/itm85626afe7c7ca","https://rukminim2.flixcart.com/image/312/312/xif0q/computer/y/f/e/-original-imah9zgthuaar6qs.jpeg?q=70","790"
"COMGYDZFRNHQ2GUY","DELL Inspiron 14 7430 Intel Core i7 13th Gen 1355U - (16 GB/1 TB SSD/Windows 11 Home) IC7430JR4VY001OR...","DELL","Intel Core i7 Processor (13th Gen)","16 GB LPDDR5 RAM","1 TB SSD","35.56 cm (14 inch) Touchscreen Display","nan","Windows 11 Operating System","1 Year warranty","竄ｹ1,09,990","竄ｹ1,26,475","13","4.7","3","0","No","https://www.flipkart.com/dell-inspiron-14-7430-intel-core-i7-13th-gen-1355u-16-gb-1-tb-ssd-windows-11-home-ic7430jr4vy001ors1-2-1-laptop/p/itmc2bab0da02e47","https://rukminim2.flixcart.com/image/312/312/xif0q/computer/p/h/8/inspiron-14-2-in-1-laptop-dell-original-imah4fefs8w5ytjb.jpeg?q=70","791"
"COMGBHZBMTQDSGEH","DELL AMD Ryzen 7 Octa Core AMD R7-5800H - (16 GB/512 GB SSD/Windows 11 Home/6 GB Graphics/NVIDIA GeFor...","DELL","AMD Ryzen 7 Octa Core Processor","16 GB DDR4 RAM","512 GB SSD","39.62 cm (15.6 inch) Display","nan","64 bit Windows 11 Operating System","nan","竄ｹ1,04,990","竄ｹ1,49,187","29","3.6","14","2","No","https://www.flipkart.com/dell-amd-ryzen-7-octa-core-r7-5800h-16-gb-512-gb-ssd-windows-11-home-6-graphics-nvidia-geforce-rtx-3060-165-hz-g15-5515-gaming-laptop/p/itm52f3f80a13dff","https://rukminim2.flixcart.com/image/312/312/kzrbiq80/computer/c/g/h/g15-5515-gaming-laptop-dell-original-imagbpb4cxnzbnx3.jpeg?q=70","794"
"COMFUUBMKU3GHYWF","DELL G3 Intel Core i5 10th Gen 10300H - (8 GB/1 TB HDD/256 GB SSD/Windows 10 Home/4 GB Graphics/NVIDIA...","DELL","Intel Core i5 Processor (10th Gen)","8 GB DDR4 RAM","1 TB HDD|256 GB SSD","39.62 cm (15.6 inch) Display","nan","64 bit Windows 10 Operating System","1 Year Limited Hardware Warranty, In Home Service After Remote Diagnosis - Retail","竄ｹ77,890","竄ｹ78,584",\N,"4.3","407","44","No","https://www.flipkart.com/dell-g3-intel-core-i5-10th-gen-10300h-8-gb-1-tb-hdd-256-gb-ssd-windows-10-home-4-graphics-nvidia-geforce-gtx-1650-120-hz-3500-gaming-laptop/p/itm0cfee258589f8","https://rukminim2.flixcart.com/image/312/312/kex5ci80/computer/x/k/z/dell-na-gaming-laptop-original-imafvhkmqypvxynq.jpeg?q=70","795"
"COMF8DHHFAGHATTE","DELL Inspiron 13 7000 Intel Core i5 8th Gen 8250U - (8 GB/256 GB SSD/Windows 10 Home) 7373 2 in 1 Lapt...","DELL","Intel Core i5 Processor (8th Gen)","8 GB DDR4 RAM","256 GB SSD","33.78 cm (13.3 inch) Touchscreen Display","nan","64 bit Windows 10 Operating System","nan","竄ｹ77,999","竄ｹ86,339","9",\N,"25","13","No","https://www.flipkart.com/dell-inspiron-13-7000-intel-core-i5-8th-gen-8250u-8-gb-256-gb-ssd-windows-10-home-7373-2-1-laptop/p/itm262f1bef16d8c","https://rukminim2.flixcart.com/image/312/312/jly1wnk0/computer/t/t/e/dell-na-original-imaf8ytcdhgxfnjh.jpeg?q=70","796"
"COMGQQ7YRHUMTR64","DELL Intel Core i5 12th Gen - (8 GB/512 GB SSD/Windows 11 Home) D552317WIN9B Laptop","DELL","Intel Core i5 Processor (12th Gen)","8 GB DDR4 RAM","512 GB SSD","35.56 cm (14 inch) Display","nan","Windows 11 Operating System","1 year domestic warranty","竄ｹ55,000","竄ｹ66,000","16","4.4","5","0","No","https://www.flipkart.com/dell-intel-core-i5-12th-gen-8-gb-512-gb-ssd-windows-11-home-d552317win9b-laptop/p/itm16178293b40a2","https://rukminim2.flixcart.com/image/312/312/xif0q/computer/a/2/i/vostro-3420-business-laptop-dell-original-imagqrhfhcysnn6f.jpeg?q=70","797"
"COMGGH4KUZFVRQ2Z","DELL Intel Core i5 12th Gen - (8 GB/512 GB SSD/Windows 11 Home) D552268WIN9S Laptop","DELL","Intel Core i5 Processor (12th Gen)","8 GB DDR4 RAM","512 GB SSD","40.64 cm (16 inch) Display","nan","Windows 11 Operating System","nan","竄ｹ75,990","竄ｹ83,319","8",\N,\N,\N,"No","https://www.flipkart.com/dell-intel-core-i5-12th-gen-8-gb-512-gb-ssd-windows-11-home-d552268win9s-laptop/p/itm6551fb4ef4414","https://rukminim2.flixcart.com/image/312/312/xif0q/computer/o/q/f/-original-imagrykjnzh9kndn.jpeg?q=70","800"
"COMHAUD4PS74EJJP","DELL XPS Intel Core Ultra 7 258V - (32 GB/1 TB SSD/Windows 11 Home/Intel Integrated Arc) 9350 Creator ...","DELL","Intel Core Ultra 7 Processor","32 GB LPDDR5 RAM","1 TB SSD","34.04 cm (13.4 Inch) Touchscreen Display","nan","Windows 11 Operating System","nan","竄ｹ2,10,990","竄ｹ2,49,111","15",\N,\N,\N,"No","https://www.flipkart.com/dell-xps-intel-core-ultra-7-258v-32-gb-1-tb-ssd-windows-11-home-intel-integrated-arc-9350-creator-laptop/p/itm8de8a103b704a","https://rukminim2.flixcart.com/image/312/312/xif0q/computer/d/q/e/-original-imahcn9hbfhfdtwn.jpeg?q=70","801"
"COMHAUD42E4YNWZS","DELL XPS Intel Core Ultra 7 155H - (16 GB/1 TB SSD/Windows 11 Home/Intel Integrated Arc) 9440 Creator ...","DELL","Intel Core Ultra 7 Processor","16 GB LPDDR5 RAM","1 TB SSD","36.83 cm (14.5 Inch) Touchscreen Display","nan","Windows 11 Operating System","nan","竄ｹ2,04,990","竄ｹ2,48,918","17",\N,\N,\N,"No","https://www.flipkart.com/dell-xps-intel-core-ultra-7-155h-16-gb-1-tb-ssd-windows-11-home-intel-integrated-arc-9440-creator-laptop/p/itm2eb4f5d6b72da","https://rukminim2.flixcart.com/image/312/312/xif0q/computer/w/j/p/-original-imahcn9h96r2ser8.jpeg?q=70","804"
"COMG8GF3YTWBRAHD","DELL Intel Core i5 11th Gen - (16 GB/512 GB SSD/Windows 10 Home/2 GB Graphics) 3511 Laptop","DELL","Intel Core i5 Processor (11th Gen)","16 GB DDR4 RAM","512 GB SSD","39.62 cm (15.6 inch) Display","nan","Windows 10 Operating System","1 Year Onsite Warranty","竄ｹ72,480","竄ｹ88,400","18",\N,\N,\N,"No","https://www.flipkart.com/dell-intel-core-i5-11th-gen-16-gb-512-gb-ssd-windows-10-home-2-graphics-3511-laptop/p/itmbac92fd3ef8df","https://rukminim2.flixcart.com/image/312/312/kxm5qq80/computer/l/r/3/na-laptop-dell-original-imagayug47q2rykt.jpeg?q=70","805"
"COMG52AXY4XXEMHJ","DELL Intel Core i3 10th Gen - (4 GB/1 TB HDD/256 GB SSD/Windows 10 Home) INSPIRON 3501 Laptop","DELL","Intel Core i3 Processor (10th Gen)","4 GB DDR4 RAM","1 TB HDD|256 GB SSD","39.62 cm (15.6 inch) Display","nan","Windows 10 Operating System","1 Year Onsite Warranty","竄ｹ43,500","竄ｹ53,530","18",\N,\N,\N,"No","https://www.flipkart.com/dell-intel-core-i3-10th-gen-4-gb-1-tb-hdd-256-gb-ssd-windows-10-home-inspiron-3501-laptop/p/itm14eacf0d38abe","https://rukminim2.flixcart.com/image/312/312/kit6hzk0-0/computer/f/c/w/dell-inspiron-3505-laptop-amd-ryzen-3-3250u-4gb-ram-1tb-hdd-15-6-original-imafygzmveshfgtc.jpeg?q=70","806"
"COMGJ75H9TH3ZGTD","DELL Alienware Intel Core i7 12th Gen 12700H - (16 GB/1 TB SSD/Windows 11 Home/6 GB Graphics/NVIDIA Ge...","DELL","Intel Core i7 Processor (12th Gen)","16 GB DDR5 RAM","1 TB SSD","39.62 cm (15.6 Inch) Display","nan","64 bit Windows 11 Operating System","nan","竄ｹ2,60,999","竄ｹ3,20,926","18",\N,\N,\N,"No","https://www.flipkart.com/dell-alienware-intel-core-i7-12th-gen-12700h-16-gb-1-tb-ssd-windows-11-home-6-gb-graphics-nvidia-geforce-rtx-3060-360-hz-x15-r2-gaming-laptop/p/itm50d3afc2c94b6","https://rukminim2.flixcart.com/image/312/312/xif0q/computer/g/y/2/-original-imahcd9ptunz8rqj.jpeg?q=70","807"
"COMHFYZ3ZSHR7J5F","Lenovo LOQ AMD Ryzen 7 Octa Core 7435HS - (24 GB/512 GB SSD/Windows 11 Home/8 GB Graphics/NVIDIA GeFor...","Lenovo","AMD Ryzen 7 Octa Core Processor","24 GB DDR5 RAM","512 GB SSD","39.62 cm (15.6 Inch) Display","nan","Windows 11 Operating System","1Yr Warranty and 1 Yr Accidental Damage Protection","竄ｹ91,490","竄ｹ1,27,990","28","4.5","981","69","Yes","https://www.flipkart.com/lenovo-loq-amd-ryzen-7-octa-core-7435hs-24-gb-512-gb-ssd-windows-11-home-8-graphics-nvidia-geforce-rtx-4060-15arp9-gaming-laptop/p/itmd3fbbdced2d6b","https://rukminim2.flixcart.com/image/312/312/xif0q/computer/s/a/i/-original-imahcd9jn3cqggwq.jpeg?q=70","808"
"COMHAUZW4MMNNCGT","MOTOROLA Motobook 60 Full Metal Intel Core 5 (Series 2) 210H - (16 GB/512 GB SSD/Windows 11 Home) 14IR...","MOTOROLA","Intel Core 5 (Series 2) Processor","16 GB DDR5 RAM","512 GB SSD","35.56 cm (14 Inch) Display","nan","64 bit Windows 11 Operating System","1 Year Onsite Warranty","竄ｹ62,990","竄ｹ93,690","32","4.4","84","16","No","https://www.flipkart.com/motorola-motobook-60-full-metal-intel-core-5-series-2-210h-16-gb-512-gb-ssd-windows-11-home-14irh10r-thin-light-laptop/p/itme7b254581c42e","https://rukminim2.flixcart.com/image/312/312/xif0q/computer/x/q/l/-original-imahcyacqqquv9g4.jpeg?q=70","809"
"COMFUUBMPHUQU8KQ","DELL G3 Intel Core i7 10th Gen 10750H - (16 GB/512 GB SSD/Windows 10 Home/6 GB Graphics/NVIDIA GeForce...","DELL","Intel Core i7 Processor (10th Gen)","16 GB DDR4 RAM","512 GB SSD","39.62 cm (15.6 inch) Display","nan","64 bit Windows 10 Operating System","1 Year Limited Hardware Warranty, In Home Service After Remote Diagnosis - Retail","竄ｹ1,03,790","竄ｹ1,12,516","7","3.9","36","8","Yes","https://www.flipkart.com/dell-g3-intel-core-i7-10th-gen-10750h-16-gb-512-gb-ssd-windows-10-home-6-graphics-nvidia-geforce-gtx-1660-ti-120-hz-3500-gaming-laptop/p/itm0cfee258589f8","https://rukminim2.flixcart.com/image/312/312/kf4ajrk0/computer/8/k/q/dell-na-gaming-laptop-original-imafvn3ywkdegh7c.jpeg?q=70","810"
"COMGYDUGZNMMHZQ6","DELL Intel Core i5 13th Gen 13450HX - (16 GB/1 TB SSD/Windows 11 Home/6 GB Graphics/NVIDIA GeForce RTX...","DELL","Intel Core i5 Processor (13th Gen)","16 GB DDR5 RAM","1 TB SSD","39.62 cm (15.6 inch) Display","nan","Windows 11 Operating System","1 Year warranty","竄ｹ79,990","竄ｹ1,05,398","24","3.5","4","0","No","https://www.flipkart.com/dell-intel-core-i5-13th-gen-13450hx-16-gb-1-tb-ssd-windows-11-home-6-gb-graphics-nvidia-geforce-rtx-3050-gn5530n7hy001orb1o-gaming-laptop/p/itm7e5ffde82dfda","https://rukminim2.flixcart.com/image/312/312/xif0q/computer/y/6/o/g15-gaming-laptop-dell-original-imagz8sb5hhm3um6.jpeg?q=70","811"
"COMGZGHZF69GJFR6","DELL Intel Core i5 12th Gen 1235U - (8 GB/512 GB SSD/Windows 11 Home) OIN352010031RINB1M Laptop","DELL","Intel Core i5 Processor (12th Gen)","8 GB DDR4 RAM","512 GB SSD","39.62 cm (15.6 inch) Display","nan","Windows 11 Operating System","1 Year warranty","竄ｹ49,990","竄ｹ60,000","16",\N,\N,\N,"No","https://www.flipkart.com/dell-intel-core-i5-12th-gen-1235u-8-gb-512-gb-ssd-windows-11-home-oin352010031rinb1m-laptop/p/itm831c1d9efbdb5","https://rukminim2.flixcart.com/image/312/312/xif0q/computer/w/u/f/inspiron-3520-laptop-dell-original-imagzghzx7rjaxrn.jpeg?q=70","814"
"COMHFEMBC2JFKH7M","DELL Alienware Intel Core i7 13th Gen 13650HX - (16 GB/512 GB SSD/Windows 11 Home/6 GB Graphics/NVIDIA...","DELL","Intel Core i7 Processor (13th Gen)","16 GB DDR5 RAM","512 GB SSD","39.62 cm (15.6 Inch) Display","nan","64 bit Windows 11 Operating System","nan","竄ｹ1,43,990","竄ｹ2,27,990","36",\N,\N,\N,"No","https://www.flipkart.com/dell-alienware-intel-core-i7-13th-gen-13650hx-16-gb-512-gb-ssd-windows-11-home-6-graphics-nvidia-geforce-rtx-4050-165-hz-m16-r1-gaming-laptop/p/itm6acfc1902b636","https://rukminim2.flixcart.com/image/312/312/xif0q/computer/6/y/o/alienware-m16-r7-gaming-laptop-dell-original-imahf2gtsqgerfzc.jpeg?q=70","815"
"COMH64PY76CJKBYU","Apple MacBook AIR Apple M2 - (16 GB/256 GB SSD/macOS Sequoia) MC7X4HN/A","Apple","Apple M2 Processor","16 GB Unified Memory RAM","256 GB SSD","34.54 cm (13.6 Inch) Display","nan","Mac OS Operating System","1 Year Limited Warranty","竄ｹ74,990","竄ｹ85,900","12","4.7","19246","1185","Yes","https://www.flipkart.com/apple-macbook-air-m2-16-gb-256-gb-ssd-macos-sequoia-mc7x4hn-a/p/itmdc5308fa78421","https://rukminim2.flixcart.com/image/312/312/xif0q/computer/2/v/v/-original-imagfdeqter4sj2j.jpeg?q=70","816"
"COMH9ZWQCJGMZGXE","Apple MacBook Air Apple M4 - (16 GB/256 GB SSD/macOS Sequoia) MC6T4HN/A","Apple","Apple M4 Processor","16 GB Unified Memory RAM","256 GB SSD","34.54 cm (13.6 inch) Display","nan","Mac OS Operating System","1 Year Limited Warranty","竄ｹ93,990","竄ｹ99,900","5","4.7","637","64","Yes","https://www.flipkart.com/apple-macbook-air-m4-16-gb-256-gb-ssd-macos-sequoia-mc6t4hn-a/p/itm7c1831ce25509","https://rukminim2.flixcart.com/image/312/312/xif0q/computer/7/8/4/-original-imahayjpdhdyghzh.jpeg?q=70","817"
"COMH64PYZU4ZZR79","Apple MacBook AIR Apple M2 - (16 GB/256 GB SSD/macOS Sequoia) MC7W4HN/A","Apple","Apple M2 Processor","16 GB Unified Memory RAM","256 GB SSD","34.54 cm (13.6 Inch) Display","nan","Mac OS Operating System","1 Year Limited Warranty","竄ｹ74,990","竄ｹ85,900","12","4.7","19246","1185","Yes","https://www.flipkart.com/apple-macbook-air-m2-16-gb-256-gb-ssd-macos-sequoia-mc7w4hn-a/p/itm2ea42dec44bca","https://rukminim2.flixcart.com/image/312/312/xif0q/computer/a/q/h/-original-imagypv6prbgkfzg.jpeg?q=70","818"
"COMH9ZWQ5G9QKEFQ","Apple MacBook Air Apple M4 - (16 GB/256 GB SSD/macOS Sequoia) MC7A4HN/A","Apple","Apple M4 Processor","16 GB Unified Memory RAM","256 GB SSD","38.86 cm (15.3 inch) Display","nan","Mac OS Operating System","1 Year Limited Warranty","竄ｹ1,17,990","竄ｹ1,24,900","5","4.7","637","64","Yes","https://www.flipkart.com/apple-macbook-air-m4-16-gb-256-gb-ssd-macos-sequoia-mc7a4hn-a/p/itmdd70ae2c75bc6","https://rukminim2.flixcart.com/image/312/312/xif0q/computer/c/o/7/-original-imahayjpsngfg4uf.jpeg?q=70","819"
"COMGFB2GWHPVFMJW","Apple MacBook AIR Apple M2 - (8 GB/256 GB SSD/Mac OS Monterey) MLXY3HN/A","Apple","Apple M2 Processor","8 GB Unified Memory RAM","256 GB SSD","34.54 cm (13.6 Inch) Display","nan","Mac OS Operating System","nan","竄ｹ70,990","竄ｹ99,900","28","4.7","19246","1185","No","https://www.flipkart.com/apple-macbook-air-m2-8-gb-256-gb-ssd-mac-os-monterey-mlxy3hn-a/p/itm6533ea968a81e","https://rukminim2.flixcart.com/image/312/312/xif0q/computer/1/n/p/-original-imagfdfew8gszzhk.jpeg?q=70","820"
"COMGFB2GBKDVYBDD","Apple MacBook AIR Apple M2 - (8 GB/256 GB SSD/Mac OS Monterey) MLY13HN/A","Apple","Apple M2 Processor","8 GB Unified Memory RAM","256 GB SSD","34.54 cm (13.6 Inch) Display","nan","Mac OS Operating System","1 Year Limited Warranty","竄ｹ70,990","竄ｹ99,900","28","4.7","19246","1185","Yes","https://www.flipkart.com/apple-macbook-air-m2-8-gb-256-gb-ssd-mac-os-monterey-mly13hn-a/p/itmd65f6b189fc7b","https://rukminim2.flixcart.com/image/312/312/xif0q/computer/v/c/a/-original-imagfdfpnjjpdhq2.jpeg?q=70","821"
"COMGFB2GNWNN9DN8","Apple MacBook AIR Apple M2 - (8 GB/512 GB SSD/Mac OS Monterey) MLXX3HN/A","Apple","Apple M2 Processor","8 GB Unified Memory RAM","512 GB SSD","34.54 cm (13.6 Inch) Display","nan","Mac OS Operating System","nan","竄ｹ74,990","竄ｹ1,19,900","37","4.7","1558","94","Yes","https://www.flipkart.com/apple-macbook-air-m2-8-gb-512-gb-ssd-mac-os-monterey-mlxx3hn-a/p/itmc2732c112aeb1","https://rukminim2.flixcart.com/image/312/312/xif0q/computer/m/b/n/-original-imagfdf4xnbyyxpa.jpeg?q=70","822"
"COMFXEKMGNHZYFH9","Apple 2020 Macbook Air Apple M1 - (8 GB/256 GB SSD/Mac OS Big Sur) MGN63HN/A","Apple","Apple M1 Processor","8 GB DDR4 RAM","256 GB SSD","33.78 cm (13.3 inch) Display","nan","Mac OS Operating System","nan","竄ｹ66,990","竄ｹ89,900","25","4.7","17430","1359","Yes","https://www.flipkart.com/apple-2020-macbook-air-m1-8-gb-256-gb-ssd-mac-os-big-sur-mgn63hn-a/p/itmec35accf62a2f","https://rukminim2.flixcart.com/image/312/312/kp5sya80/screen-guard/tempered-glass/o/v/n/apple-macbook-air-m1-13-3-inch-lightwings-original-imag3gh5xftgbpg3.jpeg?q=70","823"
"COMH9ZWQP4EP2XAT","Apple MacBook Air Apple M4 - (16 GB/256 GB SSD/macOS Sequoia) MW0W3HN/A","Apple","Apple M4 Processor","16 GB Unified Memory RAM","256 GB SSD","34.54 cm (13.6 inch) Display","nan","Mac OS Operating System","1 Year Limited Warranty","竄ｹ93,990","竄ｹ99,900","5","4.7","637","64","Yes","https://www.flipkart.com/apple-macbook-air-m4-16-gb-256-gb-ssd-macos-sequoia-mw0w3hn-a/p/itmf733f99c22ee6","https://rukminim2.flixcart.com/image/312/312/xif0q/computer/g/m/l/-original-imahayjpk2hvhayw.jpeg?q=70","824"
"COMGFB2GMCRXZG85","Apple MacBook AIR Apple M2 - (8 GB/256 GB SSD/Mac OS Monterey) MLY33HN/A","Apple","Apple M2 Processor","8 GB Unified Memory RAM","256 GB SSD","34.54 cm (13.6 Inch) Display","nan","Mac OS Operating System","1 Year Limited Warranty","竄ｹ70,990","竄ｹ89,900","21","4.7","19246","1185","Yes","https://www.flipkart.com/apple-macbook-air-m2-8-gb-256-gb-ssd-mac-os-monterey-mly33hn-a/p/itmdc5308fa78421","https://rukminim2.flixcart.com/image/312/312/xif0q/computer/2/v/v/-original-imagfdeqter4sj2j.jpeg?q=70","825"
"COMGFB2GDBDYXF9D","Apple MacBook AIR Apple M2 - (8 GB/512 GB SSD/Mac OS Monterey) MLY43HN/A","Apple","Apple M2 Processor","8 GB Unified Memory RAM","512 GB SSD","34.54 cm (13.6 Inch) Display","nan","Mac OS Operating System","1 Year Limited Warranty","竄ｹ74,990","竄ｹ1,09,900","31","4.7","1558","94","Yes","https://www.flipkart.com/apple-macbook-air-m2-8-gb-512-gb-ssd-mac-os-monterey-mly43hn-a/p/itmdc5308fa78421","https://rukminim2.flixcart.com/image/312/312/xif0q/computer/2/v/v/-original-imagfdeqter4sj2j.jpeg?q=70","826"
"COMH9ZWQMCME2ZEN","Apple MacBook Air Apple M4 - (16 GB/256 GB SSD/macOS Sequoia) MW1L3HN/A","Apple","Apple M4 Processor","16 GB Unified Memory RAM","256 GB SSD","38.86 cm (15.3 inch) Display","nan","Mac OS Operating System","1 Year Limited Warranty","竄ｹ1,17,990","竄ｹ1,24,900","5","4.7","637","64","Yes","https://www.flipkart.com/apple-macbook-air-m4-16-gb-256-gb-ssd-macos-sequoia-mw1l3hn-a/p/itmb9ec5b746c763","https://rukminim2.flixcart.com/image/312/312/xif0q/computer/r/b/8/-original-imahayjp9agdpfhz.jpeg?q=70","827"
"COMH9ZWQDGMTF3HA","Apple MacBook Air Apple M4 - (16 GB/256 GB SSD/macOS Sequoia) MW123HN/A","Apple","Apple M4 Processor","16 GB Unified Memory RAM","256 GB SSD","34.54 cm (13.6 inch) Display","nan","Mac OS Operating System","1 Year Limited Warranty","竄ｹ93,990","竄ｹ99,900","5","4.7","637","64","Yes","https://www.flipkart.com/apple-macbook-air-m4-16-gb-256-gb-ssd-macos-sequoia-mw123hn-a/p/itm08069ed2395aa","https://rukminim2.flixcart.com/image/312/312/xif0q/computer/m/3/7/-original-imahayjpgztvrfyj.jpeg?q=70","828"
"COMH64PYE5ZGGYQV","Apple Apple M4 Max - (36 GB/1 TB SSD/macOS Sequoia) MX2K3HN/A","Apple","Apple M4 Max Processor","36 GB Unified Memory RAM","1 TB SSD","35.56 cm (14 Inch) Display","nan","Mac OS Operating System","1 Year Limited Warranty","竄ｹ3,19,900","nan",\N,\N,\N,\N,"Yes","https://www.flipkart.com/apple-m4-max-36-gb-1-tb-ssd-macos-sequoia-mx2k3hn-a/p/itmcd041a34ee857","https://rukminim2.flixcart.com/image/312/312/xif0q/computer/p/f/l/-original-imah697na9bjbnsx.jpeg?q=70","829"
"COMGYP5GNHJNKQKF","Apple MacBook Air Apple M3 - (8 GB/512 GB SSD/macOS Sonoma) MRXP3HN/A","Apple","Apple M3 Processor","8 GB Unified Memory RAM","512 GB SSD","33.02 cm (13 Inch) Display","nan","Mac OS Operating System","1 Year Onsite Warranty","竄ｹ99,990","竄ｹ1,24,900","19","4.7","359","22","Yes","https://www.flipkart.com/apple-macbook-air-m3-8-gb-512-gb-ssd-macos-sonoma-mrxp3hn-a/p/itm45bd67b7758ad","https://rukminim2.flixcart.com/image/312/312/xif0q/computer/8/c/u/-original-imagypv6yyg96khh.jpeg?q=70","830"
"COMH9ZWQDEGH4FZZ","Apple MacBook Air Apple M4 - (24 GB/512 GB SSD/macOS Sequoia) MC6C4HN/A","Apple","Apple M4 Processor","24 GB Unified Memory RAM","512 GB SSD","34.54 cm (13.6 inch) Display","nan","Mac OS Operating System","1 Year Limited Warranty","竄ｹ1,35,990","竄ｹ1,39,900","2","4.7","637","64","Yes","https://www.flipkart.com/apple-macbook-air-m4-24-gb-512-gb-ssd-macos-sequoia-mc6c4hn-a/p/itm80c9934341eec","https://rukminim2.flixcart.com/image/312/312/xif0q/computer/m/3/7/-original-imahayjpgztvrfyj.jpeg?q=70","831"
"COMFQXEGSN6JPPTE","Apple MacBook Air Intel Core i3 10th Gen - (8 GB/256 GB SSD/Mac OS Catalina) MWTJ2HN/A","Apple","Intel Core i3 Processor (10th Gen)","8 GB LPDDR4X RAM","256 GB SSD","33.78 cm (13.3 inch) Display","nan","Mac OS Operating System","1 Year Limited Warranty","竄ｹ92,990","nan",\N,"4.6","866","94","No","https://www.flipkart.com/apple-macbook-air-intel-core-i3-10th-gen-8-gb-256-gb-ssd-mac-os-catalina-mwtj2hn-a/p/itma0ecb8d3b9625","https://rukminim2.flixcart.com/image/312/312/k9bo9e80/computer/5/m/6/apple-na-original-imafr5acuz95sa5g.jpeg?q=70","832"
"COMGYP5GK8FRYSPA","Apple MacBook Air Apple M3 - (8 GB/256 GB SSD/macOS Sonoma) MRXN3HN/A","Apple","Apple M3 Processor","8 GB Unified Memory RAM","256 GB SSD","33.02 cm (13 Inch) Display","nan","Mac OS Operating System","1 Year Onsite Warranty","竄ｹ1,04,900","nan",\N,"4.7","597","41","Yes","https://www.flipkart.com/apple-macbook-air-m3-8-gb-256-gb-ssd-macos-sonoma-mrxn3hn-a/p/itm45bd67b7758ad","https://rukminim2.flixcart.com/image/312/312/xif0q/computer/8/c/u/-original-imagypv6yyg96khh.jpeg?q=70","833"
"COMGFB2GQPT52CK3","Apple MacBook AIR Apple M2 - (8 GB/512 GB SSD/Mac OS Monterey) MLY23HN/A","Apple","Apple M2 Processor","8 GB Unified Memory RAM","512 GB SSD","34.54 cm (13.6 Inch) Display","nan","Mac OS Operating System","1 Year Limited Warranty","竄ｹ74,990","竄ｹ1,09,900","31","4.7","1558","94","Yes","https://www.flipkart.com/apple-macbook-air-m2-8-gb-512-gb-ssd-mac-os-monterey-mly23hn-a/p/itmd65f6b189fc7b","https://rukminim2.flixcart.com/image/312/312/xif0q/computer/v/c/a/-original-imagfdfpnjjpdhq2.jpeg?q=70","834"
"COMGYP5GGZN7HS3Z","Apple MacBook Air Apple M3 - (8 GB/256 GB SSD/macOS Sonoma) MRXQ3HN/A","Apple","Apple M3 Processor","8 GB Unified Memory RAM","256 GB SSD","33.02 cm (13 Inch) Display","nan","Mac OS Operating System","1 Year Onsite Warranty","竄ｹ1,14,900","nan",\N,"4.7","359","22","Yes","https://www.flipkart.com/apple-macbook-air-m3-8-gb-256-gb-ssd-macos-sonoma-mrxq3hn-a/p/itm57e2173770cba","https://rukminim2.flixcart.com/image/312/312/xif0q/computer/a/h/y/-original-imagypv6x6zqbu7t.jpeg?q=70","835"
"COMGUTX7ENVNSZGS","Apple MacBook Pro Apple M3 - (8 GB/1 TB SSD/macOS Sonoma) MTL83HN/A","Apple","Apple M3 Processor","8 GB Unified Memory RAM","1 TB SSD","35.56 cm (14 Inch) Display","nan","Mac OS Operating System","1 Year Limited Warranty","竄ｹ1,35,990","竄ｹ1,69,900","19","3.7","7","0","No","https://www.flipkart.com/apple-macbook-pro-m3-8-gb-1-tb-ssd-macos-sonoma-mtl83hn-a/p/itmcd041a34ee857","https://rukminim2.flixcart.com/image/312/312/xif0q/computer/m/f/0/-original-imaguw3hswqadydy.jpeg?q=70","836"
"COMGYP5GWNZHN8FC","Apple MacBook Air Apple M3 - (8 GB/512 GB SSD/macOS Sonoma) MRXW3HN/A","Apple","Apple M3 Processor","8 GB Unified Memory RAM","512 GB SSD","33.02 cm (13 Inch) Display","nan","Mac OS Operating System","1 Year Onsite Warranty","竄ｹ99,990","竄ｹ1,34,900","25","4.7","359","22","Yes","https://www.flipkart.com/apple-macbook-air-m3-8-gb-512-gb-ssd-macos-sonoma-mrxw3hn-a/p/itmb1aa0cc739560","https://rukminim2.flixcart.com/image/312/312/xif0q/computer/g/t/w/-original-imagypv6zpfu8kzh.jpeg?q=70","837"
"COMGUTX7HPPAHTJH","Apple MacBook Pro Apple M3 Max - (36 GB/1 TB SSD/macOS Sonoma) MRW73HN/A","Apple","Apple M3 Max Processor","36 GB Unified Memory RAM","1 TB SSD","40.64 cm (16 Inch) Display","nan","Mac OS Operating System","1 Year Limited Warranty","竄ｹ2,62,999","竄ｹ3,49,900","24",\N,\N,\N,"Yes","https://www.flipkart.com/apple-macbook-pro-m3-max-36-gb-1-tb-ssd-macos-sonoma-mrw73hn-a/p/itmcd041a34ee857","https://rukminim2.flixcart.com/image/312/312/xif0q/computer/r/v/r/-original-imaguw3hfnudhqym.jpeg?q=70","838"
"COMH9ZWQSAU7H4TG","Apple MacBook Air Apple M4 - (24 GB/512 GB SSD/macOS Sequoia) MC7D4HN/A","Apple","Apple M4 Processor","24 GB Unified Memory RAM","512 GB SSD","38.86 cm (15.3 inch) Display","nan","Mac OS Operating System","1 Year Limited Warranty","竄ｹ1,54,990","竄ｹ1,64,900","6",\N,\N,\N,"Yes","https://www.flipkart.com/apple-macbook-air-m4-24-gb-512-gb-ssd-macos-sequoia-mc7d4hn-a/p/itm2814d44889ee9","https://rukminim2.flixcart.com/image/312/312/xif0q/computer/c/o/7/-original-imahayjpsngfg4uf.jpeg?q=70","839"
"COMGYP5GGSNGYSZP","Apple MacBook Air Apple M3 - (8 GB/256 GB SSD/macOS Sonoma) MRXT3HN/A","Apple","Apple M3 Processor","8 GB Unified Memory RAM","256 GB SSD","33.02 cm (13 Inch) Display","nan","Mac OS Operating System","1 Year Onsite Warranty","竄ｹ1,14,900","nan",\N,"4.7","597","41","Yes","https://www.flipkart.com/apple-macbook-air-m3-8-gb-256-gb-ssd-macos-sonoma-mrxt3hn-a/p/itm2ea42dec44bca","https://rukminim2.flixcart.com/image/312/312/xif0q/computer/a/q/h/-original-imagypv6prbgkfzg.jpeg?q=70","841"
"COMH6PUZ6WZGHZ84","CHUWI Intel Core i3 12th Gen 1220P - (8 GB/512 GB SSD/Windows 11 Home) Corebook X i3 Laptop","CHUWI","Intel Core i3 Processor (12th Gen)","8 GB DDR4 RAM","512 GB SSD","35.56 cm (14 inch) Display","nan","Windows 11 Home Operating System","nan","竄ｹ25,990","竄ｹ44,490","41","3.9","51","12","Yes","https://www.flipkart.com/chuwi-intel-core-i3-12th-gen-1220p-8-gb-512-gb-ssd-windows-11-home-corebook-x-laptop/p/itm9904aa796f52f","https://rukminim2.flixcart.com/image/312/312/xif0q/computer/p/h/3/-original-imah8aezhfxgprkj.jpeg?q=70","842"
"COMGYP5GZH7XGYWG","Apple MacBook Air Apple M3 - (8 GB/512 GB SSD/macOS Sonoma) MRXU3HN/A","Apple","Apple M3 Processor","8 GB Unified Memory RAM","512 GB SSD","33.02 cm (13 Inch) Display","nan","Mac OS Operating System","1 Year Onsite Warranty","竄ｹ1,34,900","nan",\N,"4.7","359","22","Yes","https://www.flipkart.com/apple-macbook-air-m3-8-gb-512-gb-ssd-macos-sonoma-mrxu3hn-a/p/itm2ea42dec44bca","https://rukminim2.flixcart.com/image/312/312/xif0q/computer/a/q/h/-original-imagypv6prbgkfzg.jpeg?q=70","843"
"COMGYP5GSZFWRXCE","Apple MacBook Air Apple M3 - (16 GB/512 GB SSD/macOS Sonoma) MXD43HN/A","Apple","Apple M3 Processor","16 GB Unified Memory RAM","512 GB SSD","38.1 cm (15 Inch) Display","nan","Mac OS Operating System","1 Year Onsite Warranty","竄ｹ1,54,900","nan",\N,"4.7","359","22","Yes","https://www.flipkart.com/apple-macbook-air-m3-16-gb-512-gb-ssd-macos-sonoma-mxd43hn-a/p/itmb1aa0cc739560","https://rukminim2.flixcart.com/image/312/312/xif0q/computer/m/7/y/-original-imagypv6datec8tp.jpeg?q=70","844"
"COMH9ZWQEHPFGCUY","Apple MacBook Air Apple M4 - (24 GB/512 GB SSD/macOS Sequoia) MC6V4HN/A","Apple","Apple M4 Processor","24 GB Unified Memory RAM","512 GB SSD","34.54 cm (13.6 inch) Display","nan","Mac OS Operating System","1 Year Limited Warranty","竄ｹ1,35,990","竄ｹ1,39,900","2",\N,\N,\N,"Yes","https://www.flipkart.com/apple-macbook-air-m4-24-gb-512-gb-ssd-macos-sequoia-mc6v4hn-a/p/itm482836944277e","https://rukminim2.flixcart.com/image/312/312/xif0q/computer/7/8/4/-original-imahayjpdhdyghzh.jpeg?q=70","845"
"COMH64PY8UKCEY9Y","Apple Apple M3 - (16 GB/256 GB SSD/macOS Sequoia) MC8K4HN/A","Apple","Apple M3 Processor","16 GB Unified Memory RAM","256 GB SSD","34.54 cm (13.6 Inch) Display","nan","Mac OS Operating System","1 Year Limited Warranty","竄ｹ1,14,900","nan",\N,"4.7","597","41","Yes","https://www.flipkart.com/apple-m3-16-gb-256-gb-ssd-macos-sequoia-mc8k4hn-a/p/itmb1aa0cc739560","https://rukminim2.flixcart.com/image/312/312/xif0q/computer/g/t/w/-original-imagypv6zpfu8kzh.jpeg?q=70","846"
"COMGYP5GY92PQCZM","Apple MacBook Air Apple M3 - (8 GB/512 GB SSD/macOS Sonoma) MRXR3HN/A","Apple","Apple M3 Processor","8 GB Unified Memory RAM","512 GB SSD","33.02 cm (13 Inch) Display","nan","Mac OS Operating System","1 Year Onsite Warranty","竄ｹ1,34,900","nan",\N,"4.7","359","22","Yes","https://www.flipkart.com/apple-macbook-air-m3-8-gb-512-gb-ssd-macos-sonoma-mrxr3hn-a/p/itm57e2173770cba","https://rukminim2.flixcart.com/image/312/312/xif0q/computer/a/h/y/-original-imagypv6x6zqbu7t.jpeg?q=70","847"
"COMH9ZWQJG7GRYZF","Apple MacBook Air Apple M4 - (16 GB/256 GB SSD/macOS Sequoia) MW1J3HN/A","Apple","Apple M4 Processor","16 GB Unified Memory RAM","256 GB SSD","38.86 cm (15.3 inch) Display","nan","Mac OS Operating System","1 Year Limited Warranty","竄ｹ1,17,990","竄ｹ1,24,900","5","4.7","637","64","Yes","https://www.flipkart.com/apple-macbook-air-m4-16-gb-256-gb-ssd-macos-sequoia-mw1j3hn-a/p/itmc67e1974a02ef","https://rukminim2.flixcart.com/image/312/312/xif0q/computer/k/q/x/-original-imahayjpt7gjdfhs.jpeg?q=70","848"
"COMGYP5GJJFZ5THM","Apple MacBook Air Apple M3 - (16 GB/512 GB SSD/macOS Sonoma) MXCV3HN/A","Apple","Apple M3 Processor","16 GB Unified Memory RAM","512 GB SSD","33.02 cm (13 Inch) Display","nan","Mac OS Operating System","1 Year Onsite Warranty","竄ｹ1,34,900","nan",\N,"4.7","359","22","Yes","https://www.flipkart.com/apple-macbook-air-m3-16-gb-512-gb-ssd-macos-sonoma-mxcv3hn-a/p/itmb1aa0cc739560","https://rukminim2.flixcart.com/image/312/312/xif0q/computer/g/t/w/-original-imagypv6zpfu8kzh.jpeg?q=70","849"
"COMGYP5GSZHYQ9MY","Apple MacBook Air Apple M3 - (16 GB/512 GB SSD/macOS Sonoma) MXCR3HN/A","Apple","Apple M3 Processor","16 GB Unified Memory RAM","512 GB SSD","33.02 cm (13 Inch) Display","nan","Mac OS Operating System","1 Year Onsite Warranty","竄ｹ1,34,900","nan",\N,"4.7","359","22","Yes","https://www.flipkart.com/apple-macbook-air-m3-16-gb-512-gb-ssd-macos-sonoma-mxcr3hn-a/p/itm45bd67b7758ad","https://rukminim2.flixcart.com/image/312/312/xif0q/computer/8/c/u/-original-imagypv6yyg96khh.jpeg?q=70","850"
"COMGYP5GUVX8BAXE","Apple MacBook Air Apple M3 - (8 GB/512 GB SSD/macOS Sonoma) MRYN3HN/A","Apple","Apple M3 Processor","8 GB Unified Memory RAM","512 GB SSD","38.1 cm (15 Inch) Display","nan","Mac OS Operating System","1 Year Onsite Warranty","竄ｹ1,44,900","nan",\N,"4.7","359","22","Yes","https://www.flipkart.com/apple-macbook-air-m3-8-gb-512-gb-ssd-macos-sonoma-mryn3hn-a/p/itm45bd67b7758ad","https://rukminim2.flixcart.com/image/312/312/xif0q/computer/z/p/w/-original-imagypv6egkruwgg.jpeg?q=70","851"
"COMGYP5GYK6GHFFZ","Apple MacBook Air Apple M3 - (8 GB/256 GB SSD/macOS Sonoma) MRYM3HN/A","Apple","Apple M3 Processor","8 GB Unified Memory RAM","256 GB SSD","38.1 cm (15 Inch) Display","nan","Mac OS Operating System","1 Year Onsite Warranty","竄ｹ1,34,900","nan",\N,"4.7","359","22","Yes","https://www.flipkart.com/apple-macbook-air-m3-8-gb-256-gb-ssd-macos-sonoma-mrym3hn-a/p/itm45bd67b7758ad","https://rukminim2.flixcart.com/image/312/312/xif0q/computer/z/p/w/-original-imagypv6egkruwgg.jpeg?q=70","852"
"COMGYP5GESFG6DZG","Apple MacBook Air Apple M3 - (8 GB/256 GB SSD/macOS Sonoma) MRYR3HN/A","Apple","Apple M3 Processor","8 GB Unified Memory RAM","256 GB SSD","38.1 cm (15 Inch) Display","nan","Mac OS Operating System","1 Year Onsite Warranty","竄ｹ1,34,900","nan",\N,"4.7","359","22","Yes","https://www.flipkart.com/apple-macbook-air-m3-8-gb-256-gb-ssd-macos-sonoma-mryr3hn-a/p/itm2ea42dec44bca","https://rukminim2.flixcart.com/image/312/312/xif0q/computer/6/r/5/-original-imagypv6cagwsd3m.jpeg?q=70","853"
"COMH9ZWQ389TVPJG","Apple MacBook Air Apple M4 - (16 GB/512 GB SSD/macOS Sequoia) MC7C4HN/A","Apple","Apple M4 Processor","16 GB Unified Memory RAM","512 GB SSD","38.86 cm (15.3 inch) Display","nan","Mac OS Operating System","1 Year Limited Warranty","竄ｹ1,35,990","竄ｹ1,44,900","6",\N,\N,\N,"Yes","https://www.flipkart.com/apple-macbook-air-m4-16-gb-512-gb-ssd-macos-sequoia-mc7c4hn-a/p/itmdb7ee0ce0e128","https://rukminim2.flixcart.com/image/312/312/xif0q/computer/c/o/7/-original-imahayjpsngfg4uf.jpeg?q=70","854"
"COMH64PYRDJE6PZR","Apple Apple M3 - (24 GB/512 GB SSD/macOS Sequoia) MC8Q4HN/A","Apple","Apple M3 Processor","24 GB Unified Memory RAM","512 GB SSD","34.54 cm (13.6 Inch) Display","nan","Mac OS Operating System","1 Year Limited Warranty","竄ｹ1,54,900","nan",\N,\N,\N,\N,"Yes","https://www.flipkart.com/apple-m3-24-gb-512-gb-ssd-macos-sequoia-mc8q4hn-a/p/itmb1aa0cc739560","https://rukminim2.flixcart.com/image/312/312/xif0q/computer/g/t/w/-original-imagypv6zpfu8kzh.jpeg?q=70","855"
"COMH9ZWQNXNAPHHW","Apple MacBook Air Apple M4 - (24 GB/512 GB SSD/macOS Sequoia) MC6A4HN/A","Apple","Apple M4 Processor","24 GB Unified Memory RAM","512 GB SSD","34.54 cm (13.6 inch) Display","nan","Mac OS Operating System","1 Year Limited Warranty","竄ｹ1,35,990","竄ｹ1,39,900","2",\N,\N,\N,"Yes","https://www.flipkart.com/apple-macbook-air-m4-24-gb-512-gb-ssd-macos-sequoia-mc6a4hn-a/p/itm59e52a678fa9c","https://rukminim2.flixcart.com/image/312/312/xif0q/computer/q/o/f/-original-imahayjprdnrga3v.jpeg?q=70","856"
"COMH64PYZV2Y3FGF","Apple Apple M3 - (16 GB/256 GB SSD/macOS Sequoia) MC9D4HN/A","Apple","Apple M3 Processor","16 GB Unified Memory RAM","256 GB SSD","38.86 cm (15.3 Inch) Display","nan","Mac OS Operating System","1 Year Limited Warranty","竄ｹ1,34,900","nan",\N,\N,\N,\N,"Yes","https://www.flipkart.com/apple-m3-16-gb-256-gb-ssd-macos-sequoia-mc9d4hn-a/p/itm45bd67b7758ad","https://rukminim2.flixcart.com/image/312/312/xif0q/computer/z/p/w/-original-imagypv6egkruwgg.jpeg?q=70","857"
"COMGYP5GHFJCCEAD","Apple MacBook Air Apple M3 - (8 GB/512 GB SSD/macOS Sonoma) MRYT3HN/A","Apple","Apple M3 Processor","8 GB Unified Memory RAM","512 GB SSD","38.1 cm (15 Inch) Display","nan","Mac OS Operating System","1 Year Onsite Warranty","竄ｹ1,44,900","nan",\N,"4.7","359","22","Yes","https://www.flipkart.com/apple-macbook-air-m3-8-gb-512-gb-ssd-macos-sonoma-mryt3hn-a/p/itm2ea42dec44bca","https://rukminim2.flixcart.com/image/312/312/xif0q/computer/6/r/5/-original-imagypv6cagwsd3m.jpeg?q=70","858"
"COMH64PYUGCW7EBY","Apple Apple M3 - (16 GB/256 GB SSD/macOS Sequoia) MC8G4HN/A","Apple","Apple M3 Processor","16 GB Unified Memory RAM","256 GB SSD","34.54 cm (13.6 Inch) Display","nan","Mac OS Operating System","1 Year Limited Warranty","竄ｹ1,14,900","nan",\N,"4.7","597","41","Yes","https://www.flipkart.com/apple-m3-16-gb-256-gb-ssd-macos-sequoia-mc8g4hn-a/p/itm45bd67b7758ad","https://rukminim2.flixcart.com/image/312/312/xif0q/computer/8/c/u/-original-imagypv6yyg96khh.jpeg?q=70","859"
"COMGUTX76ZZ9QVES","Apple MacBook Pro Apple M3 Max - (48 GB/1 TB SSD/macOS Sonoma) MUW73HN/A","Apple","Apple M3 Max Processor","48 GB Unified Memory RAM","1 TB SSD","40.64 cm (16 Inch) Display","nan","Mac OS Operating System","1 Year Limited Warranty","竄ｹ3,99,900","nan",\N,\N,\N,\N,"Yes","https://www.flipkart.com/apple-macbook-pro-m3-max-48-gb-1-tb-ssd-macos-sonoma-muw73hn-a/p/itmcd041a34ee857","https://rukminim2.flixcart.com/image/312/312/xif0q/computer/r/v/r/-original-imaguw3hfnudhqym.jpeg?q=70","860"
"COMH64PYHPFMPW6W","Apple Apple M3 - (16 GB/256 GB SSD/macOS Sequoia) MC8J4HN/A","Apple","Apple M3 Processor","16 GB Unified Memory RAM","256 GB SSD","34.54 cm (13.6 Inch) Display","nan","Mac OS Operating System","1 Year Limited Warranty","竄ｹ1,14,900","nan",\N,"4.7","597","41","Yes","https://www.flipkart.com/apple-m3-16-gb-256-gb-ssd-macos-sequoia-mc8j4hn-a/p/itm2ea42dec44bca","https://rukminim2.flixcart.com/image/312/312/xif0q/computer/a/q/h/-original-imagypv6prbgkfzg.jpeg?q=70","861"
"COMH2SZFDTJZFD94","Apple 2020 Macbook Air Apple M1 - (16 GB/256 GB SSD/Mac OS Big Sur) MGN63HN/A","Apple","Apple M1 Processor","16 GB DDR4 RAM","256 GB SSD","33.78 cm (13.3 inch) Display","nan","Mac OS Operating System","nan","竄ｹ1,09,900","nan",\N,"4.7","921","93","No","https://www.flipkart.com/apple-2020-macbook-air-m1-16-gb-256-gb-ssd-mac-os-big-sur-mgn63hn-a/p/itmec35accf62a2f","https://rukminim2.flixcart.com/image/312/312/xif0q/computer/o/x/e/-original-imah2thbvcyxcazg.jpeg?q=70","862"
"COMGUTX7YKTDMTGQ","Apple MacBook Pro Apple M3 Max - (36 GB/1 TB SSD/macOS Sonoma) MRX53HN/A","Apple","Apple M3 Max Processor","36 GB Unified Memory RAM","1 TB SSD","35.56 cm (14 Inch) Display","nan","Mac OS Operating System","1 Year Limited Warranty","竄ｹ3,19,900","nan",\N,\N,\N,\N,"No","https://www.flipkart.com/apple-macbook-pro-m3-max-36-gb-1-tb-ssd-macos-sonoma-mrx53hn-a/p/itmcd041a34ee857","https://rukminim2.flixcart.com/image/312/312/xif0q/computer/p/b/a/-original-imaguw3hkarh3jft.jpeg?q=70","863"
"COMG7X7HX4NNCVEN","Apple 2021 Macbook Pro Apple M1 Pro - (16 GB/1 TB SSD/Mac OS Monterey) MKGQ3HN/A","Apple","Apple M1 Pro Processor","16 GB Unified Memory RAM","1 TB SSD","36.07 cm (14.2 inch) Display","nan","Mac OS Operating System","1 Year Limited Warranty","竄ｹ2,26,990","竄ｹ2,39,900","5","4.8","139","14","Yes","https://www.flipkart.com/apple-2021-macbook-pro-m1-16-gb-1-tb-ssd-mac-os-monterey-mkgq3hn-a/p/itmb08b4e6a1b4fe","https://rukminim2.flixcart.com/image/312/312/kuyf8nk0/computer/c/8/u/mkgp3hn-a-thin-and-light-laptop-apple-original-imag7yznc5d2rsuh.jpeg?q=70","864"
"COMH64PYVYF6ZEPJ","Apple Apple M3 - (24 GB/512 GB SSD/macOS Sequoia) MC8M4HN/A","Apple","Apple M3 Processor","24 GB Unified Memory RAM","512 GB SSD","34.54 cm (13.6 Inch) Display","nan","Mac OS Operating System","1 Year Limited Warranty","竄ｹ1,54,900","nan",\N,\N,\N,\N,"No","https://www.flipkart.com/apple-m3-24-gb-512-gb-ssd-macos-sequoia-mc8m4hn-a/p/itm45bd67b7758ad","https://rukminim2.flixcart.com/image/312/312/xif0q/computer/8/c/u/-original-imagypv6yyg96khh.jpeg?q=70","865"
"COMGUTX8ABUHZXJY","Apple MacBook Pro Apple M3 Pro - (18 GB/512 GB SSD/macOS Sonoma) MRX63HN/A","Apple","Apple M3 Pro Processor","18 GB Unified Memory RAM","512 GB SSD","35.56 cm (14 Inch) Display","nan","Mac OS Operating System","1 Year Limited Warranty","竄ｹ1,89,900","nan",\N,"4.8","20","0","Yes","https://www.flipkart.com/apple-macbook-pro-m3-18-gb-512-gb-ssd-macos-sonoma-mrx63hn-a/p/itmcd041a34ee857","https://rukminim2.flixcart.com/image/312/312/xif0q/computer/u/v/n/-original-imaguw3hhw9ce9ry.jpeg?q=70","868"
"COMGYP5GTRTZ5R2K","Apple MacBook Air Apple M3 - (16 GB/512 GB SSD/macOS Sonoma) MXCU3HN/A","Apple","Apple M3 Processor","16 GB Unified Memory RAM","512 GB SSD","33.02 cm (13 Inch) Display","nan","Mac OS Operating System","1 Year Onsite Warranty","竄ｹ1,34,900","nan",\N,"4.7","359","22","Yes","https://www.flipkart.com/apple-macbook-air-m3-16-gb-512-gb-ssd-macos-sonoma-mxcu3hn-a/p/itm2ea42dec44bca","https://rukminim2.flixcart.com/image/312/312/xif0q/computer/a/q/h/-original-imagypv6prbgkfzg.jpeg?q=70","869"
"COMGYP5GYZ99SG4M","Apple MacBook Air Apple M3 - (8 GB/512 GB SSD/macOS Sonoma) MRYQ3HN/A","Apple","Apple M3 Processor","8 GB Unified Memory RAM","512 GB SSD","38.1 cm (15 Inch) Display","nan","Mac OS Operating System","1 Year Onsite Warranty","竄ｹ1,44,900","nan",\N,"4.7","359","22","Yes","https://www.flipkart.com/apple-macbook-air-m3-8-gb-512-gb-ssd-macos-sonoma-mryq3hn-a/p/itm57e2173770cba","https://rukminim2.flixcart.com/image/312/312/xif0q/computer/u/n/k/-original-imagypv6nmqhh9fm.jpeg?q=70","870"
"COMH9ZWQACKSPRQW","Apple MacBook Air Apple M4 - (24 GB/512 GB SSD/macOS Sequoia) MC6K4HN/A","Apple","Apple M4 Processor","24 GB Unified Memory RAM","512 GB SSD","38.86 cm (15.3 inch) Display","nan","Mac OS Operating System","1 Year Limited Warranty","竄ｹ1,49,990","竄ｹ1,64,900","9",\N,\N,\N,"Yes","https://www.flipkart.com/apple-macbook-air-m4-24-gb-512-gb-ssd-macos-sequoia-mc6k4hn-a/p/itm393a166251332","https://rukminim2.flixcart.com/image/312/312/xif0q/computer/k/q/x/-original-imahayjpt7gjdfhs.jpeg?q=70","871"
"COMGYP5GENGHKS2W","Apple MacBook Air Apple M3 - (8 GB/256 GB SSD/macOS Sonoma) MRYP3HN/A","Apple","Apple M3 Processor","8 GB Unified Memory RAM","256 GB SSD","38.1 cm (15 Inch) Display","nan","Mac OS Operating System","1 Year Onsite Warranty","竄ｹ1,24,900","nan",\N,"4.7","359","22","Yes","https://www.flipkart.com/apple-macbook-air-m3-8-gb-256-gb-ssd-macos-sonoma-mryp3hn-a/p/itm57e2173770cba","https://rukminim2.flixcart.com/image/312/312/xif0q/computer/u/n/k/-original-imagypv6nmqhh9fm.jpeg?q=70","873"
"COMH2SZFTMFVYUX9","Apple MacBook AIR Apple M2 - (16 GB/256 GB SSD/Mac OS Monterey) MLXX3HN/A","Apple","Apple M2 Processor","16 GB Unified Memory RAM","256 GB SSD","34.54 cm (13.6 Inch) Display","nan","Mac OS Operating System","nan","竄ｹ1,19,900","nan",\N,\N,\N,\N,"Yes","https://www.flipkart.com/apple-macbook-air-m2-16-gb-256-gb-ssd-mac-os-monterey-mlxx3hn-a/p/itmec35accf62a2f","https://rukminim2.flixcart.com/image/312/312/xif0q/computer/o/x/e/-original-imah2thbvcyxcazg.jpeg?q=70","874"
"COMH2SZFPUFGHDYZ","Apple MacBook Air Apple M3 - (16 GB/1 TB SSD/macOS Sonoma) MXCR3HN/A","Apple","Apple M3 Processor","16 GB Unified Memory RAM","1 TB SSD","33.02 cm (13 Inch) Display","nan","Mac OS Operating System","1 Year Onsite Warranty","竄ｹ1,74,900","nan",\N,\N,\N,\N,"Yes","https://www.flipkart.com/apple-macbook-air-m3-16-gb-1-tb-ssd-macos-sonoma-mxcr3hn-a/p/itmdc5308fa78421","https://rukminim2.flixcart.com/image/312/312/xif0q/computer/2/v/v/-original-imagfdeqter4sj2j.jpeg?q=70","875"
"COMGHZGHAYFEUYJC","Apple MacBook Pro Apple M2 Max - (32 GB/1 TB SSD/macOS Ventura) MPHG3HN/A","Apple","Apple M2 Max Processor","32 GB Unified Memory RAM","1 TB SSD","35.56 cm (14 Inch) Display","nan","Mac OS Operating System","1 Year Limited Warranty","竄ｹ2,32,999","竄ｹ3,09,900","24","5","4","0","Yes","https://www.flipkart.com/apple-macbook-pro-m2-max-32-gb-1-tb-ssd-macos-ventura-mphg3hn-a/p/itmad582e7f245fd","https://rukminim2.flixcart.com/image/312/312/xif0q/computer/y/i/y/mphg3hn-a-thin-and-light-laptop-apple-original-imagmfhepavqyfyy.jpeg?q=70","876"
"COMGYP5GFHGUHCSA","Apple MacBook Air Apple M3 - (16 GB/512 GB SSD/macOS Sonoma) MXD13HN/A","Apple","Apple M3 Processor","16 GB Unified Memory RAM","512 GB SSD","38.1 cm (15 Inch) Display","nan","Mac OS Operating System","1 Year Onsite Warranty","竄ｹ1,54,900","nan",\N,"4.7","359","22","Yes","https://www.flipkart.com/apple-macbook-air-m3-16-gb-512-gb-ssd-macos-sonoma-mxd13hn-a/p/itm45bd67b7758ad","https://rukminim2.flixcart.com/image/312/312/xif0q/computer/z/p/w/-original-imagypv6egkruwgg.jpeg?q=70","877"
"COMGYP5GR35KCWP7","Apple MacBook Air Apple M3 - (8 GB/512 GB SSD/macOS Sonoma) MRYV3HN/A","Apple","Apple M3 Processor","8 GB Unified Memory RAM","512 GB SSD","38.1 cm (15 Inch) Display","nan","Mac OS Operating System","1 Year Onsite Warranty","竄ｹ1,54,900","nan",\N,"4.7","359","22","Yes","https://www.flipkart.com/apple-macbook-air-m3-8-gb-512-gb-ssd-macos-sonoma-mryv3hn-a/p/itmb1aa0cc739560","https://rukminim2.flixcart.com/image/312/312/xif0q/computer/m/7/y/-original-imagypv6datec8tp.jpeg?q=70","878"
"COMGUTX7VWJBGPCZ","Apple MacBook Pro Apple M3 - (8 GB/1 TB SSD/macOS Sonoma) MR7K3HN/A","Apple","Apple M3 Processor","8 GB Unified Memory RAM","1 TB SSD","35.56 cm (14 Inch) Display","nan","Mac OS Operating System","1 Year Limited Warranty","竄ｹ1,35,990","竄ｹ1,89,900","28","5","4","1","Yes","https://www.flipkart.com/apple-macbook-pro-m3-8-gb-1-tb-ssd-macos-sonoma-mr7k3hn-a/p/itmcd041a34ee857","https://rukminim2.flixcart.com/image/312/312/xif0q/computer/l/q/t/-original-imaguw3hwp55jj7b.jpeg?q=70","879"
"COMGUTX7QF7FHNKD","Apple MacBook Pro Apple M3 Pro - (18 GB/1 TB SSD/macOS Sonoma) MRX43HN/A","Apple","Apple M3 Pro Processor","18 GB Unified Memory RAM","1 TB SSD","35.56 cm (14 Inch) Display","nan","Mac OS Operating System","1 Year Limited Warranty","竄ｹ2,29,900","nan",\N,"4.8","6","1","Yes","https://www.flipkart.com/apple-macbook-pro-m3-18-gb-1-tb-ssd-macos-sonoma-mrx43hn-a/p/itmcd041a34ee857","https://rukminim2.flixcart.com/image/312/312/xif0q/computer/p/b/a/-original-imaguw3hkarh3jft.jpeg?q=70","880"
"COMG7X7HJBHPRPSU","Apple 2021 Macbook Pro Apple M1 Max - (32 GB/1 TB SSD/Mac OS Monterey) MK1H3HN/A","Apple","Apple M1 Max Processor","32 GB Unified Memory RAM","1 TB SSD","41.15 cm (16.2 inch) Display","nan","Mac OS Operating System","1 Year Limited Warranty","竄ｹ2,77,999","竄ｹ3,29,900","15","4.2","15","5","Yes","https://www.flipkart.com/apple-2021-macbook-pro-m1-max-32-gb-1-tb-ssd-mac-os-monterey-mk1h3hn-a/p/itma471d3d9a3f19","https://rukminim2.flixcart.com/image/312/312/kuyf8nk0/computer/g/z/q/mk1e3hn-a-laptop-apple-original-imag7yzmv57cvg3f.jpeg?q=70","881"
"COMGUTX74JZBFZK9","Apple MacBook Pro Apple M3 Max - (48 GB/1 TB SSD/macOS Sonoma) MUW63HN/A","Apple","Apple M3 Max Processor","48 GB Unified Memory RAM","1 TB SSD","40.64 cm (16 Inch) Display","nan","Mac OS Operating System","1 Year Limited Warranty","竄ｹ3,89,900","nan",\N,\N,\N,\N,"Yes","https://www.flipkart.com/apple-macbook-pro-m3-max-48-gb-1-tb-ssd-macos-sonoma-muw63hn-a/p/itmcd041a34ee857","https://rukminim2.flixcart.com/image/312/312/xif0q/computer/7/r/w/-original-imaguw3hpuzcwvdp.jpeg?q=70","882"
"COMGUTX8HH4XNDZ7","Apple MacBook Pro Apple M3 - (8 GB/512 GB SSD/macOS Sonoma) MTL73HN/A","Apple","Apple M3 Processor","8 GB Unified Memory RAM","512 GB SSD","35.56 cm (14 Inch) Display","nan","Mac OS Operating System","1 Year Limited Warranty","竄ｹ1,49,900","nan",\N,"4.6","46","6","Yes","https://www.flipkart.com/apple-macbook-pro-m3-8-gb-512-gb-ssd-macos-sonoma-mtl73hn-a/p/itmcd041a34ee857","https://rukminim2.flixcart.com/image/312/312/xif0q/computer/m/f/0/-original-imaguw3hswqadydy.jpeg?q=70","883"
"COMH64PYVBXYWNU7","Apple Apple M3 - (24 GB/512 GB SSD/macOS Sequoia) MC8N4HN/A","Apple","Apple M3 Processor","24 GB Unified Memory RAM","512 GB SSD","34.54 cm (13.6 Inch) Display","nan","Mac OS Operating System","1 Year Limited Warranty","竄ｹ1,54,900","nan",\N,\N,\N,\N,"Yes","https://www.flipkart.com/apple-m3-24-gb-512-gb-ssd-macos-sequoia-mc8n4hn-a/p/itm57e2173770cba","https://rukminim2.flixcart.com/image/312/312/xif0q/computer/a/h/y/-original-imagypv6x6zqbu7t.jpeg?q=70","884"
"COMGUTX7H5ZZ4F9F","Apple MacBook Pro Apple M3 Pro - (18 GB/1 TB SSD/macOS Sonoma) MRX73HN/A","Apple","Apple M3 Pro Processor","18 GB Unified Memory RAM","1 TB SSD","35.56 cm (14 Inch) Display","nan","Mac OS Operating System","1 Year Limited Warranty","竄ｹ2,39,900","nan",\N,\N,\N,\N,"Yes","https://www.flipkart.com/apple-macbook-pro-m3-18-gb-1-tb-ssd-macos-sonoma-mrx73hn-a/p/itmcd041a34ee857","https://rukminim2.flixcart.com/image/312/312/xif0q/computer/u/v/n/-original-imaguw3hhw9ce9ry.jpeg?q=70","885"
"COMGUTX8NYVKRXTF","Apple MacBook Pro Apple M3 Pro - (18 GB/512 GB SSD/macOS Sonoma) MRW13HN/A","Apple","Apple M3 Pro Processor","18 GB Unified Memory RAM","512 GB SSD","40.64 cm (16 Inch) Display","nan","Mac OS Operating System","1 Year Limited Warranty","竄ｹ2,49,900","nan",\N,"4.8","4","0","Yes","https://www.flipkart.com/apple-macbook-pro-m3-18-gb-512-gb-ssd-macos-sonoma-mrw13hn-a/p/itmcd041a34ee857","https://rukminim2.flixcart.com/image/312/312/xif0q/computer/7/r/w/-original-imaguw3hpuzcwvdp.jpeg?q=70","886"
"COMGUTX8PNYFWXXW","Apple MacBook Pro Apple M3 Pro - (18 GB/512 GB SSD/macOS Sonoma) MRW43HN/A","Apple","Apple M3 Pro Processor","18 GB Unified Memory RAM","512 GB SSD","40.64 cm (16 Inch) Display","nan","Mac OS Operating System","1 Year Limited Warranty","竄ｹ2,49,900","nan",\N,\N,\N,\N,"Yes","https://www.flipkart.com/apple-macbook-pro-m3-18-gb-512-gb-ssd-macos-sonoma-mrw43hn-a/p/itmcd041a34ee857","https://rukminim2.flixcart.com/image/312/312/xif0q/computer/r/v/r/-original-imaguw3hfnudhqym.jpeg?q=70","887"
"COMFGNHGKYJEYGG3","Apple MacBook Pro Intel Core i5 8th Gen - (8 GB/512 GB SSD/Mac OS Mojave) MV972HN/A","Apple","Intel Core i5 Processor (8th Gen)","8 GB DDR3 RAM","512 GB SSD","33.78 cm (13.3 inch) Display","nan","Mac OS Operating System","1 Year Onsite Warranty","竄ｹ1,54,999","竄ｹ1,79,900","13","4.2","108","13","No","https://www.flipkart.com/apple-macbook-pro-intel-core-i5-8th-gen-8-gb-512-gb-ssd-mac-os-mojave-mv972hn-a/p/itmeb31159812c86","https://rukminim2.flixcart.com/image/312/312/jyq5oy80/computer/t/y/2/apple-na-thin-and-light-laptop-original-imafgwev6abfznds.jpeg?q=70","890"
"ACCG4YH6VU5ZVHNW","Apple Magic Keyboard for iPad Air 13 inch MJQL3HN/A Bluetooth Tablet Keyboard","Apple","nan","nan","nan","nan","nan","nan","1 Year Manufacture Warranty","竄ｹ31,900","nan",\N,"4","5","1","Yes","https://www.flipkart.com/apple-magic-keyboard-ipad-air-13-inch-mjql3hn-a-bluetooth-tablet/p/itm8f50cd066d738","https://rukminim2.flixcart.com/image/312/312/kpzt7680/keyboard/tablet-keyboard/a/g/l/mjql3hn-a-magic-for-ipad-pro-12-9-inch-5th-gen-apple-original-imag43rugjhy7emd.jpeg?q=70","891"
"LSDF94BH9PYRX8NM","imbue Apple 2 Digital quality vinyl Laptop Decal 15.6","imbue","nan","nan","nan","nan","nan","nan","nan","竄ｹ263","竄ｹ499","47",\N,\N,\N,"No","https://www.flipkart.com/imbue-apple-2-digital-quality-vinyl-laptop-decal-15-6/p/itmf94bhbzk4gtc5","https://rukminim2.flixcart.com/image/312/312/jm573ww0/laptop-skin-decal/8/n/m/apple-2-imbue-15-6-original-imaf948ah9m79bfy.jpeg?q=70","894"
"ACCEKHYMZEA5PABG","Apple MC747HN/A Magsafe Power Adapter For MacBook Air  45 W Adapter","Apple","nan","nan","nan","nan","nan","nan","1 Year Warranty","竄ｹ6,999","竄ｹ7,500","6","3.4","50","4","Yes","https://www.flipkart.com/apple-mc747hn-a-magsafe-power-adapter-macbook-air-45-w/p/itmekhym2kemkgth","https://rukminim2.flixcart.com/image/312/312/laptop-adapter/a/b/g/apple-mc747hn-a-original-imaekh256w3tzcvz.jpeg?q=70","895"
"ACCHF3DRD99QCZRD","Apple Magic Keyboard for iPad Pro 11\" (M4) MWR03HN/A Bluetooth Tablet Keyboard","Apple","nan","nan","nan","nan","nan","nan","1 Year Warranty","竄ｹ29,900","nan",\N,"4.4","23","3","No","https://www.flipkart.com/apple-magic-keyboard-ipad-pro-11-m4-mwr03hn-a-bluetooth-tablet/p/itm8093107f6bf4c","https://rukminim2.flixcart.com/image/312/312/xif0q/keyboard/tablet-keyboard/f/x/p/mwr03hn-a-apple-original-imahfa3ghrnzrv7n.jpeg?q=70","898"
"ACCGFMMHMCJRCVG9","Apple suitable for iPad Pro 12.9(6th generation) MXNL2HN/A Wireless, Bluetooth Tablet Keyboard","Apple","nan","nan","nan","nan","nan","nan","1 Year Manufacture Warranty","竄ｹ17,900","nan",\N,\N,"5","1","No","https://www.flipkart.com/apple-suitable-ipad-pro-12-9-6th-generation-mxnl2hn-a-wireless-bluetooth-tablet-keyboard/p/itm45669b24fce9d","https://rukminim2.flixcart.com/image/312/312/kn3i1zk0/keyboard/tablet-keyboard/y/u/b/mxnl2hn-a-apple-original-imagfuu2rfxzqkzr.jpeg?q=70","899"
"ACCHYFCGC49PZKRH","Apple Smart Keyboard Folio for iPad Pro 12.9\" (6th generation) MXNL2HN/A Bluetooth Tablet Keyboard","Apple","nan","nan","nan","nan","nan","nan","1 Year Manufacture Warranty","竄ｹ19,499","竄ｹ19,900","2",\N,\N,\N,"No","https://www.flipkart.com/apple-smart-keyboard-folio-ipad-pro-12-9-6th-generation-mxnl2hn-a-bluetooth-tablet/p/itm45669b24fce9d","https://rukminim2.flixcart.com/image/312/312/xif0q/keyboard/q/a/p/-original-imahyz2vzszrpttc.jpeg?q=70","900"
"AIOEH5QKDHM8HDNQ","Apple New Series Core i5 (8 GB DDR3/1 TB/Mac OS X Mavericks/512 MB/21.5 Inch Screen/MK452HN/A)","Apple","nan","RAM 8 GB DDR3","HDD Capacity 1 TB","21.5 inch Display","nan","nan","Apple one year Global warranty","竄ｹ1,03,999","竄ｹ1,15,000","9","3.9","15","5","Yes","https://www.flipkart.com/apple-new-series-core-i5-8-gb-ddr3-1-tb-mac-os-x-mavericks-512-mb-21-5-inch-screen-mk452hn-a/p/itm78e29bc1b1b0d","https://rukminim2.flixcart.com/image/312/312/allinone-desktop/d/n/q/apple-imac-21-5-inch-4k-retina-core-i5-3-1ghz-8gb-1tb-intel-iris-original-imaeh5h77usrhhmg.jpeg?q=70","903"
"COMGTFYWGDHXDKWN","AXL Intel Celeron Dual Core - (4 GB/256 GB SSD/Windows 11 Home) 15W_LAP02 Thin and Light Laptop","AXL","Intel Celeron Dual Core Processor","4 GB DDR4 RAM","256 GB SSD","39.62 cm (15.6 inch) Display","nan","Windows 11 Home Operating System","nan","竄ｹ16,990","竄ｹ33,990","50","3.7","36","0","No","https://www.flipkart.com/axl-intel-celeron-dual-core-4-gb-256-gb-ssd-windows-11-home-15w-lap02-thin-light-laptop/p/itm50377e8d175f3","https://rukminim2.flixcart.com/image/312/312/xif0q/computer/6/x/5/vayu-book-thin-and-light-laptop-axl-original-imagq42brczpgczx.jpeg?q=70","904"
"COMHYWTJE2BSGGJV","MSI Modern 14 Intel Core i5 12th Gen 1235U - (16 GB/512 GB SSD/Windows 11 Home) Modern 14 C12MO-1212IN...","MSI","Intel Core i5 Processor (12th Gen)","16 GB DDR4 RAM","512 GB SSD","35.56 cm (14 inch) Display","nan","Windows 11 Operating System","1 Year Onsite Warranty","竄ｹ39,990","竄ｹ52,990","24","4.4","242","26","Yes","https://www.flipkart.com/msi-modern-14-intel-core-i5-12th-gen-1235u-16-gb-512-gb-ssd-windows-11-home-c12mo-1212in-business-laptop/p/itm60c14709fdf3b","https://rukminim2.flixcart.com/image/312/312/xif0q/computer/e/1/6/-original-imahcd9bcbar9yqj.jpeg?q=70","915"
"LSDGD49QWXN2VSDG","qth FLORAL LAP-4566 VINYL Laptop Decal 15.6","qth","nan","nan","nan","nan","nan","nan","nan","竄ｹ169","竄ｹ299","43",\N,\N,\N,"No","https://www.flipkart.com/qth-floral-lap-4566-vinyl-laptop-decal-15-6/p/itme76197728c0fb","https://rukminim2.flixcart.com/image/312/312/l1l1rww0/laptop-skin-decal/c/r/c/floral-lap-4566-qth-15-6-original-imagd49qhynrhdzv.jpeg?q=70","916"
"LSDEM4HHRM4GK32X","Decor Villa applejack Self Adhesive Vinyl Laptop Decal 15.6","Decor","nan","nan","nan","nan","nan","nan","nan","竄ｹ299","竄ｹ599","50",\N,\N,\N,"Yes","https://www.flipkart.com/decor-villa-applejack-self-adhesive-vinyl-laptop-decal-15-6/p/itmem4hhhfjxwznb","https://rukminim2.flixcart.com/image/312/312/laptop-skin-decal/3/2/x/15-6-decor-villa-applejack-original-imaehue6ukrcgrjw.jpeg?q=70","919"
"COMGQHMZWHRXFWET","CHUWI Intel Celeron Dual Core 11th Gen N4020 - (8 GB/256 GB SSD/Windows 11 Home) HeroBook Pro Laptop","CHUWI","Intel Celeron Dual Core Processor (11th Gen)","Light weight, Portable Laptop\
RAM/Storage: 8GB LPDDR4 Ram, 256GB M.2 SSD Storage","256 GB SSD","Hard-Decoding 4k@60Hz\
Graphics/GPU: UHD Graphics 600\
Display: 14.1 inch, 16:9 IPS Display\
Touchpad: ","nan","64 bit Windows 11 Operating System","1 Year Onsite Warranty","竄ｹ16,990","竄ｹ34,990","51","3.7","1587","196","No","https://www.flipkart.com/chuwi-intel-celeron-dual-core-11th-gen-n4020-8-gb-256-gb-ssd-windows-11-home-herobook-pro-laptop/p/itm5e1f327988402","https://rukminim2.flixcart.com/image/312/312/xif0q/computer/h/t/t/-original-imahcd9hhh6y4knb.jpeg?q=70","927"
"LSDEVTY3AHGMSZGP","CVANU CV124 Vinyl Laptop Decal 14.9","CVANU","nan","nan","nan","nan","nan","nan","nan","竄ｹ229","竄ｹ400","42",\N,\N,\N,"Yes","https://www.flipkart.com/cvanu-cv124-vinyl-laptop-decal-14-9/p/itmevtjfge5mwxvg","https://rukminim2.flixcart.com/image/312/312/j51cbrk0/laptop-skin-decal/z/g/p/cv124-cvanu-14-9-original-imaevtjfw8ara4du.jpeg?q=70","967"
"LSDG7YMDYSRGFNGH","gray wall Pubg 2 Vinyl Laptop Decal 13.3","gray","nan","nan","nan","nan","nan","nan","nan","竄ｹ219","竄ｹ399","45",\N,\N,\N,"No","https://www.flipkart.com/gray-wall-pubg-2-vinyl-laptop-decal-13-3/p/itmdaa8559db2825","https://rukminim2.flixcart.com/image/312/312/kuyf8nk0/laptop-skin-decal/f/n/9/pubg-2-gray-wall-13-3-original-imag7ymda93d9zzy.jpeg?q=70","972"
"LSDG7XJSRRZPZB9R","gray wall Fruits Vinyl Laptop Decal 13.3","gray","nan","nan","nan","nan","nan","nan","nan","竄ｹ219","竄ｹ399","45",\N,\N,\N,"No","https://www.flipkart.com/gray-wall-fruits-vinyl-laptop-decal-13-3/p/itm7cb3a05441ecf","https://rukminim2.flixcart.com/image/312/312/kuwzssw0/laptop-skin-decal/z/c/j/fruits-gray-wall-13-3-original-imag7xjrwtpg34ht.jpeg?q=70","1003"
"COMH3YTFKTG4TG2B","MSI Intel Core i3 12th Gen 1215U - (8 GB/512 GB SSD/Windows 11 Home) Modern 14 C12MO-1401IN Business L...","MSI","Intel Core i3 Processor (12th Gen)","8 GB DDR4 RAM","512 GB SSD","35.56 cm (14 Inch) Display","nan","Windows 11 Operating System","1 Year Carry-in Warranty","竄ｹ34,990","竄ｹ47,990","27","4.5","23","3","Yes","https://www.flipkart.com/msi-intel-core-i3-12th-gen-1215u-8-gb-512-gb-ssd-windows-11-home-modern-14-c12mo-1401in-business-laptop/p/itm8820edd8b6c55","https://rukminim2.flixcart.com/image/312/312/xif0q/computer/d/d/u/-original-imahcd9kfv2ajujv.jpeg?q=70","1027"
"LSDG7JHZXFNYCB4K","SDM ultra-hd printed Premium Vinyl (matte) Laptop Decal 15.6 -R016 vinyl Laptop Decal 15.6","SDM","nan","nan","nan","nan","nan","nan","nan","竄ｹ226","竄ｹ599","62",\N,\N,\N,"No","https://www.flipkart.com/sdm-ultra-hd-printed-premium-vinyl-matte-laptop-decal-15-6-r016/p/itmc7c9007364fec","https://rukminim2.flixcart.com/image/312/312/kufuikw0/laptop-accessories-combo/q/b/c/3in1-combo-15-6-inch-3m-laptop-skin-screen-guard-key-protector-original-imag7jk44bhfjtpp.jpeg?q=70","1029"
"COMGMGXFE9F37AMQ","ASUS Vivobook Go 15 OLED AMD Ryzen 3 Quad Core 7320U - (8 GB/512 GB SSD/Windows 11 Home) E1504FA-LK322...","ASUS","AMD Ryzen 3 Quad Core Processor","8 GB LPDDR5 RAM","512 GB SSD","39.62 cm (15.6 Inch) Display","nan","Windows 11 Operating System","1 Year Onsite Warranty","竄ｹ38,990","竄ｹ61,990","37","4.4","3900","431","Yes","https://www.flipkart.com/asus-vivobook-go-15-oled-amd-ryzen-3-quad-core-7320u-8-gb-512-gb-ssd-windows-11-home-e1504fa-lk322ws-thin-light-laptop/p/itm3de88f71e558b","https://rukminim2.flixcart.com/image/312/312/xif0q/computer/d/n/e/-original-imahcd9mqpcdapph.jpeg?q=70","1032"
"COMHYWSWMFQQBCG3","ASUS Vivobook 15 Intel Core i5 12th Gen 1235U - (8 GB/512 GB SSD/Windows 11 Home) X1504ZA-NJ521WS|X150...","ASUS","Intel Core i5 Processor (12th Gen)","8 GB DDR4 RAM","512 GB SSD","39.62 cm (15.6 Inch) Display","nan","Windows 11 Operating System","1 Year Onsite Warranty","竄ｹ40,799","竄ｹ69,990","41","4.2","7783","445","Yes","https://www.flipkart.com/asus-vivobook-15-intel-core-i5-12th-gen-1235u-8-gb-512-gb-ssd-windows-11-home-x1504za-nj521ws-x1504za-nj520ws-x1504za-nj528ws-thin-light-laptop/p/itmff0e170cb596e","https://rukminim2.flixcart.com/image/312/312/xif0q/computer/m/9/o/-original-imahcd9csvsgaypy.jpeg?q=70","1033"
"COMGT2ZXC24MFNFA","ASUS Vivobook 15, with Backlit Keyboard, Intel Core i3 12th Gen 1215U - (8 GB/512 GB SSD/Windows 11 Ho...","ASUS","Intel Core i3 Processor (12th Gen)","8 GB DDR4 RAM","512 GB SSD","39.62 cm (15.6 Inch) Display","nan","Windows 11 Operating System","1-year warranty","竄ｹ30,990","竄ｹ54,990","43","4.3","6527","485","Yes","https://www.flipkart.com/asus-vivobook-15-backlit-keyboard-intel-core-i3-12th-gen-1215u-8-gb-512-gb-ssd-windows-11-home-x1504za-nj321ws-thin-light-laptop/p/itmbe5bbf6a5168b","https://rukminim2.flixcart.com/image/312/312/xif0q/computer/k/e/6/-original-imahcd99hmhfghys.jpeg?q=70","1034"
"COMH4Y6KT9ZMYXA6","ASUS Vivobook 15 Intel Core i3 12th Gen 1215U - (8 GB/512 GB SSD/Windows 11 Home) X1504ZA-NJ322WS Thin...","ASUS","Intel Core i3 Processor (12th Gen)","8 GB DDR4 RAM","512 GB SSD","39.62 cm (15.6 Inch) Display","nan","Windows 11 Operating System","1 Year Onsite Warranty","竄ｹ30,990","竄ｹ54,990","43","4.3","7227","581","Yes","https://www.flipkart.com/asus-vivobook-15-intel-core-i3-12th-gen-1215u-8-gb-512-gb-ssd-windows-11-home-x1504za-nj322ws-thin-light-laptop/p/itm200184e4e0443","https://rukminim2.flixcart.com/image/312/312/xif0q/computer/i/k/g/-original-imahcd9zjfjyrseg.jpeg?q=70","1036"
"COMH4CHFK2PUPVBS","ASUS Vivobook 15 Intel Core i5 13th Gen 1335U - (16 GB/512 GB SSD/Windows 11 Home) X1504VA-NJ540WS Thi...","ASUS","Intel Core i5 Processor (13th Gen)","16 GB DDR4 RAM","512 GB SSD","39.62 cm (15.6 Inch) Display","nan","Windows 11 Operating System","1 Year Onsite Warranty","竄ｹ50,990","竄ｹ79,990","36","4.3","134","9","Yes","https://www.flipkart.com/asus-vivobook-15-intel-core-i5-13th-gen-1335u-16-gb-512-gb-ssd-windows-11-home-x1504va-nj540ws-thin-light-laptop/p/itm200184e4e0443","https://rukminim2.flixcart.com/image/312/312/xif0q/computer/l/g/c/-original-imahcd9d4ehhuwgz.jpeg?q=70","1037"
"COMHYG8ZPYAZAFTY","ASUS Vivobook 15 Intel Core i5 12th Gen 1235U - (16 GB/512 GB SSD/Windows 11 Home) X1504ZA-NJ549WS Thi...","ASUS","Intel Core i5 Processor (12th Gen)","16 GB DDR4 RAM","512 GB SSD","39.62 cm (15.6 Inch) Display","nan","Windows 11 Operating System","1 Year Onsite Warranty","竄ｹ43,990","竄ｹ66,990","34","4.2","7783","445","No","https://www.flipkart.com/asus-vivobook-15-intel-core-i5-12th-gen-1235u-16-gb-512-gb-ssd-windows-11-home-x1504za-nj549ws-thin-light-laptop/p/itmff0e170cb596e","https://rukminim2.flixcart.com/image/312/312/xif0q/computer/m/9/o/-original-imahcd9csvsgaypy.jpeg?q=70","1038"
"COMH4Y6KZGGKYCGP","ASUS Vivobook 15 Intel Core i5 12th Gen 1235U - (8 GB/512 GB SSD/Windows 11 Home) X1504ZA-NJ527WS|X150...","ASUS","Intel Core i5 Processor (12th Gen)","8 GB DDR4 RAM","512 GB SSD","39.62 cm (15.6 Inch) Display","nan","Windows 11 Operating System","1 Year Onsite Warranty","竄ｹ42,990","竄ｹ69,990","38","4.2","7783","445","Yes","https://www.flipkart.com/asus-vivobook-15-intel-core-i5-12th-gen-1235u-8-gb-512-gb-ssd-windows-11-home-x1504za-nj527ws-x1504za-nj522ws-thin-light-laptop/p/itm200184e4e0443","https://rukminim2.flixcart.com/image/312/312/xif0q/computer/p/e/o/-original-imahcd9mj7zhzrq2.jpeg?q=70","1039"
"COMH3BKW6EQAZAWC","ASUS Vivobook 15 Intel Core i3 12th Gen 1215U - (16 GB/512 GB SSD/Windows 11 Home) X1504ZA-NJ342WS Thi...","ASUS","Intel Core i3 Processor (12th Gen)","16 GB DDR4 RAM","512 GB SSD","39.62 cm (15.6 Inch) Display","nan","Windows 11 Operating System","1 Year Onsite Warranty","竄ｹ36,990","竄ｹ54,990","32","4.3","6527","485","Yes","https://www.flipkart.com/asus-vivobook-15-intel-core-i3-12th-gen-1215u-16-gb-512-gb-ssd-windows-11-home-x1504za-nj342ws-thin-light-laptop/p/itm200184e4e0443","https://rukminim2.flixcart.com/image/312/312/xif0q/computer/i/k/g/-original-imahcd9zjfjyrseg.jpeg?q=70","1042"
"COMGMGXFB2KYFGZN","ASUS Vivobook Go 15 OLED AMD Ryzen 3 Quad Core 7320U - (8 GB/512 GB SSD/Windows 11 Home) E1504FA-LK321...","ASUS","AMD Ryzen 3 Quad Core Processor","8 GB LPDDR5 RAM","512 GB SSD","39.62 cm (15.6 Inch) Display","nan","Windows 11 Operating System","1 Year Onsite Warranty","竄ｹ41,990","竄ｹ61,990","32","4.4","3900","431","Yes","https://www.flipkart.com/asus-vivobook-go-15-oled-amd-ryzen-3-quad-core-7320u-8-gb-512-gb-ssd-windows-11-home-e1504fa-lk321ws-thin-light-laptop/p/itm3de88f71e558b","https://rukminim2.flixcart.com/image/312/312/xif0q/computer/w/k/i/-original-imahcd9mxtsafvz2.jpeg?q=70","1043"
"COMH8Z2QENXVKHGX","ASUS Expertbook P1 Intel Core i3 13th Gen 1315U - (16 GB/512 GB SSD/Windows 11 Home) P1503CVA-S71074WS...","ASUS","Intel Core i3 Processor (13th Gen)","16 GB DDR5 RAM","512 GB SSD","39.62 cm (15.6 inch) Display","nan","Windows 11 Home Operating System","1 Year Onsite Warranty","竄ｹ38,990","竄ｹ74,990","48","4","241","39","Yes","https://www.flipkart.com/asus-expertbook-p1-intel-core-i3-13th-gen-1315u-16-gb-512-gb-ssd-windows-11-home-p1503cva-s71074ws-thin-light-laptop/p/itmf84b442d31b6b","https://rukminim2.flixcart.com/image/312/312/xif0q/computer/o/v/2/-original-imahb8x5yzkfff3p.jpeg?q=70","1044"
"COMGMGXFT7WWNGYG","ASUS Vivobook Go 15 OLED AMD Ryzen 5 Quad Core 7520U - (8 GB/512 GB SSD/Windows 11 Home) E1504FA-LK521...","ASUS","AMD Ryzen 5 Quad Core Processor","8 GB LPDDR5 RAM","512 GB SSD","39.62 cm (15.6 Inch) Display","nan","Windows 11 Operating System","1 Year Onsite Warranty","竄ｹ46,990","竄ｹ74,990","37","4.4","2723","217","Yes","https://www.flipkart.com/asus-vivobook-go-15-oled-amd-ryzen-5-quad-core-7520u-8-gb-512-gb-ssd-windows-11-home-e1504fa-lk521ws-thin-light-laptop/p/itm3de88f71e558b","https://rukminim2.flixcart.com/image/312/312/xif0q/computer/w/k/i/-original-imahcd9mxtsafvz2.jpeg?q=70","1045"
"COMGMGXFQZGYKEZG","ASUS Vivobook Go 15 AMD Ryzen 3 Quad Core 7320U - (8 GB/512 GB SSD/Windows 11 Home) E1504FA-NJ322WS Th...","ASUS","AMD Ryzen 3 Quad Core Processor","8 GB LPDDR5 RAM","512 GB SSD","39.62 cm (15.6 Inch) Display","nan","Windows 11 Operating System","1 Year Onsite Warranty","竄ｹ33,990","竄ｹ50,990","33","4.2","2410","240","Yes","https://www.flipkart.com/asus-vivobook-go-15-amd-ryzen-3-quad-core-7320u-8-gb-512-gb-ssd-windows-11-home-e1504fa-nj322ws-thin-light-laptop/p/itm968db504ada5b","https://rukminim2.flixcart.com/image/312/312/xif0q/computer/t/w/v/-original-imahcd9hrkcvfury.jpeg?q=70","1047"
"COMHFCBZWQSYPBH7","ASUS Vivobook S15 OLED Powered Copilot + PC, AI PC, Full Metal Body, Snapdragon X Elite - (16 GB/1 TB ...","ASUS","Snapdragon X Elite Processor","16 GB LPDDR5X RAM","1 TB SSD","39.62 cm (15.6 Inch) Display","nan","Windows 11 Operating System","1 Year Onsite Warranty","竄ｹ94,990","竄ｹ1,46,990","35","4.3","37","3","Yes","https://www.flipkart.com/asus-vivobook-s15-oled-powered-copilot-pc-ai-full-metal-body-snapdragon-x-elite-16-gb-1-tb-ssd-windows-11-home-s5507qad-ma751ws-thin-light-laptop/p/itm64aa566d270be","https://rukminim2.flixcart.com/image/312/312/xif0q/computer/x/f/h/-original-imahcd9jfywvhr9y.jpeg?q=70","1048"
"COMGMGXFTYZZUJYW","ASUS Vivobook Go 15 OLED AMD Ryzen 5 Quad Core 7520U - (8 GB/512 GB SSD/Windows 11 Home) E1504FA-LK523...","ASUS","AMD Ryzen 5 Quad Core Processor","8 GB LPDDR5 RAM","512 GB SSD","39.62 cm (15.6 Inch) Display","nan","Windows 11 Operating System","1 Year Onsite Warranty","竄ｹ46,990","竄ｹ74,990","37","4.4","2723","217","Yes","https://www.flipkart.com/asus-vivobook-go-15-oled-amd-ryzen-5-quad-core-7520u-8-gb-512-gb-ssd-windows-11-home-e1504fa-lk523ws-thin-light-laptop/p/itm3de88f71e558b","https://rukminim2.flixcart.com/image/312/312/xif0q/computer/q/v/z/-original-imahcd9n7s6fasde.jpeg?q=70","1049"
"COMH9SJ9G3HZFQS3","ASUS Vivobook Go 14 (2025) with Office 2024 + M365 Basic* AMD Ryzen 5 Quad Core 7520U - (16 GB/512 GB ...","ASUS","AMD Ryzen 5 Quad Core Processor","16 GB LPDDR5 RAM","512 GB SSD","35.56 cm (14 inch) Display","nan","Windows 11 Home Operating System","1 Year Onsite Warranty","竄ｹ41,988","竄ｹ52,990","20","4.2","1065","75","Yes","https://www.flipkart.com/asus-vivobook-go-14-2025-office-2024-m365-basic-amd-ryzen-5-quad-core-7520u-16-gb-512-gb-ssd-windows-11-home-e1404fa-nk5541ws-thin-light-laptop/p/itme419148dae39c","https://rukminim2.flixcart.com/image/312/312/xif0q/computer/d/n/3/-original-imah2y2teghzh7xe.jpeg?q=70","1050"
"COMGMGXFGF7ZTKHF","ASUS Vivobook Go 15 OLED AMD Ryzen 3 Quad Core 7320U - (8 GB/512 GB SSD/Windows 11 Home) E1504FA-LK323...","ASUS","AMD Ryzen 3 Quad Core Processor","8 GB LPDDR5 RAM","512 GB SSD","39.62 cm (15.6 Inch) Display","nan","Windows 11 Operating System","1 Year Onsite Warranty","竄ｹ41,990","竄ｹ61,990","32","4.4","3900","431","Yes","https://www.flipkart.com/asus-vivobook-go-15-oled-amd-ryzen-3-quad-core-7320u-8-gb-512-gb-ssd-windows-11-home-e1504fa-lk323ws-thin-light-laptop/p/itm3de88f71e558b","https://rukminim2.flixcart.com/image/312/312/xif0q/computer/q/v/z/-original-imahcd9n7s6fasde.jpeg?q=70","1051"
"COMH96FBVPKVYXUE","ASUS Vivobook 15 Intel Core i7 13th Gen 13620H - (16 GB/512 GB SSD/Windows 11 Home) X1502VA-BQ837WS Th...","ASUS","Intel Core i7 Processor (13th Gen)","16 GB DDR4 RAM","512 GB SSD","39.62 cm (15.6 Inch) Display","nan","Windows 11 Home Operating System","1 Year Onsite Warranty","竄ｹ66,990","竄ｹ85,990","22","4.3","61","5","Yes","https://www.flipkart.com/asus-vivobook-15-intel-core-i7-13th-gen-13620h-16-gb-512-gb-ssd-windows-11-home-x1502va-bq837ws-thin-light-laptop/p/itm500337caaa66d","https://rukminim2.flixcart.com/image/312/312/xif0q/computer/o/k/n/-original-imahcd9j8zn7hfqm.jpeg?q=70","1052"
"COMGYSFGGGHDK27Q","ASUS Vivobook 15, with Backlit Keyboard, Intel Core i5 12th Gen 1235U - (16 GB/512 GB SSD/Windows 11 H...","ASUS","Intel Core i5 Processor (12th Gen)","16 GB DDR4 RAM","512 GB SSD","39.62 cm (15.6 Inch) Display","nan","Windows 11 Operating System","1 Year Onsite warranty","竄ｹ47,990","竄ｹ74,990","36","4.2","1171","81","Yes","https://www.flipkart.com/asus-vivobook-15-backlit-keyboard-intel-core-i5-12th-gen-1235u-16-gb-512-gb-ssd-windows-11-home-x1504za-nj541ws-thin-light-laptop/p/itmff0e170cb596e","https://rukminim2.flixcart.com/image/312/312/xif0q/computer/c/2/1/-original-imahcd9jfzdtc8he.jpeg?q=70","1053"
"COMH3J9YUEFZSCF5","ASUS Vivobook S15, A-Part Metal Body, Intel Core i9 13th Gen 13900H - (16 GB/512 GB SSD/Windows 11 Hom...","ASUS","Intel Core i9 Processor (13th Gen)","16 GB LPDDR5 RAM","512 GB SSD","39.62 cm (15.6 Inch) Display","nan","Windows 11 Operating System","1 Year Onsite Warranty","竄ｹ83,990","竄ｹ1,10,990","24","4.4","96","8","Yes","https://www.flipkart.com/asus-vivobook-s15-a-part-metal-body-intel-core-i9-13th-gen-13900h-16-gb-512-gb-ssd-windows-11-home-k5504vab-bn417ws-thin-light-laptop/p/itm0eb223e3c7544","https://rukminim2.flixcart.com/image/312/312/xif0q/computer/u/u/z/-original-imahcd99fpcyhk37.jpeg?q=70","1054"
"COMGYSFGRDEFFPY6","ASUS Vivobook 15 Intel Core i3 13th Gen 1315U - (8 GB/512 GB SSD/Windows 11 Home) X1504VA-NJ320WS Thin...","ASUS","Intel Core i3 Processor (13th Gen)","8 GB DDR4 RAM","512 GB SSD","39.62 cm (15.6 Inch) Display","nan","Windows 11 Operating System","1 Year Onsite warranty","竄ｹ38,990","竄ｹ54,990","29","4.3","291","27","Yes","https://www.flipkart.com/asus-vivobook-15-intel-core-i3-13th-gen-1315u-8-gb-512-gb-ssd-windows-11-home-x1504va-nj320ws-thin-light-laptop/p/itm200184e4e0443","https://rukminim2.flixcart.com/image/312/312/xif0q/computer/q/d/z/-original-imahcd9kr2hjnhsc.jpeg?q=70","1055"
"COMH7D7PPSTRDWU2","ASUS X1404VA-NK321WS Intel Core i3 12th Gen - (8 GB/512 GB SSD/Windows 11 Home/8 GB Graphics) X1404ZA-...","ASUS","Intel Core i3 Processor (12th Gen)","8 GB DDR4 RAM","512 GB SSD","35.56 cm (14 inch) Display","nan","Windows 11 Home Operating System","1 year warranty","竄ｹ29,100","竄ｹ54,990","47",\N,\N,\N,"No","https://www.flipkart.com/asus-x1404va-nk321ws-intel-core-i3-12th-gen-8-gb-512-gb-ssd-windows-11-home-8-graphics-x1404za-nk321ws-laptop/p/itmfee59c6fc485f","https://rukminim2.flixcart.com/image/312/312/xif0q/computer/1/e/j/x1404za-nk321ws-laptop-asus-original-imah7d7prphvvymc.jpeg?q=70","1058"
"COMH9499ZCPMHFFC","ASUS Vivobook 15 Intel Core i5 13th Gen 1334U - (16 GB/512 GB SSD/Windows 11 Home) X1504VA-NJ2217WS Th...","ASUS","Intel Core i5 Processor (13th Gen)","16 GB DDR4 RAM","512 GB SSD","39.62 cm (15.6 Inch) Display","nan","Windows 11 Home Operating System","1 Year Onsite Warranty","竄ｹ55,990","竄ｹ70,990","21","4.3","134","9","Yes","https://www.flipkart.com/asus-vivobook-15-intel-core-i5-13th-gen-1334u-16-gb-512-gb-ssd-windows-11-home-x1504va-nj2217ws-thin-light-laptop/p/itm8ba52afde2da1","https://rukminim2.flixcart.com/image/312/312/xif0q/computer/5/v/i/-original-imahcd9nqmhqxdkp.jpeg?q=70","1059"
"COMGZDQJZXFNV7QD","ASUS Vivobook Go 15, Backlit Keyboard, 12th Gen, Equivalent to Intel 12th Gen, Intel Core i3 N305 - (8...","ASUS","Intel Core i3 Processor","8 GB DDR4 RAM","512 GB SSD","39.62 cm (15.6 Inch) Display","nan","Windows 11 Operating System","1 Year Onsite Warranty","竄ｹ31,590","竄ｹ50,990","38","4.4","227","16","No","https://www.flipkart.com/asus-vivobook-go-15-backlit-keyboard-12th-gen-equivalent-intel-core-i3-n305-8-gb-512-gb-ssd-windows-11-home-e1504ga-nj321ws-thin-light-laptop/p/itm283c8ed983ac3","https://rukminim2.flixcart.com/image/312/312/xif0q/computer/h/s/m/-original-imahcd9mfsxjkt8c.jpeg?q=70","1062"
"COMGZDQJ4BZDZRXP","ASUS Vivobook 15 Intel Core i3 13th Gen 1315U - (8 GB/512 GB SSD/Windows 11 Home) X1504VA-NJ324WS Thin...","ASUS","Intel Core i3 Processor (13th Gen)","8 GB DDR4 RAM","512 GB SSD","39.62 cm (15.6 Inch) Display","nan","Windows 11 Operating System","1 Year Onsite Warranty","竄ｹ38,990","竄ｹ57,990","32","3.8","19","1","No","https://www.flipkart.com/asus-vivobook-15-intel-core-i3-13th-gen-1315u-8-gb-512-gb-ssd-windows-11-home-x1504va-nj324ws-thin-light-laptop/p/itm200184e4e0443","https://rukminim2.flixcart.com/image/312/312/xif0q/computer/k/4/w/-original-imahcd9nugpytv2g.jpeg?q=70","1063"
"COMH94992SQ8HYGZ","ASUS Vivobook Go 15 AMD Ryzen 3 Quad Core 7320U - (8 GB/512 GB SSD/Windows 11 Home) E1504FA-NJ130WS Th...","ASUS","AMD Ryzen 3 Quad Core Processor","8 GB LPDDR5 RAM","512 GB SSD","39.62 cm (15.6 Inch) Display","nan","Windows 11 Home Operating System","1 Year Onsite Warranty","竄ｹ32,730","竄ｹ44,990","27","4.2","3181","298","Yes","https://www.flipkart.com/asus-vivobook-go-15-amd-ryzen-3-quad-core-7320u-8-gb-512-gb-ssd-windows-11-home-e1504fa-nj130ws-thin-light-laptop/p/itmbd751bf37fd04","https://rukminim2.flixcart.com/image/312/312/xif0q/computer/t/w/v/-original-imahcd9hrkcvfury.jpeg?q=70","1064"
"COMGZF9EYUYC52BH","ASUS ExpertBook B14 Intel Core i3 12th Gen 1215U - (8 GB/512 GB SSD/Windows 11 Home) B1402CBA-NK1494WS...","ASUS","Intel Core i3 Processor (12th Gen)","8 GB DDR4 RAM","512 GB SSD","35.56 cm (14 Inch) Display","nan","Windows 11 Operating System","1 Year Onsite Warranty","竄ｹ36,990","竄ｹ50,990","27","4.3","369","36","Yes","https://www.flipkart.com/asus-expertbook-b14-intel-core-i3-12th-gen-1215u-8-gb-512-gb-ssd-windows-11-home-b1402cba-nk1494ws-thin-light-laptop/p/itm5558ba4200e57","https://rukminim2.flixcart.com/image/312/312/xif0q/computer/a/i/u/-original-imahcd9mkqyphqsj.jpeg?q=70","1065"
"COMGZKHQ8BXZFBUT","ASUS Vivobook 15 Intel Core i3 12th Gen 1215U - (8 GB/512 GB SSD/Windows 11 Home) X1502ZA-EJ953WS Thin...","ASUS","Intel Core i3 Processor (12th Gen)","8 GB DDR4 RAM","512 GB SSD","39.62 cm (15.6 Inch) Display","nan","Windows 11 Operating System","1 Year Onsite Warranty","竄ｹ30,990","竄ｹ56,990","45","4.3","7227","581","Yes","https://www.flipkart.com/asus-vivobook-15-intel-core-i3-12th-gen-1215u-8-gb-512-gb-ssd-windows-11-home-x1502za-ej953ws-thin-light-laptop/p/itm3b11f9400fcd8","https://rukminim2.flixcart.com/image/312/312/xif0q/computer/j/g/a/-original-imahcd9hmgk3pvdz.jpeg?q=70","1068"
"COMGYSGNT6TXRKBH","ASUS Intel Pentium Gold 7505 - (8 GB/256 GB SSD/Windows 11 Home) X1500EA-EJ111WS Laptop","ASUS","Intel Pentium Gold Processor","8 GB DDR4 RAM","256 GB SSD","39.62 cm (15.6 Inch) Display","nan","Windows 11 Operating System","1 Year Onsite Warranty","竄ｹ25,990","竄ｹ39,990","35","4.1","113","9","Yes","https://www.flipkart.com/asus-intel-pentium-gold-7505-8-gb-256-gb-ssd-windows-11-home-x1500ea-ej111ws-laptop/p/itm3b092675d3c35","https://rukminim2.flixcart.com/image/312/312/xif0q/computer/y/t/p/-original-imahcd9jj2nwngc3.jpeg?q=70","1069"
"COMH2D4GHZZGSHDP","ASUS Vivobook 15, with Backlit Keyboard, Intel Core i5 12th Gen 1235U - (8 GB/512 GB SSD/Windows 11 Ho...","ASUS","Intel Core i5 Processor (12th Gen)","8 GB DDR4 RAM","512 GB SSD","39.62 cm (15.6 Inch) Display","nan","Windows 11 Operating System","1 Year Onsite Warranty","竄ｹ46,990","竄ｹ69,990","32","4.3","50","3","Yes","https://www.flipkart.com/asus-vivobook-15-backlit-keyboard-intel-core-i5-12th-gen-1235u-8-gb-512-gb-ssd-windows-11-home-x1504za-nj520ws-thin-light-laptop/p/itmff0e170cb596e","https://rukminim2.flixcart.com/image/312/312/xif0q/computer/c/2/1/-original-imahcd9jfzdtc8he.jpeg?q=70","1072"
"COMH8Z2QT98FWRGH","ASUS Expertbook P1 Intel Core i7 13th Gen 13620H - (32 GB/512 GB SSD/Windows 11 Home) P1403CVA-S60940W...","ASUS","Intel Core i7 Processor (13th Gen)","32 GB DDR5 RAM","512 GB SSD","35.56 cm (14 inch) Display","nan","Windows 11 Home Operating System","1 Year Onsite Warranty","竄ｹ72,990","竄ｹ1,29,990","43","4.3","69","14","Yes","https://www.flipkart.com/asus-expertbook-p1-intel-core-i7-13th-gen-13620h-32-gb-512-gb-ssd-windows-11-home-p1403cva-s60940ws-thin-light-laptop/p/itmc8b94112958cf","https://rukminim2.flixcart.com/image/312/312/xif0q/computer/5/i/c/-original-imahb8x6za8p67fp.jpeg?q=70","1073"
"COMH2TPS4KQNJXWH","ASUS Vivobook Go 14 AMD Ryzen 3 Quad Core 7320U - (8 GB/512 GB SSD/Windows 11 Home) E1404FA-NK321WS Th...","ASUS","AMD Ryzen 3 Quad Core Processor","8 GB LPDDR5 RAM","512 GB SSD","35.56 cm (14 Inch) Display","nan","Windows 11 Operating System","1 Year Onsite Warranty","竄ｹ32,400","竄ｹ50,990","36","4.3","1554","149","Yes","https://www.flipkart.com/asus-vivobook-go-14-amd-ryzen-3-quad-core-7320u-8-gb-512-gb-ssd-windows-11-home-e1404fa-nk321ws-thin-light-laptop/p/itm37ab22cfcf18d","https://rukminim2.flixcart.com/image/312/312/xif0q/computer/b/9/t/-original-imahcd9mrgpxtqje.jpeg?q=70","1074"
"COMH9SJ9ZVTH69GM","ASUS Vivobook Go 15 (2025) with Office 2024 + M365 Basic* Intel Core i3 N305 - (8 GB/512 GB SSD/Window...","ASUS","Intel Core i3 Processor","8 GB DDR4 RAM","512 GB SSD","39.62 cm (15.6 inch) Display","nan","Windows 11 Home Operating System","1 Year Onsite Warranty","竄ｹ30,990","竄ｹ43,990","29","4.4","227","16","No","https://www.flipkart.com/asus-vivobook-go-15-2025-office-2024-m365-basic-intel-core-i3-n305-8-gb-512-gb-ssd-windows-11-home-e1504ga-nj3322ws-thin-light-laptop/p/itm7c61e5b1e0a61","https://rukminim2.flixcart.com/image/312/312/xif0q/computer/o/f/m/-original-imahbqpbwkdwc733.jpeg?q=70","1075"
"COMH89EBSHZAG9ZE","ASUS Vivobook 14 (2025) with Office 2024 + M365 Basic*, AI PC Intel Core Ultra 5 225H - (16 GB/512 GB ...","ASUS","Intel Core Ultra 5 Processor","16 GB DDR5 RAM","512 GB SSD","35.56 cm (14 Inch) Display","nan","Windows 11 Home Operating System","1 Year Onsite warranty","竄ｹ73,990","竄ｹ92,990","20","4.8","16","3","Yes","https://www.flipkart.com/asus-vivobook-14-2025-office-2024-m365-basic-ai-pc-intel-core-ultra-5-225h-16-gb-512-gb-ssd-windows-11-home-x1407ca-ly102ws-thin-light-laptop/p/itm46931df73e192","https://rukminim2.flixcart.com/image/312/312/xif0q/computer/w/i/v/-original-imahcd9zzx7dazwz.jpeg?q=70","1078"
"COMH8Z2QAWCCUCSP","ASUS Expertbook P1 Intel Core i3 13th Gen 1315U - (16 GB/512 GB SSD/Windows 11 Home) P1403CVA-S60938WS...","ASUS","Intel Core i3 Processor (13th Gen)","16 GB DDR5 RAM","512 GB SSD","35.56 cm (14 inch) Display","nan","Windows 11 Home Operating System","1 Year Onsite Warranty","竄ｹ38,990","竄ｹ74,990","48","4","241","39","Yes","https://www.flipkart.com/asus-expertbook-p1-intel-core-i3-13th-gen-1315u-16-gb-512-gb-ssd-windows-11-home-p1403cva-s60938ws-thin-light-laptop/p/itm0af4b81838b5b","https://rukminim2.flixcart.com/image/312/312/xif0q/computer/k/u/h/-original-imahcd9jnmhd2frn.jpeg?q=70","1079"
"COMGMGXFQ3QGPJCV","ASUS Vivobook Go 14 AMD Ryzen 3 Quad Core 7320U - (8 GB/512 GB SSD/Windows 11 Home) E1404FA-NK322WS Th...","ASUS","AMD Ryzen 3 Quad Core Processor","8 GB LPDDR5 RAM","512 GB SSD","35.56 cm (14 Inch) Display","nan","Windows 11 Operating System","1 Year Onsite Warranty","竄ｹ33,300","竄ｹ50,990","34","4.5","130","9","No","https://www.flipkart.com/asus-vivobook-go-14-amd-ryzen-3-quad-core-7320u-8-gb-512-gb-ssd-windows-11-home-e1404fa-nk322ws-thin-light-laptop/p/itmd6733f7332771","https://rukminim2.flixcart.com/image/312/312/xif0q/computer/u/9/6/-original-imagpxgq3wcnwpwv.jpeg?q=70","1082"
"COMGB6DZKEFUMGHY","ASUS VivoBook 15 Intel Celeron Quad Core N4020 - (4 GB/256 GB SSD/Windows 11 Home) X515MA-BR011W Thin ...","ASUS","Intel Celeron Quad Core Processor","4 GB DDR4 RAM","256 GB SSD","39.62 cm (15.6 inch) Display","nan","64 bit Windows 11 Operating System","1 Year Onsite Warranty","竄ｹ23,550","竄ｹ33,990","30","4","441","45","No","https://www.flipkart.com/asus-vivobook-15-intel-celeron-quad-core-n4020-4-gb-256-gb-ssd-windows-11-home-x515ma-br011w-thin-light-laptop/p/itmee696f665be05","https://rukminim2.flixcart.com/image/312/312/xif0q/computer/q/e/z/-original-imagpxgqesgrthks.jpeg?q=70","1083"
"COMGU7TSWCH3HU36","ASUS Intel Celeron Dual Core N4500 - (8 GB/512 GB SSD/Windows 11 Home) E510KA-EJ011WS Thin and Light L...","ASUS","Intel Celeron Dual Core Processor","8 GB DDR4 RAM","512 GB SSD","39.62 cm (15.6 Inch) Display","nan","Windows 11 Operating System","1 Year Onsite Warranty","竄ｹ27,890","竄ｹ37,990","26","3.4","9","0","No","https://www.flipkart.com/asus-intel-celeron-dual-core-n4500-8-gb-512-gb-ssd-windows-11-home-e510ka-ej011ws-thin-light-laptop/p/itm65e094a773890","https://rukminim2.flixcart.com/image/312/312/xif0q/computer/u/z/s/-original-imahcd9nj2uzvdxc.jpeg?q=70","1084"
"COMH96FBAGNN8GPZ","ASUS Vivobook 15 Intel Core i7 13th Gen 13620H - (16 GB/512 GB SSD/Windows 11 Home) X1502VA-BQ838WS Th...","ASUS","Intel Core i7 Processor (13th Gen)","16 GB DDR4 RAM","512 GB SSD","39.62 cm (15.6 Inch) Display","nan","Windows 11 Home Operating System","1 Year Onsite Warranty","竄ｹ60,990","竄ｹ85,990","29","4.3","61","5","No","https://www.flipkart.com/asus-vivobook-15-intel-core-i7-13th-gen-13620h-16-gb-512-gb-ssd-windows-11-home-x1502va-bq838ws-thin-light-laptop/p/itm576883d3f6eb6","https://rukminim2.flixcart.com/image/312/312/xif0q/computer/q/f/3/-original-imahcd9mzrnubbve.jpeg?q=70","1085"
"COMGR5QEU3FUM5JH","ASUS Vivobook Go 15 Intel Celeron Dual Core N4020 - (4 GB/256 GB SSD/Windows 11 Home) E510MA-EJ001W Th...","ASUS","Intel Celeron Dual Core Processor","4 GB DDR4 RAM","256 GB SSD","39.62 cm (15.6 Inch) Display","nan","Windows 11 Operating System","1 Year Onsite Warranty","竄ｹ21,990","竄ｹ33,990","35","4","2547","236","No","https://www.flipkart.com/asus-vivobook-go-15-intel-celeron-dual-core-n4020-4-gb-256-gb-ssd-windows-11-home-e510ma-ej001w-thin-light-laptop/p/itmb3ef24bd3345c","https://rukminim2.flixcart.com/image/312/312/xif0q/computer/l/5/9/-original-imahcd9nfh8bcg4j.jpeg?q=70","1088"
"COMGAJF6HETFYCBZ","ASUS Vivobook 14 Intel Core i3 11th Gen i3-1115G4 - (8 GB/512 GB SSD/Windows 11 Home) X415EA-EB322WS T...","ASUS","Intel Core i3 Processor (11th Gen)","8 GB DDR4 RAM","512 GB SSD","35.81 cm (14.1 inch) Display","nan","64 bit Windows 11 Operating System","1 Year Onsite Warranty","竄ｹ34,100","竄ｹ55,990","39","4.3","43","4","No","https://www.flipkart.com/asus-vivobook-14-intel-core-i3-11th-gen-i3-1115g4-8-gb-512-gb-ssd-windows-11-home-x415ea-eb322ws-thin-light-laptop/p/itm1d536bc12ba1c","https://rukminim2.flixcart.com/image/312/312/ky90scw0/computer/q/4/8/vivobook-14-thin-and-light-laptop-asus-original-imagajf5gqrgsgzp.jpeg?q=70","1091"
"COMH9499YSMWDGTM","ASUS Vivobook Go 15 Intel Celeron Dual Core N4500 - (8 GB/512 GB SSD/Windows 11 Home) E510KA-EJ9011WS ...","ASUS","Intel Celeron Dual Core Processor","8 GB DDR4 RAM","512 GB SSD","39.62 cm (15.6 Inch) Display","nan","Windows 11 Home Operating System","1 Year Onsite Warranty","竄ｹ26,990","竄ｹ35,990","25",\N,\N,\N,"No","https://www.flipkart.com/asus-vivobook-go-15-intel-celeron-dual-core-n4500-8-gb-512-gb-ssd-windows-11-home-e510ka-ej9011ws-thin-light-laptop/p/itm1826f3fec8f97","https://rukminim2.flixcart.com/image/312/312/xif0q/computer/u/z/s/-original-imahcd9nj2uzvdxc.jpeg?q=70","1092"
"COMGZMKF9QYUHREG","ASUS Vivobook 16 AMD Ryzen 5 Hexa Core 7530U - (16 GB/512 GB SSD/Windows 11 Home) M1605YA-MB542WS Lapt...","ASUS","AMD Ryzen 5 Hexa Core Processor","16 GB DDR4 RAM","512 GB SSD","40.64 cm (16 Inch) Display","nan","Windows 11 Operating System","1 Year Onsite Warranty","竄ｹ49,950","竄ｹ74,990","33","4.4","347","34","No","https://www.flipkart.com/asus-vivobook-16-amd-ryzen-5-hexa-core-7530u-16-gb-512-gb-ssd-windows-11-home-m1605ya-mb542ws-laptop/p/itmb5a972808e699","https://rukminim2.flixcart.com/image/312/312/xif0q/computer/4/t/n/-original-imags564pugw3qaa.jpeg?q=70","1093"
"COMH8Z2QK37PNMFZ","ASUS Expertbook P1 Intel Core i7 13th Gen 13620H - (16 GB/512 GB SSD/Windows 11 Home) P1503CVA-S71042W...","ASUS","Intel Core i7 Processor (13th Gen)","16 GB DDR5 RAM","512 GB SSD","39.62 cm (15.6 inch) Display","nan","Windows 11 Home Operating System","1 Year Onsite Warranty","竄ｹ66,990","竄ｹ99,990","33","4.3","69","14","Yes","https://www.flipkart.com/asus-expertbook-p1-intel-core-i7-13th-gen-13620h-16-gb-512-gb-ssd-windows-11-home-p1503cva-s71042ws-thin-light-laptop/p/itmaaf79b8a24f17","https://rukminim2.flixcart.com/image/312/312/xif0q/computer/x/s/i/-original-imahb8x5czvsufhf.jpeg?q=70","1094"
"COMGZDQJWHNXFKT8","ASUS Vivobook 15X Intel Core i3 13th Gen 1315U - (8 GB/512 GB SSD/Windows 11 Home) K3504VAB-NJ322WS Th...","ASUS","Intel Core i3 Processor (13th Gen)","8 GB DDR4 RAM","512 GB SSD","39.62 cm (15.6 Inch) Display","nan","Windows 11 Operating System","1 Year Onsite Warranty","竄ｹ38,990","竄ｹ58,990","33","4.2","179","21","No","https://www.flipkart.com/asus-vivobook-15x-intel-core-i3-13th-gen-1315u-8-gb-512-gb-ssd-windows-11-home-k3504vab-nj322ws-thin-light-laptop/p/itm1380a9c9a7ba8","https://rukminim2.flixcart.com/image/312/312/xif0q/computer/l/m/p/-original-imagqkqmgqhhrmac.jpeg?q=70","1097"
"COMGZKHQYUZD23HT","ASUS Vivobook Go 15 Intel Celeron Dual Core N4020 - (8 GB/256 GB SSD/Windows 11 Home) E510MA-EJ011WS T...","ASUS","Intel Celeron Dual Core Processor","8 GB DDR4 RAM","256 GB SSD","39.62 cm (15.6 Inch) Display","nan","Windows 11 Operating System","1 Year Onsite Warranty","竄ｹ25,499","竄ｹ36,990","31","4","2547","236","No","https://www.flipkart.com/asus-vivobook-go-15-intel-celeron-dual-core-n4020-8-gb-256-gb-ssd-windows-11-home-e510ma-ej011ws-thin-light-laptop/p/itmb3ef24bd3345c","https://rukminim2.flixcart.com/image/312/312/xif0q/computer/l/5/9/-original-imahcd9nfh8bcg4j.jpeg?q=70","1098"
"COMGZDQJ3UKYENYR","ASUS Vivobook 14 Intel Core i3 13th Gen 1315U - (8 GB/512 GB SSD/Windows 11 Home) X1404VA-NK322WS Thin...","ASUS","Intel Core i3 Processor (13th Gen)","8 GB DDR4 RAM","512 GB SSD","35.56 cm (14 Inch) Display","nan","Windows 11 Operating System","1 Year Onsite Warranty","竄ｹ38,990","竄ｹ57,990","32","3.9","514","35","Yes","https://www.flipkart.com/asus-vivobook-14-intel-core-i3-13th-gen-1315u-8-gb-512-gb-ssd-windows-11-home-x1404va-nk322ws-thin-light-laptop/p/itm49c0450d9ee9d","https://rukminim2.flixcart.com/image/312/312/xif0q/computer/i/6/t/-original-imahcd9m8ngtzzfq.jpeg?q=70","1101"
"COMGBHPFAFAWGKHE","ASUS VivoBook 14 Intel Core i3 11th Gen 1115G4 - (8 GB/256 GB SSD/Windows 11 Home) X415EA-EK342WS Thin...","ASUS","Intel Core i3 Processor (11th Gen)","8 GB DDR4 RAM","256 GB SSD","35.56 cm (14 Inch) Display","nan","64 bit Windows 11 Operating System","1 Year Onsite Warranty","竄ｹ31,999","竄ｹ50,990","37","4.3","642","58","Yes","https://www.flipkart.com/asus-vivobook-14-intel-core-i3-11th-gen-1115g4-8-gb-256-gb-ssd-windows-11-home-x415ea-ek342ws-thin-light-laptop/p/itm4e269d8e445e4","https://rukminim2.flixcart.com/image/312/312/xif0q/computer/o/a/l/-original-imahcd9zymzuqzdd.jpeg?q=70","1102"
"COMH6ZSJ3NFHRQZD","ASUS Vivobook Go 15 Intel Celeron Dual Core N4500 - (8 GB/512 GB SSD/Windows 11 Home) X1500KA-EJ021W T...","ASUS","Intel Celeron Dual Core Processor","8 GB DDR4 RAM","512 GB SSD","39.62 cm (15.6 Inch) Display","nan","Windows 11 Operating System","1 Year Onsite Warranty","竄ｹ27,150","竄ｹ38,990","30","3.3","4","1","No","https://www.flipkart.com/asus-vivobook-go-15-intel-celeron-dual-core-n4500-8-gb-512-gb-ssd-windows-11-home-x1500ka-ej021w-thin-light-laptop/p/itm7e31ae5d9b222","https://rukminim2.flixcart.com/image/312/312/xif0q/computer/j/7/a/x1500ka-ej021w-thin-and-light-laptop-asus-original-imah6zsjmdsgknug.jpeg?q=70","1103"
"COMFSKF9ZWGMFX4D","ASUS VivoBook 14 AMD Ryzen 5 Hexa Core AMD R5-4500U - (8 GB/512 GB SSD/Windows 10 Home) M413IA-EK582T ...","ASUS","AMD Ryzen 5 Hexa Core Processor","8 GB DDR4 RAM","512 GB SSD","35.56 cm (14 inch) Display","nan","64 bit Windows 10 Operating System","1 Year Onsite Warranty","竄ｹ49,990","竄ｹ54,990","9","4.4","1620","242","Yes","https://www.flipkart.com/asus-vivobook-14-amd-ryzen-5-hexa-core-r5-4500u-8-gb-512-gb-ssd-windows-10-home-m413ia-ek582t-thin-light-laptop/p/itma9884a927e931","https://rukminim2.flixcart.com/image/312/312/kbfeljk0/computer/x/4/d/asus-original-imafss6cbuzbzpgf.jpeg?q=70","1104"
"COMH2XBQ9QNGRUQ5","ASUS Vivobook 16X for Creator, Intel Core i5 12th Gen 12500H - (16 GB/512 GB SSD/Windows 11 Home/4 GB ...","ASUS","Intel Core i5 Processor (12th Gen)","16 GB DDR4 RAM","512 GB SSD","40.64 cm (16 Inch) Display","nan","Windows 11 Operating System","1 Year Onsite Warranty","竄ｹ57,990","竄ｹ77,990","25","4.2","733","79","No","https://www.flipkart.com/asus-vivobook-16x-creator-intel-core-i5-12th-gen-12500h-16-gb-512-gb-ssd-windows-11-home-4-graphics-nvidia-geforce-rtx-2050-k3605zf-rp258ws-gaming-laptop/p/itmd896b82bffaef","https://rukminim2.flixcart.com/image/312/312/xif0q/computer/r/b/c/-original-imahcd9mgqmkxfy3.jpeg?q=70","1107"
"COMH2TPS7NR6BDYW","ASUS Vivobook 15, with Backlit Keyboard, Intel Core i5 12th Gen 1235U - (16 GB/512 GB SSD/Windows 11 H...","ASUS","Intel Core i5 Processor (12th Gen)","16 GB DDR4 RAM","512 GB SSD","39.62 cm (15.6 Inch) Display","nan","Windows 11 Operating System","1 Year Onsite Warranty","竄ｹ47,990","竄ｹ74,990","36","3.9","14","2","No","https://www.flipkart.com/asus-vivobook-15-backlit-keyboard-intel-core-i5-12th-gen-1235u-16-gb-512-gb-ssd-windows-11-home-x1504za-nj542ws-thin-light-laptop/p/itm200184e4e0443","https://rukminim2.flixcart.com/image/312/312/xif0q/computer/5/y/p/-original-imahcd9pdsaxtwzk.jpeg?q=70","1108"
"COMH9SJ9DFFGUEHU","ASUS Vivobook S14 (2025) with Office 2024 + M365 Basic*, Metallic Design, AI PC Intel Core Ultra 5 225...","ASUS","Intel Core Ultra 5 Processor","16 GB DDR5 RAM","512 GB SSD","35.56 cm (14 inch) Display","nan","Windows 11 Home Operating System","1 Year Onsite Warranty","竄ｹ80,990","竄ｹ98,990","18",\N,\N,\N,"Yes","https://www.flipkart.com/asus-vivobook-s14-2025-office-2024-m365-basic-metallic-design-ai-pc-intel-core-ultra-5-225h-16-gb-512-gb-ssd-windows-11-home-s3407ca-ly057ws-thin-light-laptop/p/itma23ab93a3f665","https://rukminim2.flixcart.com/image/312/312/xif0q/computer/a/d/f/-original-imahd6ysrhrb4vpk.jpeg?q=70","1109"
"COMGZF9ERKTDG79G","ASUS ExpertBook B15 Intel Core i3 12th Gen 1215U - (8 GB/512 GB SSD/Windows 11 Home) B1502CBA-NJ1090WS...","ASUS","Intel Core i3 Processor (12th Gen)","8 GB DDR4 RAM","512 GB SSD","39.62 cm (15.6 Inch) Display","nan","Windows 11 Operating System","1 Year Onsite Warranty","竄ｹ36,990","竄ｹ50,990","27","4.3","369","36","Yes","https://www.flipkart.com/asus-expertbook-b15-intel-core-i3-12th-gen-1215u-8-gb-512-gb-ssd-windows-11-home-b1502cba-nj1090ws-thin-light-laptop/p/itmd0f1534bae463","https://rukminim2.flixcart.com/image/312/312/xif0q/computer/r/d/u/-original-imahcd9mtkz4g6jr.jpeg?q=70","1111"
"COMFGH6RZFRABZC6","ASUS VivoBook 15 Intel Core i5 8th Gen 8250U - (8 GB/1 TB HDD/Windows 10 Home) X540UA-DM2124T Laptop","ASUS","Intel Core i5 Processor (8th Gen)","8 GB DDR4 RAM","1 TB HDD","Full HD LCD Anti-glare Display","nan","64 bit Windows 10 Operating System","1 Year Limited International Hardware Warranty","竄ｹ42,990","竄ｹ46,700","7","4.1","1841","236","No","https://www.flipkart.com/asus-vivobook-15-intel-core-i5-8th-gen-8250u-8-gb-1-tb-hdd-windows-10-home-x540ua-dm2124t-laptop/p/itmf819f004de809","https://rukminim2.flixcart.com/image/312/312/k3xcdjk0pkrrdj/computer/6/a/z/asus-na-laptop-original-imafgxaytsaychwg.jpeg?q=70","1112"
"COMFZ3VNMGYQVUVR","ASUS VivoBook Ultra 14 Intel Core i3 11th Gen 1115G4 - (8 GB/512 GB SSD/Windows 10 Home) X413EA-EB322T...","ASUS","Intel Core i3 Processor (11th Gen)","8 GB DDR4 RAM","512 GB SSD","35.56 cm (14 inch) Display","nan","64 bit Windows 10 Operating System","1 Year Onsite Warranty","竄ｹ44,990","竄ｹ56,990","21","4.4","2908","404","Yes","https://www.flipkart.com/asus-vivobook-ultra-14-intel-core-i3-11th-gen-1115g4-8-gb-512-gb-ssd-windows-10-home-x413ea-eb322ts-thin-light-laptop/p/itmbd2a1e86692dd","https://rukminim2.flixcart.com/image/312/312/xif0q/computer/w/z/5/-original-imahcd9mep8zdv4j.jpeg?q=70","1113"
"COMHFCBZ64HJFXKG","ASUS Vivobook S15 OLED Powered Copilot + PC, AI PC, Full Metal Body, Snapdragon X Plus - (16 GB/1 TB S...","ASUS","Snapdragon X Plus Processor","16 GB LPDDR5X RAM","1 TB SSD","39.62 cm (15.6 Inch) Display","nan","Windows 11 Operating System","1 Year Onsite Warranty","竄ｹ84,990","竄ｹ1,28,990","34","4","23","2","Yes","https://www.flipkart.com/asus-vivobook-s15-oled-powered-copilot-pc-ai-full-metal-body-snapdragon-x-plus-16-gb-1-tb-ssd-windows-11-home-s5507qa-ma551ws-thin-light-laptop/p/itm64aa566d270be","https://rukminim2.flixcart.com/image/312/312/xif0q/computer/z/r/k/-original-imahcd9nz3jmjyqj.jpeg?q=70","1114"
"COMHYG8Z6FHFTVZY","ASUS Intel Core i5 12th Gen 12500H - (16 GB/512 GB SSD/Windows 11 Home) X1605ZAC-MB540WS Thin and Ligh...","ASUS","Intel Core i5 Processor (12th Gen)","16 GB DDR4 RAM","512 GB SSD","40.64 cm (16 inch) Display","nan","Windows 11 Operating System","1 Year Onsite Warranty","竄ｹ50,490","竄ｹ68,990","26","3.6","16","1","No","https://www.flipkart.com/asus-intel-core-i5-12th-gen-12500h-16-gb-512-gb-ssd-windows-11-home-x1605zac-mb540ws-thin-light-laptop/p/itm0adae493236e3","https://rukminim2.flixcart.com/image/312/312/xif0q/computer/6/v/8/x1400ea-ek322ws-thin-and-light-laptop-asus-original-imagppmgqvqrquk4.jpeg?q=70","1117"
"COMH9EVGYMHA7TK4","ASUS Vivobook 16 (2025), Copilot + PC with Office 2024 + M365 Basic*, AI PC Qualcomm Snapdragon X - (1...","ASUS","Qualcomm Snapdragon X Processor","16 GB LPDDR5X RAM","512 GB SSD","40.64 cm (16 Inch) Display","nan","Windows 11 Home Operating System","1 Year Onsite Warranty","竄ｹ65,990","竄ｹ84,990","22","4.1","50","5","No","https://www.flipkart.com/asus-vivobook-16-2025-copilot-pc-office-2024-m365-basic-ai-qualcomm-snapdragon-x-16-gb-512-gb-ssd-windows-11-home-x1607qa-mb050ws-thin-light-laptop/p/itm027fd729972e0","https://rukminim2.flixcart.com/image/312/312/xif0q/computer/n/t/v/-original-imahcd9nfjj8h3pq.jpeg?q=70","1118"
"COMGZDQJJCAUMFMR","ASUS Vivobook 15X Intel Core i5 13th Gen 1335U - (16 GB/512 GB SSD/Windows 11 Home) K3504VAB-NJ541WS T...","ASUS","Intel Core i5 Processor (13th Gen)","16 GB DDR4 RAM","512 GB SSD","39.62 cm (15.6 Inch) Display","nan","Windows 11 Operating System","1 Year Onsite Warranty","竄ｹ54,500","竄ｹ80,990","32","4.1","214","13","No","https://www.flipkart.com/asus-vivobook-15x-intel-core-i5-13th-gen-1335u-16-gb-512-gb-ssd-windows-11-home-k3504vab-nj541ws-thin-light-laptop/p/itma18c452f2836c","https://rukminim2.flixcart.com/image/312/312/xif0q/computer/l/d/c/-original-imahcd9mw7ekjtep.jpeg?q=70","1121"
"COMHB7VNHHRQYPFJ","ASUS Expertbook P3 Intel Core i5 13th Gen 13420H - (16 GB/512 GB SSD/Windows 11 Home) P3405CVA-LY0015W...","ASUS","Intel Core i5 Processor (13th Gen)","16 GB DDR5 RAM","512 GB SSD","35.56 cm (14 Inch) Display","nan","Windows 11 Home Operating System","1 Year Onsite Warranty","竄ｹ62,990","竄ｹ95,990","34",\N,\N,\N,"Yes","https://www.flipkart.com/asus-expertbook-p3-intel-core-i5-13th-gen-13420h-16-gb-512-gb-ssd-windows-11-home-p3405cva-ly0015ws-thin-light-laptop/p/itm09459c3a8fab7","https://rukminim2.flixcart.com/image/312/312/xif0q/computer/d/j/4/-original-imahcd9zxq3n8fhh.jpeg?q=70","1122"
"COMH9499ZWZ3RU9Y","ASUS Vivobook 15 Intel Core i5 13th Gen 1334U - (8 GB/512 GB SSD/Windows 11 Home) X1504VA-NJ1765WS Thi...","ASUS","Intel Core i5 Processor (13th Gen)","8 GB DDR4 RAM","512 GB SSD","39.62 cm (15.6 Inch) Display","nan","Windows 11 Home Operating System","1 Year Onsite Warranty","竄ｹ50,990","竄ｹ68,990","26","4.3","134","9","Yes","https://www.flipkart.com/asus-vivobook-15-intel-core-i5-13th-gen-1334u-8-gb-512-gb-ssd-windows-11-home-x1504va-nj1765ws-thin-light-laptop/p/itme9833882f198b","https://rukminim2.flixcart.com/image/312/312/xif0q/computer/l/g/c/-original-imahcd9d4ehhuwgz.jpeg?q=70","1123"
"COMFQV982CHH94WY","ASUS VivoBook 14 Intel Core i3 10th Gen 10110U - (4 GB/256 GB SSD/Windows 10 Home) X412FA-EK361T Thin ...","ASUS","Intel Core i3 Processor (10th Gen)","4 GB DDR4 RAM","256 GB SSD","35.56 cm (14 inch) Display","nan","64 bit Windows 10 Operating System","1 Year Onsite Warranty","竄ｹ35,990","竄ｹ40,697","11","4.4","6360","961","No","https://www.flipkart.com/asus-vivobook-14-intel-core-i3-10th-gen-10110u-4-gb-256-gb-ssd-windows-10-home-x412fa-ek361t-thin-light-laptop/p/itm963494ad8e673","https://rukminim2.flixcart.com/image/312/312/k91o6fk0/computer/k/8/h/asus-original-imafqxfewfakvj64.jpeg?q=70","1124"
"COMHFT2NBDET7GJX","ASUS TUF Gaming A15 AMD Ryzen 7 Octa Core 7435HS - (8 GB/512 GB SSD/Windows 11 Home/4 GB Graphics/NVID...","ASUS","AMD Ryzen 7 Octa Core Processor","8 GB DDR5 RAM","512 GB SSD","39.62 cm (15.6 inch) Display","nan","Windows 11 Home Operating System","1 Year Carry-in Warranty","竄ｹ54,990","竄ｹ70,990","22","4.3","1207","92","Yes","https://www.flipkart.com/asus-tuf-gaming-a15-amd-ryzen-7-octa-core-7435hs-8-gb-512-gb-ssd-windows-11-home-4-graphics-nvidia-geforce-rtx-2050-fa566nfr-hn260w-laptop/p/itm10514ecd2a794","https://rukminim2.flixcart.com/image/312/312/xif0q/computer/i/t/b/-original-imahcd999rpcg3cj.jpeg?q=70","1125"
"COMH9SJ9VCEQJCSX","ASUS Vivobook S14 (2025) with Office 2024 + M365 Basic*, Metallic Design, H-Series Intel Core i5 13th ...","ASUS","Intel Core i5 Processor (13th Gen)","16 GB DDR5 RAM","512 GB SSD","35.56 cm (14 inch) Display","nan","Windows 11 Home Operating System","1 Year Onsite Warranty","竄ｹ67,990","竄ｹ84,990","20","4.6","13","1","Yes","https://www.flipkart.com/asus-vivobook-s14-2025-office-2024-m365-basic-metallic-design-h-series-intel-core-i5-13th-gen-13420h-16-gb-512-gb-ssd-windows-11-home-s3407va-ly037ws-thin-light-laptop/p/itm820c07740b4c9","https://rukminim2.flixcart.com/image/312/312/xif0q/computer/b/2/8/-original-imahcf58xzu2gxrd.jpeg?q=70","1127"
"COMGS6XWSMAPFWZG","ASUS Intel Core i3 13th Gen - (8 GB/512 GB SSD/Windows 11 Home) ?E1504GA-NJ322WS Laptop","ASUS","Intel Core i3 Processor (13th Gen)","8 GB DDR4 RAM","512 GB SSD","39.62 cm (15.6 inch) Display","nan","Windows 11 Operating System","1 Year Warranty","竄ｹ39,246","竄ｹ54,990","28","3.8","13","0","No","https://www.flipkart.com/asus-intel-core-i3-13th-gen-8-gb-512-gb-ssd-windows-11-home-e1504ga-nj322ws-laptop/p/itm6ee6f9a99e824","https://rukminim2.flixcart.com/image/312/312/xif0q/computer/9/l/n/vivobook-go-15-laptop-asus-original-imags6xwgueg67g2.jpeg?q=70","1131"
"COMFSKF9UQH8RKYF","ASUS (2024) Intel Celeron Dual Core N4020 - (4 GB/1 TB HDD/Windows 11 Home) X543MA-GQ1015T Thin and Li...","ASUS","Intel Celeron Dual Core Processor","4 GB DDR4 RAM","1 TB HDD","39.62 cm (15.6 inch) Display","nan","64 bit Windows 11 Home Operating System","1 Year Onsite Warranty","竄ｹ26,350","竄ｹ30,990","14","3.9","3697","480","No","https://www.flipkart.com/asus-2024-intel-celeron-dual-core-n4020-4-gb-1-tb-hdd-windows-11-home-x543ma-gq1015t-thin-light-laptop/p/itma45cdd8d5d70e","https://rukminim2.flixcart.com/image/312/312/xif0q/computer/j/0/g/-original-imahcd9m32guxtxa.jpeg?q=70","1132"
"COMH9499RA9ACAE9","ASUS Vivobook 15 Intel Core i5 13th Gen 1334U - (8 GB/512 GB SSD/Windows 11 Home) X1504VA-NJ1766WS Thi...","ASUS","Intel Core i5 Processor (13th Gen)","8 GB DDR4 RAM","512 GB SSD","39.62 cm (15.6 Inch) Display","nan","Windows 11 Home Operating System","1 Year Onsite Warranty","竄ｹ50,990","竄ｹ68,990","26","4.3","134","9","Yes","https://www.flipkart.com/asus-vivobook-15-intel-core-i5-13th-gen-1334u-8-gb-512-gb-ssd-windows-11-home-x1504va-nj1766ws-thin-light-laptop/p/itmb8beee48281dd","https://rukminim2.flixcart.com/image/312/312/xif0q/computer/5/v/i/-original-imahcd9nqmhqxdkp.jpeg?q=70","1133"
"COMH26BRGPGRR79C","ASUS Vivobook 16 Intel Core i5 12th Gen 12500H - (16 GB/512 GB SSD/Windows 11 Home) X1605ZAC-MB541WS T...","ASUS","Intel Core i5 Processor (12th Gen)","16 GB DDR4 RAM","512 GB SSD","40.64 cm (16 Inch) Display","nan","Windows 11 Operating System","1 Year Onsite Warranty","竄ｹ55,976","竄ｹ72,990","23","4.6","17","0","Yes","https://www.flipkart.com/asus-vivobook-16-intel-core-i5-12th-gen-12500h-16-gb-512-gb-ssd-windows-11-home-x1605zac-mb541ws-thin-light-laptop/p/itmcf0073f36ff1b","https://rukminim2.flixcart.com/image/312/312/xif0q/computer/z/j/m/vivobook-16-laptop-asus-original-imah2ytg4nwutqjb.jpeg?q=70","1134"
"COMHFY939ZTRVFVG","ASUS AMD Ryzen 3 Quad Core - (8 GB/512 GB SSD/Windows 11 Home) E1504FA-NJ321WS Thin and Light Laptop","ASUS","AMD Ryzen 3 Quad Core Processor","8 GB DDR4 RAM","512 GB SSD","39.62 cm (15.6 inch) Display","nan","Windows 11 Home Operating System","1 Year Onsite Warranty","竄ｹ31,800","竄ｹ50,990","37",\N,\N,\N,"No","https://www.flipkart.com/asus-amd-ryzen-3-quad-core-8-gb-512-gb-ssd-windows-11-home-e1504fa-nj321ws-thin-light-laptop/p/itmf2da9c7085e1b","https://rukminim2.flixcart.com/image/312/312/xif0q/computer/z/n/w/e1504fa-nj321ws-thin-and-light-laptop-asus-original-imahfy92evkj2wgr.jpeg?q=70","1137"
"COMGPNG4FFE5HGKZ","ASUS Vivobook 16X For Creator, Intel H Series Intel Core i5 13th Gen 13420H - (16 GB/512 GB SSD/Window...","ASUS","Intel Core i5 Processor (13th Gen)","16 GB DDR4 RAM","512 GB SSD","40.64 cm (16 Inch) Display","nan","Windows 11 Operating System","1 Year Onsite Warranty","竄ｹ72,990","竄ｹ89,990","18","4.3","207","15","No","https://www.flipkart.com/asus-vivobook-16x-creator-intel-h-series-core-i5-13th-gen-13420h-16-gb-512-gb-ssd-windows-11-home-4-graphics-nvidia-geforce-rtx-3050-144-hz-50-tgp-k3605vc-rp413ws-k3605zc-mbn542ws-gaming-laptop/p/itme304c469918e6","https://rukminim2.flixcart.com/image/312/312/xif0q/computer/y/j/w/-original-imahcd9nn3vhthhm.jpeg?q=70","1138"
"COMH9499ZGGSBUHQ","ASUS Vivobook Go 15 AMD Ryzen 5 Quad Core 7520U - (8 GB/512 GB SSD/Windows 11 Home) E1504FA-NJ133WS Th...","ASUS","AMD Ryzen 5 Quad Core Processor","8 GB LPDDR5 RAM","512 GB SSD","39.62 cm (15.6 Inch) Display","nan","Windows 11 Home Operating System","1 Year Onsite Warranty","竄ｹ37,990","竄ｹ50,990","25","4.2","1514","94","No","https://www.flipkart.com/asus-vivobook-go-15-amd-ryzen-5-quad-core-7520u-8-gb-512-gb-ssd-windows-11-home-e1504fa-nj133ws-thin-light-laptop/p/itm8362a21e94d09","https://rukminim2.flixcart.com/image/312/312/xif0q/computer/t/w/v/-original-imahcd9hrkcvfury.jpeg?q=70","1139"
"COMH9SJ93XBRGZJ7","ASUS Vivobook Go 14 (2025) with Office 2024 + M365 Basic* AMD Ryzen 5 Quad Core 7520U - (16 GB/512 GB ...","ASUS","AMD Ryzen 5 Quad Core Processor","16 GB LPDDR5 RAM","512 GB SSD","35.56 cm (14 inch) Display","nan","Windows 11 Home Operating System","1 Year Onsite Warranty","竄ｹ42,990","竄ｹ53,990","20","4.2","1065","75","No","https://www.flipkart.com/asus-vivobook-go-14-2025-office-2024-m365-basic-amd-ryzen-5-quad-core-7520u-16-gb-512-gb-ssd-windows-11-home-e1404fa-nk5542ws-thin-light-laptop/p/itmceb0a735dc9b1","https://rukminim2.flixcart.com/image/312/312/xif0q/computer/u/9/6/-original-imagpxgq3wcnwpwv.jpeg?q=70","1140"
"COMH9SJ9H3HGSPH5","ASUS Vivobook 14 (2025) with Office 2024 + M365 Basic* Intel Core i5 13th Gen 1334U - (8 GB/512 GB SSD...","ASUS","Intel Core i5 Processor (13th Gen)","8 GB DDR4 RAM","512 GB SSD","35.56 cm (14 inch) Display","nan","Windows 11 Home Operating System","1 Year Onsite Warranty","竄ｹ46,990","竄ｹ68,990","31","3.6","54","5","No","https://www.flipkart.com/asus-vivobook-14-2025-office-2024-m365-basic-intel-core-i5-13th-gen-1334u-8-gb-512-gb-ssd-windows-11-home-x1404va-nk804ws-thin-light-laptop/p/itme1587a768f69e","https://rukminim2.flixcart.com/image/312/312/xif0q/computer/o/9/8/-original-imagpxgrmnnwrtzk.jpeg?q=70","1142"
"COMGMGXFZUFYHPJG","ASUS Vivobook 15 Intel Core i3 12th Gen 1215U - (8 GB/512 GB SSD/Windows 11 Home) X1502ZA-EJ322WS Thin...","ASUS","Intel Core i3 Processor (12th Gen)","8 GB DDR4 RAM","512 GB SSD","39.62 cm (15.6 Inch) Display","nan","Windows 11 Operating System","1 Year Onsite Warranty","竄ｹ34,990","竄ｹ49,990","30","4.3","734","76","No","https://www.flipkart.com/asus-vivobook-15-intel-core-i3-12th-gen-1215u-8-gb-512-gb-ssd-windows-11-home-x1502za-ej322ws-thin-light-laptop/p/itm54273cfe6723b","https://rukminim2.flixcart.com/image/312/312/xif0q/computer/e/d/e/-original-imah2yffkhhq427c.jpeg?q=70","1143"
"COMGZ3MYRYGBHCAV","ASUS Vivobook 15 Intel Core i5 11th Gen 1135G7 - (16 GB/512 GB SSD/Windows 11 Home) X515EA-EJ542WS Thi...","ASUS","Intel Core i5 Processor (11th Gen)","16 GB DDR4 RAM","512 GB SSD","39.62 cm (15.6 Inch) Display","nan","Windows 11 Operating System","1 Year Onsite Warranty","竄ｹ45,990","竄ｹ62,990","26","4.3","1621","116","No","https://www.flipkart.com/asus-vivobook-15-intel-core-i5-11th-gen-1135g7-16-gb-512-gb-ssd-windows-11-home-x515ea-ej542ws-thin-light-laptop/p/itmbfbbf7747aa01","https://rukminim2.flixcart.com/image/312/312/xif0q/computer/f/c/t/-original-imahcd99fyzdyj8b.jpeg?q=70","1144"
"COMGCV52YQN8Q2VY","ASUS (2024) Intel Celeron Dual Core N4500 - (4 GB/128 GB SSD/Windows 11 Home) BR1100CKA-GJ0722W Thin a...","ASUS","Intel Celeron Dual Core Processor","4 GB DDR4 RAM","128 GB SSD","29.46 cm (11.6 Inch) Display","nan","64 bit Windows 11 Operating System","1 Year Onsite Warranty","竄ｹ20,999","竄ｹ30,990","32","4.1","372","33","No","https://www.flipkart.com/asus-2024-intel-celeron-dual-core-n4500-4-gb-128-gb-ssd-windows-11-home-br1100cka-gj0722w-thin-light-laptop/p/itmd3c66f7392a19","https://rukminim2.flixcart.com/image/312/312/xif0q/computer/e/i/s/-original-imahcd9pwzrzkhg2.jpeg?q=70","1147"
"COMGYSFGBYT5HPRH","ASUS Vivobook 15 Intel Pentium Dual Core 7505 - (8 GB/512 GB SSD/Windows 11 Home) X1500EA-EJ122WS Thin...","ASUS","Intel Pentium Dual Core Processor","8 GB DDR4 RAM","512 GB SSD","39.62 cm (15.6 Inch) Display","nan","Windows 11 Operating System","1 Year Onsite warranty","竄ｹ38,999","竄ｹ40,000","2","4","50","5","No","https://www.flipkart.com/asus-vivobook-15-intel-pentium-dual-core-7505-8-gb-512-gb-ssd-windows-11-home-x1500ea-ej122ws-thin-light-laptop/p/itm0adae493236e3","https://rukminim2.flixcart.com/image/312/312/xif0q/computer/j/z/5/x1500ea-ej122ws-thin-and-light-laptop-asus-original-imagzy2uwe4zpfdc.jpeg?q=70","1150"
"COMH3YT3BMVGQH2U","ASUS Vivobook GO 15 AMD Ryzen 5 Quad Core 7520U - (16 GB/512 GB SSD/Windows 11 Home) E1504FA-NJ549WS T...","ASUS","AMD Ryzen 5 Quad Core Processor","16 GB LPDDR5 RAM","512 GB SSD","39.62 cm (15.6 Inch) Display","nan","Windows 11 Operating System","1 Year Onsite Warranty","竄ｹ45,900","竄ｹ59,212","22","4.3","104","5","No","https://www.flipkart.com/asus-vivobook-go-15-amd-ryzen-5-quad-core-7520u-16-gb-512-gb-ssd-windows-11-home-e1504fa-nj549ws-thin-light-laptop/p/itm7f766d96bd6a5","https://rukminim2.flixcart.com/image/312/312/xif0q/computer/m/f/w/e1504fa-nj549ws-thin-and-light-laptop-asus-original-imah3877hyhrxp43.jpeg?q=70","1151"
"COMGMGXFU4QVS2WR","ASUS Vivobook Go 15 AMD Ryzen 5 Quad Core 7520U - (16 GB/512 GB SSD/Windows 11 Home) E1504FA-NJ543WS T...","ASUS","AMD Ryzen 5 Quad Core Processor","16 GB LPDDR5 RAM","512 GB SSD","39.62 cm (15.6 Inch) Display","nan","Windows 11 Operating System","1 Year Onsite Warranty","竄ｹ51,500","竄ｹ70,990","27","3.9","13","1","No","https://www.flipkart.com/asus-vivobook-go-15-amd-ryzen-5-quad-core-7520u-16-gb-512-gb-ssd-windows-11-home-e1504fa-nj543ws-thin-light-laptop/p/itmffad5e5b0d23f","https://rukminim2.flixcart.com/image/312/312/xif0q/computer/c/r/7/-original-imagpxgqbu5hmwzs.jpeg?q=70","1152"
"COMGZDQJAHZJUHNS","ASUS VivoBook 14 Intel Core i5 13th Gen 1335U - (8 GB/512 GB SSD/Windows 11 Home) X1404VA-NK521WS Thin...","ASUS","Intel Core i5 Processor (13th Gen)","8 GB DDR4 RAM","512 GB SSD","35.56 cm (14 Inch) Display","nan","Windows 11 Operating System","1 Year Onsite Warranty","竄ｹ46,990","竄ｹ74,990","37","3.6","54","5","No","https://www.flipkart.com/asus-vivobook-14-intel-core-i5-13th-gen-1335u-8-gb-512-gb-ssd-windows-11-home-x1404va-nk521ws-thin-light-laptop/p/itme772f3529c8fc","https://rukminim2.flixcart.com/image/312/312/xif0q/computer/i/1/t/x1404va-nk521ws-thin-and-light-laptop-asus-original-imah3smweyjzjzfg.jpeg?q=70","1153"
"COMGZWQQCEJMHVKE","ASUS Intel Core i5 13th Gen 1335U - (16 GB/512 GB SSD/Windows 11 Home) K3504VAB-NJ541WS Laptop","ASUS","Intel Core i5 Processor (13th Gen)","16 GB DDR4 RAM","512 GB SSD","39.62 cm (15.6 inch) Display","nan","Windows 11 Operating System","1 Year Manufacturer Warranty","竄ｹ49,500","竄ｹ99,500","50","3.6","9","1","No","https://www.flipkart.com/asus-intel-core-i5-13th-gen-1335u-16-gb-512-gb-ssd-windows-11-home-k3504vab-nj541ws-laptop/p/itma18c452f2836c","https://rukminim2.flixcart.com/image/312/312/xif0q/computer/v/n/0/vivobook-15x-laptop-asus-original-imagzwqqnvng9pfg.jpeg?q=70","1156"
"COMFEHZWHZJAHCKG","ASUS VivoBook S Series Intel Core i5 8th Gen 8265U - (8 GB/1 TB HDD/256 GB SSD/Windows 10 Home) S430FA...","ASUS","Intel Core i5 Processor (8th Gen)","8 GB DDR4 RAM","1 TB HDD|256 GB SSD","35.56 cm (14 inch) Display","nan","64 bit Windows 10 Operating System","1 Year Limited International Hardware Warranty","竄ｹ53,990","竄ｹ68,990","21","4.4","14608","2055","Yes","https://www.flipkart.com/asus-vivobook-s-series-intel-core-i5-8th-gen-8265u-8-gb-1-tb-hdd-256-gb-ssd-windows-10-home-s430fa-eb026t-thin-light-laptop/p/itma5244a63c767b","https://rukminim2.flixcart.com/image/312/312/kar44280/computer/c/k/g/asus-na-thin-and-light-laptop-original-imafs92stq2jdzyu.jpeg?q=70","1157"
"COMH9SJ9VAJ7ZD99","ASUS Vivobook S14 Flip (2025) with Office 2024 + M365 Basic*, A-Part Metal Body, Intel Core i5 13th Ge...","ASUS","Intel Core i5 Processor (13th Gen)","16 GB DDR4 RAM","512 GB SSD","35.56 cm (14 inch) Touchscreen Display","nan","Windows 11 Home Operating System","1 Year Onsite Warranty","竄ｹ69,990","竄ｹ86,990","19",\N,"5","1","No","https://www.flipkart.com/asus-vivobook-s14-flip-2025-office-2024-m365-basic-a-part-metal-body-intel-core-i5-13th-gen-13420h-16-gb-512-gb-ssd-windows-11-home-tp3402vao-lz612ws-2-1-laptop/p/itme494b3629a714","https://rukminim2.flixcart.com/image/312/312/xif0q/computer/7/d/e/-original-imahcd9zu8rgkwqm.jpeg?q=70","1160"
"COMGZDQJADMQCDGK","ASUS Vivobook S 15 OLED Intel EVO H-Series Intel Core i9 13th Gen 13900H - (16 GB/1 TB SSD/Windows 11 ...","ASUS","Intel Core i9 Processor (13th Gen)","16 GB LPDDR5 RAM","1 TB SSD","39.62 cm (15.6 Inch) Display","nan","Windows 11 Operating System","1 Year Onsite Warranty","竄ｹ92,990","竄ｹ1,34,990","31","3.9","46","7","No","https://www.flipkart.com/asus-vivobook-s-15-oled-intel-evo-h-series-core-i9-13th-gen-13900h-16-gb-1-tb-ssd-windows-11-home-s5504va-ma953ws-thin-light-laptop/p/itm9bb268d9b1aab","https://rukminim2.flixcart.com/image/312/312/xif0q/computer/e/z/q/-original-imahcd9hgsdrseau.jpeg?q=70","1161"
"COMFQV98EZHNJMZA","ASUS VivoBook 14 Intel Core i3 8th Gen 8145U - (4 GB/512 GB SSD/Windows 10 Home) X412FA-EK371T Thin an...","ASUS","Intel Core i3 Processor (8th Gen)","4 GB DDR4 RAM","512 GB SSD","35.56 cm (14 inch) Display","nan","64 bit Windows 10 Operating System","1 Year Onsite Warranty","竄ｹ35,990","竄ｹ45,990","21","4.4","2285","397","No","https://www.flipkart.com/asus-vivobook-14-intel-core-i3-8th-gen-8145u-4-gb-512-gb-ssd-windows-10-home-x412fa-ek371t-thin-light-laptop/p/itm963494ad8e673","https://rukminim2.flixcart.com/image/312/312/k91o6fk0/computer/k/8/h/asus-original-imafqxfewfakvj64.jpeg?q=70","1162"
"COMGT2QPZXZSBDVF","ASUS Intel Core i5 12th Gen - (16 GB/512 GB SSD/Windows 11 Home) X1504ZA-NJ541WS Laptop","ASUS","Intel Core i5 Processor (12th Gen)","16 GB DDR4 RAM","512 GB SSD","39.62 cm (15.6 inch) Display","nan","Windows 11 Operating System","1-year warranty","竄ｹ50,090","竄ｹ74,990","33","4.1","7","1","No","https://www.flipkart.com/asus-intel-core-i5-12th-gen-16-gb-512-gb-ssd-windows-11-home-x1504za-nj541ws-laptop/p/itm6d22b13604ef6","https://rukminim2.flixcart.com/image/312/312/xif0q/computer/g/n/s/vivobook-15-laptop-asus-original-imagt2qpmtnv3ywv.jpeg?q=70","1163"
"COMH3BGBKPFDG9TR","ASUS Vivobook S15 OLED, A-Part Metal Body, Intel Core i9 13th Gen 13900H - (16 GB/512 GB SSD/Windows 1...","ASUS","Intel Core i9 Processor (13th Gen)","16 GB LPDDR5 RAM","512 GB SSD","39.62 cm (15.6 Inch) Display","nan","Windows 11 Operating System","1 Year Onsite Warranty","竄ｹ89,990","竄ｹ1,16,990","23","3.9","47","7","No","https://www.flipkart.com/asus-vivobook-s15-oled-a-part-metal-body-intel-core-i9-13th-gen-13900h-16-gb-512-gb-ssd-windows-11-home-s5504va-ma941ws-thin-light-laptop/p/itm8486d594ff56b","https://rukminim2.flixcart.com/image/312/312/xif0q/computer/k/a/g/-original-imahcd9hxctwyzyr.jpeg?q=70","1166"
"COMGZDQJY7EPFK6B","ASUS Zenbook S 13 OLED 1 cm Thin & 1 kg Light, Intel EVO Intel Core i5 13th Gen 1335U - (16 GB/512 GB ...","ASUS","Intel Core i5 Processor (13th Gen)","16 GB LPDDR5 RAM","512 GB SSD","33.78 cm (13.3 Inch) Display","nan","Windows 11 Operating System","1 Year Onsite Warranty","竄ｹ92,590","竄ｹ1,34,990","31","4.2","27","3","No","https://www.flipkart.com/asus-zenbook-s-13-oled-1-cm-thin-kg-light-intel-evo-core-i5-13th-gen-1335u-16-gb-512-gb-ssd-windows-11-home-ux5304va-nq542ws-light-laptop/p/itm8787daeae3008","https://rukminim2.flixcart.com/image/312/312/xif0q/computer/9/x/0/-original-imagpxgq9mzqcekz.jpeg?q=70","1167"
"COMG87FFPDWUZAKE","ASUS VivoBook K15 OLED AMD Ryzen 5 Hexa Core AMD R5-5500U - (8 GB/1 TB HDD/256 GB SSD/Windows 11 Home)...","ASUS","AMD Ryzen 5 Hexa Core Processor","8 GB DDR4 RAM","1 TB HDD|256 GB SSD","39.62 cm (15.6 inch) Display","nan","64 bit Windows 11 Operating System","1 Year Onsite Warranty","竄ｹ55,450","竄ｹ78,990","29","4.4","2124","235","No","https://www.flipkart.com/asus-vivobook-k15-oled-amd-ryzen-5-hexa-core-r5-5500u-8-gb-1-tb-hdd-256-gb-ssd-windows-11-home-km513ua-l502ws-thin-light-laptop/p/itm8b47f9cf42813","https://rukminim2.flixcart.com/image/312/312/xif0q/computer/f/l/n/-original-imahcd9snmhqnhf2.jpeg?q=70","1170"
"COMG67CGUE5JGEY9","ASUS Intel Core i3 10th Gen 10110U - (4 GB/1 TB HDD/Windows 10 Home) X409FA-BV301T Thin and Light Lapt...","ASUS","Intel Core i3 Processor (10th Gen)","4 GB DDR4 RAM","1 TB HDD","35.56 cm (14 inch) Display","nan","64 bit Windows 10 Operating System","1 Year Onsite Warranty","竄ｹ30,999","竄ｹ42,990","27","3.6","25","5","No","https://www.flipkart.com/asus-intel-core-i3-10th-gen-10110u-4-gb-1-tb-hdd-windows-10-home-x409fa-bv301t-thin-light-laptop/p/itmfe50a4ac03143","https://rukminim2.flixcart.com/image/312/312/kcxpbww0/computer/6/c/n/asus-original-imaftyfe5jygvty8.jpeg?q=70","1171"
"COMGZKHQYZYBCK62","ASUS TUF Gaming F15 - AI Powered Gaming Intel Core i5 11th Gen 11400H - (8 GB/512 GB SSD/Windows 11 Ho...","ASUS","Intel Core i5 Processor (11th Gen)","8 GB DDR4 RAM","512 GB SSD","39.62 cm (15.6 Inch) Display","nan","Windows 11 Operating System","1 Year Onsite Warranty","竄ｹ57,800","竄ｹ75,990","23","4.3","1114","121","No","https://www.flipkart.com/asus-tuf-gaming-f15-ai-powered-intel-core-i5-11th-gen-11400h-8-gb-512-gb-ssd-windows-11-home-4-graphics-nvidia-geforce-rtx-2050-144-hz-70-tgp-fx506hf-hn024w-laptop/p/itma4f834884f6b1","https://rukminim2.flixcart.com/image/312/312/xif0q/computer/h/w/b/-original-imagtzvhxxuhzr4g.jpeg?q=70","1172"
"COMGYSFGZFBUPKEB","ASUS Vivobook 15 Intel Core 5 120U - (16 GB/512 GB SSD/Windows 11 Home) X1504VAP-NJ542WS Thin and Ligh...","ASUS","Intel Core 5 Processor","16 GB DDR4 RAM","512 GB SSD","39.62 cm (15.6 Inch) Display","nan","Windows 11 Operating System","1 Year Onsite warranty","竄ｹ50,990","竄ｹ79,990","36",\N,\N,\N,"Yes","https://www.flipkart.com/asus-vivobook-15-intel-core-5-120u-16-gb-512-gb-ssd-windows-11-home-x1504vap-nj542ws-thin-light-laptop/p/itmfee59c6fc485f","https://rukminim2.flixcart.com/image/312/312/xif0q/computer/q/1/7/x1504va-nj549ws-thin-and-light-laptop-asus-original-imagyz53ezwb232c.jpeg?q=70","1173"
"COMH9SJ9HJCQQ6RH","ASUS Vivobook 14 (2025) with Office 2024 + M365 Basic* Intel Core i3 13th Gen 1315U - (8 GB/512 GB SSD...","ASUS","Intel Core i3 Processor (13th Gen)","8 GB DDR4 RAM","512 GB SSD","35.56 cm (14 inch) Display","nan","Windows 11 Home Operating System","1 Year Onsite Warranty","竄ｹ36,990","竄ｹ51,990","28","4","353","37","No","https://www.flipkart.com/asus-vivobook-14-2025-office-2024-m365-basic-intel-core-i3-13th-gen-1315u-8-gb-512-gb-ssd-windows-11-home-x1404va-nk761ws-thin-light-laptop/p/itm186e70a005d8b","https://rukminim2.flixcart.com/image/312/312/xif0q/computer/o/9/8/-original-imagpxgrmnnwrtzk.jpeg?q=70","1176"
"COMGPFPCQW8GCUF7","ASUS ROG Strix G16 with 90WHr Battery Intel HX-Series Intel Core i7 13th Gen 13650HX - (16 GB/1 TB SSD...","ASUS","Intel Core i7 Processor (13th Gen)","16 GB DDR5 RAM","1 TB SSD","40.64 cm (16 Inch) Display","nan","Windows 11 Operating System","1 Year Onsite Warranty","竄ｹ1,12,900","竄ｹ1,93,134","41","4.5","95","9","No","https://www.flipkart.com/asus-rog-strix-g16-90whr-battery-intel-hx-series-core-i7-13th-gen-13650hx-16-gb-1-tb-ssd-windows-11-home-6-gb-graphics-nvidia-geforce-rtx-4050-165-hz-140-tgp-g614ju-n3200ws-gaming-laptop/p/itm8c3acca540452","https://rukminim2.flixcart.com/image/312/312/xif0q/computer/7/f/i/-original-imahcd9nphvcggve.jpeg?q=70","1180"
"COMGZW3FSJHF2SEU","ASUS TUF Gaming F15, 90WHrs Battery Intel Core i7 13th Gen 13620H - (16 GB/512 GB SSD/Windows 11 Home/...","ASUS","Intel Core i7 Processor (13th Gen)","16 GB DDR5 RAM","512 GB SSD","39.62 cm (15.6 Inch) Display","nan","Windows 11 Operating System","1 Year Onsite warranty","竄ｹ1,09,990","竄ｹ1,31,990","16","4.2","100","8","Yes","https://www.flipkart.com/asus-tuf-gaming-f15-90whrs-battery-intel-core-i7-13th-gen-13620h-16-gb-512-gb-ssd-windows-11-home-8-graphics-nvidia-geforce-rtx-4060-140-w-fx507vv-lp287w-laptop/p/itm20b5b96a4fe61","https://rukminim2.flixcart.com/image/312/312/xif0q/computer/s/k/m/-original-imahcd9zt4z2rm6a.jpeg?q=70","1181"
"COMHYJNTH3ZGSKQR","ASUS Intel Core i5 13th Gen - (16 GB/1 TB SSD/Windows 11 Home/4 GB Graphics) S5504VA-MA553WS Laptop","ASUS","Intel Core i5 Processor (13th Gen)","16 GB LPDDR5 RAM","1 TB SSD","39.62 cm (15.6 inch) Display","nan","Windows 11 Home Operating System","nan","竄ｹ74,990","竄ｹ1,16,999","35",\N,\N,\N,"No","https://www.flipkart.com/asus-intel-core-i5-13th-gen-16-gb-1-tb-ssd-windows-11-home-4-gb-graphics-s5504va-ma553ws-laptop/p/itm10fff3adfbf2d","https://rukminim2.flixcart.com/image/312/312/xif0q/computer/5/0/k/vivobooks15oled-laptop-asus-original-imahyjntqtvszx3x.jpeg?q=70","1182"
"COMHY74JXH3KZRWM","ASUS TUF Gaming F17 - AI Powered Gaming Intel Core i5 11th Gen 11400H - (16 GB/512 GB SSD/Windows 11 H...","ASUS","Intel Core i5 Processor (11th Gen)","16 GB DDR4 RAM","512 GB SSD","43.94 cm (17.3 Inch) Display","nan","Windows 11 Operating System","1 Year Onsite Warranty","竄ｹ50,990","竄ｹ85,990","40","4.3","7576","593","Yes","https://www.flipkart.com/asus-tuf-gaming-f17-ai-powered-intel-core-i5-11th-gen-11400h-16-gb-512-gb-ssd-windows-11-home-4-graphics-nvidia-geforce-rtx-2050-70-w-fx706hf-ny040w-laptop/p/itm5b135cad5c8a9","https://rukminim2.flixcart.com/image/312/312/xif0q/computer/3/k/l/-original-imahcd9rrg75ywww.jpeg?q=70","1183"
"COMH2Z6ZDGHD6ZXW","ASUS TUF A15 AMD Ryzen 5 Hexa Core 7535HS - (16 GB/512 GB SSD/Windows 11 Home/4 GB Graphics/NVIDIA GeF...","ASUS","AMD Ryzen 5 Hexa Core Processor","16 GB DDR5 RAM","512 GB SSD","39.62 cm (15.6 inch) Display","nan","64 bit Windows 11 Home Operating System","1 Year Onsite Warranty","竄ｹ75,999","竄ｹ81,990","7","4.6","16","0","No","https://www.flipkart.com/asus-tuf-a15-amd-ryzen-5-hexa-core-7535hs-16-gb-512-gb-ssd-windows-11-home-4-graphics-nvidia-geforce-rtx-3050-144-hz-fa566nc-hn083ws-gaming-laptop/p/itma4f834884f6b1","https://rukminim2.flixcart.com/image/312/312/xif0q/computer/6/b/4/fa566nc-hn083ws-gaming-laptop-asus-original-imah3jarnncktcrf.jpeg?q=70","1186"
"COMGZHZ7Z6PKFY5G","ASUS AMD Ryzen 5 Quad Core - (16 GB/512 GB SSD/Windows 11 Home) E1404FA-NK542WS Laptop","ASUS","AMD Ryzen 5 Quad Core Processor","16 GB DDR4 RAM","512 GB SSD","35.56 cm (14 inch) Display","nan","Windows 11 Operating System","1 Year Warranty","竄ｹ42,990","竄ｹ70,990","39",\N,\N,\N,"No","https://www.flipkart.com/asus-amd-ryzen-5-quad-core-16-gb-512-gb-ssd-windows-11-home-e1404fa-nk542ws-laptop/p/itmfee59c6fc485f","https://rukminim2.flixcart.com/image/312/312/xif0q/computer/e/l/v/asus-vivobook-go-14-laptop-asus-original-imagzhz7svbybyxr.jpeg?q=70","1190"
"COMGYSFG237NAWSQ","ASUS Zenbook Duo OLED AI PC, Full Metal Body, Intel Core Ultra 9 185H - (32 GB/1 TB SSD/Windows 11 Hom...","ASUS","Intel Core Ultra 9 Processor","32 GB LPDDR5X RAM","1 TB SSD","35.56 cm (14 Inch) Touchscreen Display","nan","Windows 11 Operating System","1 Year Onsite warranty","竄ｹ2,19,990","竄ｹ2,66,990","17","4.3","4","0","No","https://www.flipkart.com/asus-zenbook-duo-oled-ai-pc-full-metal-body-intel-core-ultra-9-185h-32-gb-1-tb-ssd-windows-11-home-ux8406ma-ql961ws-dual-screen-laptop/p/itm604adf73d3817","https://rukminim2.flixcart.com/image/312/312/xif0q/computer/k/d/x/-original-imahcd9mm4vmhzuk.jpeg?q=70","1191"
"COMH89EBZSTVX3EU","ASUS Vivobook 16 (2025) with Office 2024 + M365 Basic, AI PC Intel Core Ultra 5 - (16 GB/512 GB SSD/Wi...","ASUS","Intel Core Ultra 5 Processor","16 GB DDR5 RAM","512 GB SSD","40.64 cm (16 Inch) Display","nan","Windows 11 Home Operating System","1 Year Onsite warranty","竄ｹ75,990","竄ｹ92,990","18","4.7","3","0","Yes","https://www.flipkart.com/asus-vivobook-16-2025-office-2024-m365-basic-ai-pc-intel-core-ultra-5-16-gb-512-gb-ssd-windows-11-home-x1607ca-mb139ws-laptop/p/itm2c73093a3141d","https://rukminim2.flixcart.com/image/312/312/xif0q/computer/l/t/h/-original-imah9d7pgrdmv858.jpeg?q=70","1192"
"COMGMGXFDVGHQJA7","ASUS Vivobook Go 15 AMD Ryzen 5 Quad Core 7520U - (16 GB/512 GB SSD/Windows 11 Home) E1504FA-NJ542WS T...","ASUS","AMD Ryzen 5 Quad Core Processor","16 GB LPDDR5 RAM","512 GB SSD","39.62 cm (15.6 Inch) Display","nan","Windows 11 Operating System","1 Year Onsite Warranty","竄ｹ48,199","竄ｹ52,500","8","3","4","2","No","https://www.flipkart.com/asus-vivobook-go-15-amd-ryzen-5-quad-core-7520u-16-gb-512-gb-ssd-windows-11-home-e1504fa-nj542ws-thin-light-laptop/p/itm968db504ada5b","https://rukminim2.flixcart.com/image/312/312/xif0q/computer/i/u/p/-original-imagpxgrxrqsmdqz.jpeg?q=70","1197"
"COMGRYSZM4GZZH4S","ASUS Vivobook Go 15 OLED, Equivalent to Intel 12th Gen, Intel Core i3 N305 - (8 GB/512 GB SSD/Windows ...","ASUS","Intel Core i3 Processor","8 GB DDR4 RAM","512 GB SSD","39.62 cm (15.6 inch) Display","nan","Windows 11 Operating System","1 Year Warranty","竄ｹ38,990","竄ｹ61,990","37","4.4","16","3","Yes","https://www.flipkart.com/asus-vivobook-go-15-oled-equivalent-intel-12th-gen-core-i3-n305-8-gb-512-gb-ssd-windows-11-home-e1504ga-lk321ws-thin-light-laptop/p/itm7d5ecc7fff762","https://rukminim2.flixcart.com/image/312/312/xif0q/computer/o/i/q/-original-imah5eyksjzt58kg.jpeg?q=70","1201"
"COMGSV58NSJBF6JK","ASUS Vivobook Go 14 Intel Celeron Dual Core N4500 - (8 GB/256 GB SSD/Windows 11 Home) E410KA-EK013W Th...","ASUS","Intel Celeron Dual Core Processor","8 GB DDR4 RAM","256 GB SSD","35.56 cm (14 inch) Display","nan","Windows 11 Operating System","1 Year Onsite Warranty","竄ｹ23,590","竄ｹ37,254","36","4","1217","81","No","https://www.flipkart.com/asus-vivobook-go-14-intel-celeron-dual-core-n4500-8-gb-256-gb-ssd-windows-11-home-e410ka-ek013w-thin-light-laptop/p/itmae536e3b5063e","https://rukminim2.flixcart.com/image/312/312/xif0q/computer/t/w/i/-original-imagtvq2bmuazhsq.jpeg?q=70","1203"
"COMH2XBQQGJ6FWP3","ASUS TUF Gaming A14 (2024) - AI PC, AMD Ryzen AI 9 12 Core HX 370 - (32 GB/2 TB SSD/Windows 11 Home/8 ...","ASUS","AMD Ryzen AI 9 12 Core Processor","32 GB LPDDR5X RAM","2 TB SSD","35.56 cm (14 Inch) Display","nan","Windows 11 Operating System","1 Year Onsite Warranty","竄ｹ1,69,990","竄ｹ2,03,990","16","5","10","3","Yes","https://www.flipkart.com/asus-tuf-gaming-a14-2024-ai-pc-amd-ryzen-9-12-core-hx-370-32-gb-2-tb-ssd-windows-11-home-8-gb-graphics-nvidia-geforce-rtx-4060-165-hz-100-w-fa401wv-rg037ws-laptop/p/itm3dcdb2ecfd6bc","https://rukminim2.flixcart.com/image/312/312/xif0q/computer/7/0/m/-original-imahcd9hyduzz5ee.jpeg?q=70","1206"
"COMH9499ZYZWHXB5","ASUS ROG Strix G16 Intel Core i7 13th Gen 13650HX - (16 GB/1 TB SSD/Windows 11 Home/8 GB Graphics/NVID...","ASUS","Intel Core i7 Processor (13th Gen)","16 GB DDR5 RAM","1 TB SSD","40.64 cm (16 inch) Display","nan","Windows 11 Home Operating System","1 Year Onsite Warranty","竄ｹ1,40,990","竄ｹ1,68,990","16",\N,\N,\N,"No","https://www.flipkart.com/asus-rog-strix-g16-intel-core-i7-13th-gen-13650hx-16-gb-1-tb-ssd-windows-11-home-8-gb-graphics-nvidia-geforce-rtx-4060-165-hz-g614jv-n4474ws-gaming-laptop/p/itm4b737ebd3217a","https://rukminim2.flixcart.com/image/312/312/xif0q/computer/o/g/y/-original-imahcd9djjbr5xzs.jpeg?q=70","1207"
"COMH9499JYFM7TZN","ASUS ROG Zephyrus G16 AI PC Intel Core Ultra 7 155H - (16 GB/1 TB SSD/Windows 11 Home/8 GB Graphics/NV...","ASUS","Intel Core Ultra 7 Processor","16 GB LPDDR5X RAM","1 TB SSD","40.64 cm (16 inch) Display","nan","Windows 11 Home Operating System","1 Year Onsite Warranty","竄ｹ1,74,990","竄ｹ2,21,990","21",\N,\N,\N,"Yes","https://www.flipkart.com/asus-rog-zephyrus-g16-ai-pc-intel-core-ultra-7-155h-16-gb-1-tb-ssd-windows-11-home-8-gb-graphics-nvidia-geforce-rtx-4060-240-hz-gu605mv-co4711ws-gaming-laptop/p/itmd4dbadae0d71c","https://rukminim2.flixcart.com/image/312/312/xif0q/computer/b/h/o/-original-imahcd9k8ej3znxm.jpeg?q=70","1210"
"COMH3BGBEZJUMEXM","ASUS TUF Gaming F15 with 90Whr Battery Intel Core i7 12th Gen 12700H - (16 GB/1 TB SSD/Windows 11 Home...","ASUS","Intel Core i7 Processor (12th Gen)","16 GB DDR4 RAM","1 TB SSD","39.62 cm (15.6 Inch) Display","nan","Windows 11 Operating System","1 Year Onsite Warranty","竄ｹ93,990","竄ｹ1,10,000","14","4.4","41","4","No","https://www.flipkart.com/asus-tuf-gaming-f15-90whr-battery-intel-core-i7-12th-gen-12700h-16-gb-1-tb-ssd-windows-11-home-4-gb-graphics-nvidia-geforce-rtx-3050-144-hz-95-w-fx577zc-hn192ws-laptop/p/itmf0fbfc79e4f61","https://rukminim2.flixcart.com/image/312/312/xif0q/computer/l/7/j/-original-imahcd9hpymux5a3.jpeg?q=70","1211"
"COMHYYZNKMEMXHD3","ASUS Vivobook S 15 OLED Powered, Intel EVO H Series, AI PC Intel Core Ultra 7 155H - (16 GB/1 TB SSD/W...","ASUS","Intel Core Ultra 7 Processor","16 GB LPDDR5X RAM","1 TB SSD","39.62 cm (15.6 Inch) Display","nan","Windows 11 Operating System","1 Year Onsite Warranty","竄ｹ96,990","竄ｹ1,22,990","21","4.2","76","8","No","https://www.flipkart.com/asus-vivobook-s-15-oled-powered-intel-evo-h-series-ai-pc-core-ultra-7-155h-16-gb-1-tb-ssd-windows-11-home-s5506ma-ma752ws-thin-light-laptop/p/itmd459f255adcc2","https://rukminim2.flixcart.com/image/312/312/xif0q/computer/e/s/b/-original-imahcd9zhf6ayshy.jpeg?q=70","1212"
"COMH7NDZEXVHVHQH","ASUS Zenbook AI PC Intel Core Ultra 5 125H - (16 GB/1 TB SSD/Windows 11 Home) UX3405MA-PP555WS Noteboo...","ASUS","Intel Core Ultra 5 Processor","16 GB LPDDR5X RAM","1 TB SSD","35.56 cm (14 inch) Display","nan","Windows 11 Home Operating System","1 Year Onsite Warranty","竄ｹ88,590","竄ｹ1,29,990","31","4.2","28","1","No","https://www.flipkart.com/asus-zenbook-ai-pc-intel-core-ultra-5-125h-16-gb-1-tb-ssd-windows-11-home-ux3405ma-pp555ws-notebook/p/itme558649a56b23","https://rukminim2.flixcart.com/image/312/312/xif0q/computer/z/o/i/-original-imahcd9ngdmdwqfg.jpeg?q=70","1213"
"COMHYYZNAEHZFG8D","ASUS Vivobook S15 OLED Powered, Intel EVO H Series, AI PC, Full Metal Body, Intel Core Ultra 9 185H - ...","ASUS","Intel Core Ultra 9 Processor","16 GB LPDDR5X RAM","1 TB SSD","39.62 cm (15.6 Inch) Display","nan","Windows 11 Operating System","1 Year Onsite Warranty","竄ｹ1,19,990","竄ｹ1,52,990","21","4.4","9","2","Yes","https://www.flipkart.com/asus-vivobook-s15-oled-powered-intel-evo-h-series-ai-pc-full-metal-body-core-ultra-9-185h-16-gb-1-tb-ssd-windows-11-home-s5506ma-ma951ws-thin-light-laptop/p/itm57d89844cfd5c","https://rukminim2.flixcart.com/image/312/312/xif0q/computer/q/r/i/-original-imahcd9mfeq3tjrg.jpeg?q=70","1217"
"COMG49CZ8SVW7TWD","ASUS Chromebook Touch Intel Celeron Dual Core N3350 - (4 GB/64 GB EMMC Storage/Chrome OS) C523NA-A2030...","ASUS","Intel Celeron Dual Core Processor","4 GB LPDDR4 RAM","nan","39.62 cm (15.6 inch) Touchscreen Display","nan","Chrome Operating System","1 Year Onsite Warranty","竄ｹ26,550","竄ｹ30,990","14","3.8","2255","309","No","https://www.flipkart.com/asus-chromebook-touch-intel-celeron-dual-core-n3350-4-gb-64-gb-emmc-storage-chrome-os-c523na-a20303/p/itm06217db382c2b","https://rukminim2.flixcart.com/image/312/312/xif0q/computer/q/s/5/na-chromebook-laptop-asus-original-imah499s7w9yahjy.jpeg?q=70","1221"
"COMHCQ5EQPZDYZVV","ASUS Vivobook S14 (2025) with Office 2024 + M365 Basic*, Metallic Design, AI PC Intel Core Ultra 7 255...","ASUS","Intel Core Ultra 7 Processor","16 GB DDR5 RAM","512 GB SSD","35.56 cm (14 inch) Display","nan","Windows 11 Home Operating System","1 Year Onsite Warranty","竄ｹ90,990","竄ｹ1,10,990","18",\N,\N,\N,"Yes","https://www.flipkart.com/asus-vivobook-s14-2025-office-2024-m365-basic-metallic-design-ai-pc-intel-core-ultra-7-255h-16-gb-512-gb-ssd-windows-11-home-s3407ca-ly084ws-thin-light-laptop/p/itm02e44e5cf3476","https://rukminim2.flixcart.com/image/312/312/xif0q/computer/8/d/j/-original-imahd6ysxprnsdus.jpeg?q=70","1222"
"COMH9SJ9R2XPUEKZ","ASUS Vivobook S14 (2025) with Office 2024 + M365 Basic*, Metallic Design, Copilot+ PC Qualcomm Snapdra...","ASUS","Qualcomm Snapdragon X Processor","16 GB LPDDR5X RAM","512 GB SSD","35.56 cm (14 inch) Display","nan","Windows 11 Home Operating System","1 Year Onsite Warranty","竄ｹ74,990","竄ｹ92,990","19",\N,\N,\N,"Yes","https://www.flipkart.com/asus-vivobook-s14-2025-office-2024-m365-basic-metallic-design-copilot-pc-qualcomm-snapdragon-x-16-gb-512-gb-ssd-windows-11-home-s3407qa-kp027ws-thin-light-laptop/p/itmafafdebe9e0fe","https://rukminim2.flixcart.com/image/312/312/xif0q/computer/6/e/j/-original-imahd6yszmkqtgwh.jpeg?q=70","1223"
"COMHCQ5ERBQSFJY3","ASUS Vivobook S14 (2025) with Office 2024 + M365 Basic*, Metallic Design, AI PC Intel Core Ultra 7 255...","ASUS","Intel Core Ultra 7 Processor","16 GB DDR5 RAM","512 GB SSD","35.56 cm (14 inch) Display","nan","Windows 11 Home Operating System","1 Year Onsite Warranty","竄ｹ90,990","竄ｹ1,10,990","18",\N,\N,\N,"Yes","https://www.flipkart.com/asus-vivobook-s14-2025-office-2024-m365-basic-metallic-design-ai-pc-intel-core-ultra-7-255h-16-gb-512-gb-ssd-windows-11-home-s3407ca-ly083ws-thin-light-laptop/p/itm52b33faa17e6b","https://rukminim2.flixcart.com/image/312/312/xif0q/computer/w/2/p/-original-imahd6ysaktzgtgh.jpeg?q=70","1225"
"COMHCQ5EDGSYSZRC","ASUS ASUS Vivobook 14 (2025) with Office 2024 + M365 Basic*, Intel Core i5 13th Gen 1335U - (8 GB/512 ...","ASUS","Intel Core i5 Processor (13th Gen)","8 GB DDR4 RAM","512 GB SSD","35.56 cm (14 inch) Display","nan","Windows 11 Home Operating System","1 Year Onsite Warranty","竄ｹ49,990","竄ｹ61,990","19",\N,\N,\N,"No","https://www.flipkart.com/asus-vivobook-14-2025-office-2024-m365-basic-intel-core-i5-13th-gen-1335u-8-gb-512-gb-ssd-windows-11-home-x1404va-nk762ws-thin-light-laptop/p/itm4597bcd10c4c4","https://rukminim2.flixcart.com/image/312/312/xif0q/computer/2/t/e/x1407ca-ly102ws-thin-and-light-laptop-asus-original-imah89qezhgetgqp.jpeg?q=70","1227"
"COMH9SJ9VPQXUK6T","ASUS Vivobook S14 (2025) with Office 2024 + M365 Basic*, Metallic Design, Copilot+ PC Qualcomm Snapdra...","ASUS","Qualcomm Snapdragon X Processor","16 GB LPDDR5X RAM","512 GB SSD","35.56 cm (14 inch) Display","nan","Windows 11 Home Operating System","1 Year Onsite Warranty","竄ｹ74,990","竄ｹ92,990","19",\N,\N,\N,"Yes","https://www.flipkart.com/asus-vivobook-s14-2025-office-2024-m365-basic-metallic-design-copilot-pc-qualcomm-snapdragon-x-16-gb-512-gb-ssd-windows-11-home-s3407qa-kp020ws-thin-light-laptop/p/itm4be832c0c07b8","https://rukminim2.flixcart.com/image/312/312/xif0q/computer/f/x/o/-original-imahd6ysgptzgmhw.jpeg?q=70","1230"
"COMHCQ4K7VASTYHG","ASUS TUF Gaming A16 (2025) with Office 2024 + M365 Basic* AMD Ryzen 9 16 Core 8940HX - (16 GB/1 TB SSD...","ASUS","AMD Ryzen 9 16 Core Processor","16 GB DDR5 RAM","1 TB SSD","40.64 cm (16 inch) Display","nan","Windows 11 Home Operating System","1 Year Onsite Warranty","竄ｹ1,69,990","竄ｹ2,03,990","16",\N,\N,\N,"No","https://www.flipkart.com/asus-tuf-gaming-a16-2025-office-2024-m365-basic-amd-ryzen-9-16-core-8940hx-16-gb-1-tb-ssd-windows-11-home-8-gb-graphics-nvidia-geforce-rtx-5070-165-hz-fa608pp-qt014ws-laptop/p/itm6438f9a1e531a","https://rukminim2.flixcart.com/image/312/312/xif0q/computer/a/s/v/-original-imahcz6cesdtxa3q.jpeg?q=70","1232"
"COMH3BKW4YSBUZ5G","ASUS Vivobook 15 Intel Core i3 12th Gen 1215U - (16 GB/512 GB SSD/Windows 11 Home) X1504ZA-NJ341WS Thi...","ASUS","Intel Core i3 Processor (12th Gen)","16 GB DDR4 RAM","512 GB SSD","39.62 cm (15.6 Inch) Display","nan","Windows 11 Home Operating System","1 Year Onsite Warranty","竄ｹ39,600","竄ｹ54,990","27","4.3","6527","485","No","https://www.flipkart.com/asus-vivobook-15-intel-core-i3-12th-gen-1215u-16-gb-512-gb-ssd-windows-11-home-x1504za-nj341ws-thin-light-laptop/p/itmbe5bbf6a5168b","https://rukminim2.flixcart.com/image/312/312/xif0q/computer/k/e/6/-original-imahcd99hmhfghys.jpeg?q=70","1236"
"COMGT2YA23BHZNJH","ASUS Vivobook S15 OLED Intel EVO H Series Intel Core i7 12th Gen 12700H - (16 GB/512 GB SSD/Windows 11...","ASUS","Intel Core i7 Processor (12th Gen)","16 GB DDR4 RAM","512 GB SSD","39.62 cm (15.6 inch) Display","nan","Windows 11 Operating System","1 Year Onsite Warranty","竄ｹ78,990","竄ｹ1,16,990","32","4.1","183","14","No","https://www.flipkart.com/asus-vivobook-s15-oled-intel-evo-h-series-core-i7-12th-gen-12700h-16-gb-512-gb-ssd-windows-11-home-k3502za-l702ws-thin-light-laptop/p/itm9b5216677b9d8","https://rukminim2.flixcart.com/image/312/312/xif0q/computer/v/z/l/-original-imahcd9m9wxnt82b.jpeg?q=70","1237"
"COMHCQ4K6VFCWQ2B","ASUS TUF Gaming F16 (2025) with Office 2024 + M365 Basic* Intel Core i7 14th Gen 14650HX - (32 GB/1 TB...","ASUS","Intel Core i7 Processor (14th Gen)","32 GB DDR5 RAM","1 TB SSD","40.64 cm (16 inch) Display","nan","Windows 11 Home Operating System","1 Year Onsite Warranty","竄ｹ1,79,990","竄ｹ2,15,990","16",\N,\N,\N,"No","https://www.flipkart.com/asus-tuf-gaming-f16-2025-office-2024-m365-basic-intel-core-i7-14th-gen-14650hx-32-gb-1-tb-ssd-windows-11-home-8-gb-graphics-nvidia-geforce-rtx-5070-165-hz-fx688jpr-qt043ws-laptop/p/itm8c23f3b4e57ad","https://rukminim2.flixcart.com/image/312/312/xif0q/computer/t/k/c/-original-imahcz6cwtkcvarr.jpeg?q=70","1240"
"COMH4B5P3BHFFHC8","ASUS TUF Gaming A15 AMD Ryzen 9 Octa Core 8945H - (16 GB/1 TB SSD/Windows 11 Home/8 GB Graphics/NVIDIA...","ASUS","AMD Ryzen 9 Octa Core Processor","16 GB DDR5 RAM","1 TB SSD","39.62 cm (15.6 Inch) Display","nan","Windows 11 Operating System","1 Year Onsite Warranty","竄ｹ1,24,990","竄ｹ1,61,990","22","5","4","0","Yes","https://www.flipkart.com/asus-tuf-gaming-a15-amd-ryzen-9-octa-core-8945h-16-gb-1-tb-ssd-windows-11-home-8-gb-graphics-nvidia-geforce-rtx-4060-fa507uv-lp137ws-laptop/p/itmc24095b76dd1c","https://rukminim2.flixcart.com/image/312/312/xif0q/computer/t/r/q/-original-imahcd9nrgzpynhy.jpeg?q=70","1241"
"COMHCQ5EZAQGEEZU","ASUS ASUS Vivobook 14 (2025) with Office 2024 + M365 Basic*, Intel Core i5 13th Gen 1335U - (16 GB/512...","ASUS","Intel Core i5 Processor (13th Gen)","16 GB DDR4 RAM","512 GB SSD","35.56 cm (14 inch) Display","nan","Windows 11 Home Operating System","1 Year Onsite Warranty","竄ｹ50,990","竄ｹ68,990","26",\N,\N,\N,"Yes","https://www.flipkart.com/asus-vivobook-14-2025-office-2024-m365-basic-intel-core-i5-13th-gen-1335u-16-gb-512-gb-ssd-windows-11-home-x1404va-nk1186ws-thin-light-laptop/p/itmf351a162d18a2","https://rukminim2.flixcart.com/image/312/312/xif0q/computer/2/t/e/x1407ca-ly102ws-thin-and-light-laptop-asus-original-imah89qezhgetgqp.jpeg?q=70","1242"
"COMHA9EC5T2GSJHP","ASUS TUF Gaming A15 (2025) AMD Ryzen 7 Octa Core 7435HS - (16 GB/512 GB SSD/Windows 11 Home/4 GB Graph...","ASUS","AMD Ryzen 7 Octa Core Processor","16 GB DDR5 RAM","512 GB SSD","39.62 cm (15.6 Inch) Display","nan","Windows 11 Home Operating System","1 Year Onsite Warranty","竄ｹ67,746","竄ｹ83,990","19","4.8","5","0","Yes","https://www.flipkart.com/asus-tuf-gaming-a15-2025-amd-ryzen-7-octa-core-7435hs-16-gb-512-gb-ssd-windows-11-home-4-graphics-nvidia-geforce-rtx-3050-144-hz-fa506ncr-hn054w-laptop/p/itm37a0fb320bef3","https://rukminim2.flixcart.com/image/312/312/xif0q/computer/z/4/i/fx506hf-hn077ws-gaming-laptop-asus-original-imahyjegpemzbqeg.jpeg?q=70","1243"
"COMH89EB74JSYNNZ","ASUS Zenbook 14 OLED (2025) with Office 2024 + M365 Basic*, AI PC, Full Metal Body, Intel Core Ultra 9...","ASUS","Intel Core Ultra 9 Processor","32 GB LPDDR5X RAM","1 TB SSD","35.56 cm (14 Inch) Touchscreen Display","nan","Windows 11 Home Operating System","1 Year Onsite warranty","竄ｹ1,42,990","竄ｹ1,70,990","16",\N,\N,\N,"Yes","https://www.flipkart.com/asus-zenbook-14-oled-2025-office-2024-m365-basic-ai-pc-full-metal-body-intel-core-ultra-9-285h-32-gb-1-tb-ssd-windows-11-home-ux3405ca-pz164ws-thin-light-laptop/p/itm7311c4cdec563","https://rukminim2.flixcart.com/image/312/312/xif0q/computer/t/v/p/-original-imahcd9def5699qn.jpeg?q=70","1247"
"COMHBGQ4G4HKNEX9","ASUS ROG Flow Z13 (2025) with Office 2024 + M365 Basic* AMD Ryzen AI Max 390 - (32 GB/1 TB SSD/Windows...","ASUS","AMD Ryzen AI Max Processor","32 GB LPDDR5X RAM","1 TB SSD","34.04 cm (13.4 inch) Touchscreen Display","nan","Windows 11 Home Operating System","1 Year Onsite Warranty","竄ｹ1,99,990","竄ｹ2,39,990","16",\N,\N,\N,"No","https://www.flipkart.com/asus-rog-flow-z13-2025-office-2024-m365-basic-amd-ryzen-ai-max-390-32-gb-1-tb-ssd-windows-11-home-amd-radeon-radeon-180-hz-gz302ea-ru420ws-2-1-gaming-laptop/p/itmb40894a50a930","https://rukminim2.flixcart.com/image/312/312/xif0q/computer/q/d/j/-original-imahcymxhahu4g9n.jpeg?q=70","1251"
"COMHCQ4KNHF9Q8AY","ASUS ROG Zephyrus G14 (2025) with Office 2024 + M365 Basic* AMD Ryzen 9 Octa Core 270 - (16 GB/1 TB SS...","ASUS","AMD Ryzen 9 Octa Core Processor","16 GB LPDDR5X RAM","1 TB SSD","35.56 cm (14 inch) Display","nan","Windows 11 Home Operating System","1 Year Onsite Warranty","竄ｹ1,84,990","竄ｹ2,21,990","16",\N,\N,\N,"No","https://www.flipkart.com/asus-rog-zephyrus-g14-2025-office-2024-m365-basic-amd-ryzen-9-octa-core-270-16-gb-1-tb-ssd-windows-11-home-8-gb-graphics-nvidia-geforce-rtx-5060-120-hz-ga403um-qs007ws-gaming-laptop/p/itmc27e5f0f69f3c","https://rukminim2.flixcart.com/image/312/312/xif0q/computer/u/z/h/-original-imahbrwgxvuqgpee.jpeg?q=70","1252"
"COMH3J9Y3HMZ8GUA","ASUS Zenbook S14 OLED (2024) Next-Gen AI PC, with Touchscreen,, Full Metal Body, Intel Core Ultra 7 - ...","ASUS","Intel Core Ultra 7 Processor","32 GB LPDDR5X RAM","1 TB SSD","35.56 cm (14 Inch) Touchscreen Display","nan","Windows 11 Operating System","1 Year Onsite Warranty","竄ｹ1,49,990","竄ｹ1,82,990","18","4.5","8","0","Yes","https://www.flipkart.com/asus-zenbook-s14-oled-2024-next-gen-ai-pc-touchscreen-full-metal-body-intel-core-ultra-7-32-gb-1-tb-ssd-windows-11-home-ux5406sa-pz7762ws-ux5406sa-pz358ws-thin-light-laptop/p/itm7c5d42e3f0368","https://rukminim2.flixcart.com/image/312/312/xif0q/computer/m/r/h/-original-imahcd9nfappbvzm.jpeg?q=70","1253"
"COMGCG2GXUAAMYJF","ASUS Vivobook S14 OLED Intel EVO H-Series Intel Core i5 12th Gen 12500H - (16 GB/512 GB SSD/Windows 11...","ASUS","Intel Core i5 Processor (12th Gen)","16 GB DDR4 RAM","512 GB SSD","35.56 cm (14 Inch) Display","nan","64 bit Windows 11 Operating System","1 Year Onsite Warranty","竄ｹ69,990","竄ｹ98,990","29","4.4","4684","446","Yes","https://www.flipkart.com/asus-vivobook-s14-oled-intel-evo-h-series-core-i5-12th-gen-12500h-16-gb-512-gb-ssd-windows-11-home-s3402za-km501ws-thin-light-laptop/p/itm635eb6df61d1c","https://rukminim2.flixcart.com/image/312/312/xif0q/computer/x/y/g/-original-imahcd9jpfu22utk.jpeg?q=70","1256"
"COMGPNG4BGTY6ETU","ASUS Vivobook 14 Intel Core i3 11th Gen 1115G4 - (8 GB/512 GB SSD/Windows 11 Home) X1400EA-EK322WS Thi...","ASUS","Intel Core i3 Processor (11th Gen)","8 GB DDR4 RAM","512 GB SSD","35.56 cm (14 Inch) Display","nan","Windows 11 Operating System","1 Year Onsite Warranty","竄ｹ28,990","竄ｹ49,990","42","4.3","74","5","No","https://www.flipkart.com/asus-vivobook-14-intel-core-i3-11th-gen-1115g4-8-gb-512-gb-ssd-windows-11-home-x1400ea-ek322ws-thin-light-laptop/p/itm2b887b54cc2bf","https://rukminim2.flixcart.com/image/312/312/xif0q/computer/a/g/j/-original-imags36gxhduzskg.jpeg?q=70","1257"
"COMGCG2GXGJGEYUW","ASUS Vivobook S14 OLED Intel EVO H-Series Intel Core i5 12th Gen 12500H - (16 GB/512 GB SSD/Windows 11...","ASUS","Intel Core i5 Processor (12th Gen)","16 GB DDR4 RAM","512 GB SSD","35.56 cm (14 Inch) Display","nan","64 bit Windows 11 Operating System","1 Year Onsite Warranty","竄ｹ66,990","竄ｹ97,887","31","4.4","4684","446","No","https://www.flipkart.com/asus-vivobook-s14-oled-intel-evo-h-series-core-i5-12th-gen-12500h-16-gb-512-gb-ssd-windows-11-home-s3402za-km502ws-thin-light-laptop/p/itm635eb6df61d1c","https://rukminim2.flixcart.com/image/312/312/xif0q/computer/9/t/2/-original-imahcd9nyj6zygfy.jpeg?q=70","1260"
"COMH89EBBZAJBHD4","ASUS Zenbook 14 OLED (2025) with Office 2024 + M365 Basic*, AI PC, Full Metal Body, Intel Core Ultra 7...","ASUS","Intel Core Ultra 7 Processor","32 GB LPDDR5X RAM","1 TB SSD","35.56 cm (14 Inch) Touchscreen Display","nan","Windows 11 Home Operating System","1 Year Onsite warranty","竄ｹ1,27,990","竄ｹ1,58,990","19","3.3","3","0","No","https://www.flipkart.com/asus-zenbook-14-oled-2025-office-2024-m365-basic-ai-pc-full-metal-body-intel-core-ultra-7-255h-32-gb-1-tb-ssd-windows-11-home-ux3405ca-pz163ws-thin-light-laptop/p/itm7311c4cdec563","https://rukminim2.flixcart.com/image/312/312/xif0q/computer/x/v/v/-original-imahcd9p8vzvnaxp.jpeg?q=70","1261"
"COMGP3FG5QAZPHKF","ASUS X1500EA-EJ3379WS Intel Core i3 11th Gen - (8 GB/512 GB SSD/Windows 11 Home) X1500EA-EJ3379WS Thin...","ASUS","Intel Core i3 Processor (11th Gen)","8 GB DDR4 RAM","512 GB SSD","39.62 cm (15.6 inch) Display","nan","Windows 11 Operating System","1 Year International Warranty","竄ｹ33,390","竄ｹ51,990","35","4","57","3","No","https://www.flipkart.com/asus-x1500ea-ej3379ws-intel-core-i3-11th-gen-8-gb-512-gb-ssd-windows-11-home-thin-light-laptop/p/itm2b887b54cc2bf","https://rukminim2.flixcart.com/image/312/312/xif0q/computer/f/q/3/vivobook-15-laptop-asus-original-imagp3fg3vwyufjt.jpeg?q=70","1262"
"COMGZDQJAEKZ8RA2","ASUS Vivobook 15X Intel Core i5 13th Gen 1315U - (16 GB/512 GB SSD/Windows 11 Home) K3504VAB-NJ542WS T...","ASUS","Intel Core i5 Processor (13th Gen)","16 GB DDR4 RAM","512 GB SSD","39.62 cm (15.6 Inch) Display","nan","Windows 11 Operating System","1 Year Onsite Warranty","竄ｹ58,400","竄ｹ81,999","28","4.1","214","13","No","https://www.flipkart.com/asus-vivobook-15x-intel-core-i5-13th-gen-1315u-16-gb-512-gb-ssd-windows-11-home-k3504vab-nj542ws-thin-light-laptop/p/itm1380a9c9a7ba8","https://rukminim2.flixcart.com/image/312/312/xif0q/computer/l/m/p/-original-imagqkqmgqhhrmac.jpeg?q=70","1263"
"COMGZW3F57BZCGQC","ASUS TUF Gaming A15 AMD Ryzen 9 Octa Core 8945H - (16 GB/1 TB SSD/Windows 11 Home/8 GB Graphics/NVIDIA...","ASUS","AMD Ryzen 9 Octa Core Processor","16 GB DDR5 RAM","1 TB SSD","39.62 cm (15.6 Inch) Display","nan","Windows 11 Operating System","1 Year Onsite warranty","竄ｹ1,37,990","竄ｹ1,71,990","19","5","12","1","No","https://www.flipkart.com/asus-tuf-gaming-a15-amd-ryzen-9-octa-core-8945h-16-gb-1-tb-ssd-windows-11-home-8-gb-graphics-nvidia-geforce-rtx-4070-fa507ui-lp066ws-laptop/p/itmc24095b76dd1c","https://rukminim2.flixcart.com/image/312/312/xif0q/computer/l/6/h/-original-imahcd9nydhqqqgg.jpeg?q=70","1267"
"COMH9499ZVZTWRCH","ASUS Zenbook A14 OLED (2025), Copilot+PC, MSO 2024 + M365 Basic, AI PC, Metal Body, Qualcomm Snapdrago...","ASUS","Qualcomm Snapdragon X Processor","16 GB LPDDR5X RAM","512 GB SSD","35.56 cm (14 Inch) Display","nan","Windows 11 Home Operating System","1 Year Onsite Warranty","竄ｹ90,990","竄ｹ1,22,990","26","3.7","7","0","No","https://www.flipkart.com/asus-zenbook-a14-oled-2025-copilot-pc-mso-2024-m365-basic-ai-pc-metal-body-qualcomm-snapdragon-x-16-gb-512-gb-ssd-windows-11-home-ux3407qa-qd259ws-thin-light-laptop/p/itm7d82cad4d12b8","https://rukminim2.flixcart.com/image/312/312/xif0q/computer/u/r/b/-original-imahcd9dbbtqgzgt.jpeg?q=70","1270"
"COMGT52ATFAZYPMC","ASUS Intel Ryzen 7 Octa Core 6th Gen - (16 GB/1 TB SSD/Windows 11 Home/8 GB Graphics/AMD Radeon ?AMD R...","ASUS","Intel Ryzen 7 Octa Core Processor (6th Gen)","16 GB DDR5 RAM","1 TB SSD","35.56 cm (14 inch) Display","nan","Windows 11 Operating System","nan","竄ｹ1,10,990","竄ｹ1,82,990","39",\N,\N,\N,"No","https://www.flipkart.com/asus-intel-ryzen-7-octa-core-6th-gen-16-gb-1-tb-ssd-windows-11-home-8-gb-graphics-amd-radeon-amd-rx-6700s-ga402rjz-l4134ws-gaming-laptop/p/itmd11a20a5ac3e0","https://rukminim2.flixcart.com/image/312/312/xif0q/computer/e/y/3/2022-zephyrus-g14-gaming-laptop-asus-original-imagt84fsqqwfrhh.jpeg?q=70","1271"
"COMGZW3F7UV8BG8Z","ASUS ROG Zephyrus G16 Powered, Intel EVO H Series, 90WHrs Battery AI PC Intel Core Ultra 9 185H - (32 ...","ASUS","Intel Core Ultra 9 Processor","32 GB LPDDR5X RAM","1 TB SSD","40.64 cm (16 Inch) Display","nan","Windows 11 Operating System","1 Year Onsite warranty","竄ｹ1,99,900","竄ｹ2,51,990","20","4","4","0","No","https://www.flipkart.com/asus-rog-zephyrus-g16-powered-intel-evo-h-series-90whrs-battery-ai-pc-core-ultra-9-185h-32-gb-1-tb-ssd-windows-11-home-8-gb-graphics-nvidia-geforce-rtx-4070-105-w-gu605mi-qp253ws-gaming-laptop/p/itm853be665e12f6","https://rukminim2.flixcart.com/image/312/312/xif0q/computer/g/a/y/-original-imahcd9hyq3uwxzt.jpeg?q=70","1272"
"COMGTXRYUSCDZ6ED","ASUS Vivobook Go 15 AMD Ryzen 5 Quad Core 7520U - (16 GB/512 GB SSD/Windows 11 Home) E1504FA-NJ541WS T...","ASUS","AMD Ryzen 5 Quad Core Processor","16 GB LPDDR5 RAM","512 GB SSD","39.62 cm (15.6 inch) Display","nan","64 bit Windows 11 Home Operating System","nan","竄ｹ42,790","竄ｹ70,990","39","4.2","55","3","No","https://www.flipkart.com/asus-vivobook-go-15-amd-ryzen-5-quad-core-7520u-16-gb-512-gb-ssd-windows-11-home-e1504fa-nj541ws-thin-light-laptop/p/itm5a9432bd55d95","https://rukminim2.flixcart.com/image/312/312/xif0q/computer/3/o/f/e1504fa-nj541ws-thin-and-light-laptop-asus-original-imagtxrycgnhyspy.jpeg?q=70","1273"
"COMGZW3FBKETFBRK","ASUS ROG Zephyrus G16 OLED Powered, Intel EVO H Series, 90WHrs Battery AI PC Intel Core Ultra 7 155H -...","ASUS","Intel Core Ultra 7 Processor","16 GB LPDDR5X RAM","1 TB SSD","40.64 cm (16 Inch) Display","nan","Windows 11 Operating System","1 Year Onsite warranty","竄ｹ1,72,390","竄ｹ2,15,990","20",\N,\N,\N,"No","https://www.flipkart.com/asus-rog-zephyrus-g16-oled-powered-intel-evo-h-series-90whrs-battery-ai-pc-core-ultra-7-155h-16-gb-1-tb-ssd-windows-11-home-8-gb-graphics-nvidia-geforce-rtx-4060-100-w-gu605mv-co711ws-gaming-laptop/p/itm853be665e12f6","https://rukminim2.flixcart.com/image/312/312/xif0q/computer/m/z/j/-original-imah2ges8ed8eyne.jpeg?q=70","1277"
"COMHBGQ4YJHKMMPM","ASUS ROG Zephyrus G14 (2025) with Office 2024 + M365 Basic* AMD Ryzen AI 9 12 Core HX 370 - (32 GB/2 T...","ASUS","AMD Ryzen AI 9 12 Core Processor","32 GB LPDDR5X RAM","2 TB SSD","35.56 cm (14 inch) Display","nan","Windows 11 Home Operating System","1 Year Onsite Warranty","竄ｹ2,79,990","竄ｹ2,99,990","6",\N,\N,\N,"No","https://www.flipkart.com/asus-rog-zephyrus-g14-2025-office-2024-m365-basic-amd-ryzen-ai-9-12-core-hx-370-32-gb-2-tb-ssd-windows-11-home-12-gb-graphics-nvidia-geforce-rtx-5070-ti-120-hz-120-w-ga403wr-qs123ws-gaming-laptop/p/itmbc252f9d7aae4","https://rukminim2.flixcart.com/image/312/312/xif0q/computer/v/z/m/-original-imahcymxkux5q3af.jpeg?q=70","1280"
"COMHYG8ZYMKBQXW9","ASUS Zenbook 14 OLED AI PC Intel Core Ultra 9 185H - (32 GB/1 TB SSD/Windows 11 Home) UX3405MA-PZ962WS...","ASUS","Intel Core Ultra 9 Processor","32 GB LPDDR5X RAM","1 TB SSD","35.56 cm (14 inch) Touchscreen Display","nan","Windows 11 Operating System","1 Year Onsite Warranty","竄ｹ1,44,990","竄ｹ1,70,990","15","4.4","14","0","Yes","https://www.flipkart.com/asus-zenbook-14-oled-ai-pc-intel-core-ultra-9-185h-32-gb-1-tb-ssd-windows-11-home-ux3405ma-pz962ws-thin-light-laptop/p/itm859da18328490","https://rukminim2.flixcart.com/image/312/312/xif0q/computer/y/i/3/-original-imahcd9mbemg6bg5.jpeg?q=70","1281"
"COMHYG8ZDFE9PUJZ","ASUS Zenbook 14 OLED AI PC, Full Metal Body, Intel Core Ultra 9 185H - (32 GB/1 TB SSD/Windows 11 Home...","ASUS","Intel Core Ultra 9 Processor","32 GB LPDDR5X RAM","1 TB SSD","35.56 cm (14 inch) Touchscreen Display","nan","Windows 11 Operating System","1 Year Onsite Warranty","竄ｹ1,44,990","竄ｹ1,70,990","15","5","3","0","Yes","https://www.flipkart.com/asus-zenbook-14-oled-ai-pc-full-metal-body-intel-core-ultra-9-185h-32-gb-1-tb-ssd-windows-11-home-ux3405ma-pz961ws-thin-light-laptop/p/itm859da18328490","https://rukminim2.flixcart.com/image/312/312/xif0q/computer/z/r/e/-original-imahcd9nnhfuvjbc.jpeg?q=70","1282"
"COMHYYZNX5YFZVPJ","ASUS Intel Core i7 12th Gen 12700H - (16 GB/512 GB SSD/Windows 11 Home) X1605ZAC-MB742WS Laptop","ASUS","Intel Core i7 Processor (12th Gen)","16 GB DDR4 RAM","512 GB SSD","40.64 cm (16 Inch) Display","nan","Windows 11 Operating System","1 Year Onsite Warranty","竄ｹ65,890","竄ｹ85,990","23","4.4","45","3","No","https://www.flipkart.com/asus-intel-core-i7-12th-gen-12700h-16-gb-512-gb-ssd-windows-11-home-x1605zac-mb742ws-laptop/p/itmf1d631f2db825","https://rukminim2.flixcart.com/image/312/312/xif0q/computer/c/1/t/x1605va-mb541ws-laptop-asus-original-imagznwsfy9tzayz.jpeg?q=70","1283"
"COMGHFTHHXH9AKMS","ASUS Chromebook Flip Touch Intel Celeron Dual Core N4020 - (4 GB/32 GB EMMC Storage/Chrome OS) C214MA-...","ASUS","Intel Celeron Dual Core Processor","4 GB LPDDR4 RAM","nan","29.46 cm (11.6 inch) Touchscreen Display","nan","Chrome Operating System","1 Year Onsite Warranty","竄ｹ19,750","竄ｹ31,990","38","4","3435","443","No","https://www.flipkart.com/asus-chromebook-flip-touch-intel-celeron-dual-core-n4020-4-gb-32-gb-emmc-storage-chrome-os-c214ma-bu0704/p/itmc95b00d160836","https://rukminim2.flixcart.com/image/312/312/xif0q/computer/s/z/n/-original-imagg3fxfrttfgvj.jpeg?q=70","1286"
"COMH89EBYFHZZGMH","ASUS Vivobook 16 (2025) with Office 2024 + M365 Basic, AI PC Intel Core Ultra 5 - (16 GB/512 GB SSD/Wi...","ASUS","Intel Core Ultra 5 Processor","16 GB DDR5 RAM","512 GB SSD","40.64 cm (16 Inch) Display","nan","Windows 11 Home Operating System","1 Year Onsite warranty","竄ｹ75,990","竄ｹ92,990","18","4.7","3","0","Yes","https://www.flipkart.com/asus-vivobook-16-2025-office-2024-m365-basic-ai-pc-intel-core-ultra-5-16-gb-512-gb-ssd-windows-11-home-x1607ca-mb142ws-laptop/p/itm6e5fc45e4e812","https://rukminim2.flixcart.com/image/312/312/xif0q/computer/q/d/h/-original-imah9d7pny8wwysj.jpeg?q=70","1287"
"COMH2XBQVDENSHMC","ASUS ProArt PX13 OLED (2024) - AI PC for Creator, AMD Ryzen AI 9 10 Core 365 - (24 GB/1 TB SSD/Windows...","ASUS","AMD Ryzen AI 9 10 Core Processor","24 GB LPDDR5X RAM","1 TB SSD","33.78 cm (13.3 Inch) Touchscreen Display","nan","Windows 11 Operating System","1 Year Onsite Warranty","竄ｹ1,55,900","竄ｹ2,15,990","27","4.2","5","1","No","https://www.flipkart.com/asus-proart-px13-oled-2024-ai-pc-creator-amd-ryzen-9-10-core-365-24-gb-1-tb-ssd-windows-11-home-6-gb-graphics-nvidia-geforce-rtx-4050-60-hz-hn7306wu-lx001ws-gaming-laptop/p/itm8f6c4be14c09f","https://rukminim2.flixcart.com/image/312/312/xif0q/computer/9/4/j/-original-imahcd9nezv3ptxp.jpeg?q=70","1290"
"COMGQUSHYGF8YHNU","ASUS Vivobook 15 Intel Core i5 12th Gen 1235U - (8 GB/512 GB SSD/Windows 11 Home) X1504ZA-NJ522WS Lapt...","ASUS","Intel Core i5 Processor (12th Gen)","8 GB DDR4 RAM","512 GB SSD","39.62 cm (15.6 inch) Display","nan","64 bit Windows 11 Operating System","1 year manufacturing Warranty","竄ｹ48,990","竄ｹ69,990","30","4.5","22","0","No","https://www.flipkart.com/asus-vivobook-15-intel-core-i5-12th-gen-1235u-8-gb-512-gb-ssd-windows-11-home-x1504za-nj522ws-laptop/p/itm4d7a921842ae4","https://rukminim2.flixcart.com/image/312/312/xif0q/computer/9/o/l/vivobook-15-x1504za-laptop-asus-original-imah4mc7vdzekeyf.jpeg?q=70","1291"
"COMGFG9VPU9PFKBK","ASUS VivoBook Ultra K14 (2021) AMD Ryzen 5 Hexa Core AMD R5-5500U - (8 GB/512 GB SSD/Windows 10 Home) ...","ASUS","AMD Ryzen 5 Hexa Core Processor","8 GB DDR4 RAM","512 GB SSD","35.56 cm (14 inch) Display","nan","64 bit Windows 10 Operating System","1 Year Onsite Warranty","竄ｹ52,999","竄ｹ72,990","27","4.4","359","41","Yes","https://www.flipkart.com/asus-vivobook-ultra-k14-2021-amd-ryzen-5-hexa-core-r5-5500u-8-gb-512-gb-ssd-windows-10-home-km413ua-eb503ts-thin-light-laptop/p/itm116d42a8cd657","https://rukminim2.flixcart.com/image/312/312/krayqa80/computer/l/o/d/na-thin-and-light-laptop-asus-original-imag54k7pc2tdath.jpeg?q=70","1293"
"COMFG9YRQZGFRH9T","ASUS VivoBook 14 Intel Core i5 8th Gen 8265U - (8 GB/512 GB SSD/Windows 10 Home) X412FA-EK230T Thin an...","ASUS","Intel Core i5 Processor (8th Gen)","8 GB DDR4 RAM","512 GB SSD","35.56 cm (14 inch) Display","nan","64 bit Windows 10 Operating System","1 Year Limited International Hardware Warranty","竄ｹ54,990","竄ｹ55,591","1","4.4","2293","308","No","https://www.flipkart.com/asus-vivobook-14-intel-core-i5-8th-gen-8265u-8-gb-512-gb-ssd-windows-10-home-x412fa-ek230t-thin-light-laptop/p/itmc11e7c7489c24","https://rukminim2.flixcart.com/image/312/312/k391w280/computer/x/a/h/asus-na-original-imafmewrxvc7ygmb.jpeg?q=70","1296"
"COMH9499HBRDZCTZ","ASUS Vivobook Go 15 Intel Core i3 N305 - (8 GB/512 GB SSD/Windows 11 Home) E1504GA-NJ3321WS Thin and L...","ASUS","Intel Core i3 Processor","8 GB DDR4 RAM","512 GB SSD","39.62 cm (15.6 Inch) Display","nan","Windows 11 Home Operating System","1 Year Onsite Warranty","竄ｹ39,999","竄ｹ43,990","9",\N,\N,\N,"No","https://www.flipkart.com/asus-vivobook-go-15-intel-core-i3-n305-8-gb-512-gb-ssd-windows-11-home-e1504ga-nj3321ws-thin-light-laptop/p/itm1d4f5aaf2e269","https://rukminim2.flixcart.com/image/312/312/xif0q/computer/x/t/l/-original-imagpxgrqqzft5xv.jpeg?q=70","1300"
"COMHBGQ4MGKVHJC8","ASUS ROG Strix SCAR 18 (2025) AI PC with Office 2024 + M365 Basic* Intel Core Ultra 9 275HX - (64 GB/2...","ASUS","Intel Core Ultra 9 Processor","64 GB DDR5 RAM","2 TB SSD","45.72 cm (18 inch) Display","nan","Windows 11 Home Operating System","1 Year Onsite Warranty","竄ｹ4,49,990","竄ｹ5,09,990","11",\N,\N,\N,"Yes","https://www.flipkart.com/asus-rog-strix-scar-18-2025-ai-pc-office-2024-m365-basic-intel-core-ultra-9-275hx-64-gb-2-tb-ssd-windows-11-home-24-gb-graphics-nvidia-geforce-rtx-5090-240-hz-175-w-g835lx-sa187ws-gaming-laptop/p/itmaa7765cdca66e","https://rukminim2.flixcart.com/image/312/312/xif0q/computer/g/z/h/-original-imahcymx2wza76gh.jpeg?q=70","1301"
"COMFP8HRFGZYYMEA","ASUS X512FA Intel Core i3 10th Gen - (4 GB/512 GB SSD/Windows 10 Home) X512FA-EJ372T Laptop","ASUS","Intel Core i3 Processor (10th Gen)","4 GB DDR4 RAM","512 GB SSD","39.62 cm (15.6 inch) Display","nan","64 bit Windows 10 Operating System","1-year limited international hardware warranty","竄ｹ38,990","竄ｹ40,870","4","4.4","852","155","No","https://www.flipkart.com/asus-x512fa-intel-core-i3-10th-gen-4-gb-512-gb-ssd-windows-10-home-x512fa-ej372t-laptop/p/itm843b19ebf1090","https://rukminim2.flixcart.com/image/312/312/k73nlow0/computer/m/e/a/asus-vivobook-x512fa-ej372t-laptop-original-imafhwqpznjebzrk.jpeg?q=70","1302"
"COMG98CT7CFSVZT4","ASUS Vivobook 14 Intel Core i3 11th Gen i3-1115G4 - (8 GB/1 TB HDD/256 GB SSD/Windows 11 Home) X415EA-...","ASUS","Intel Core i3 Processor (11th Gen)","8 GB DDR4 RAM","1 TB HDD|256 GB SSD","35.81 cm (14.1 inch) Display","nan","64 bit Windows 11 Operating System","1 Year Onsite Warranty","竄ｹ39,650","竄ｹ58,991","32","4.1","209","19","No","https://www.flipkart.com/asus-vivobook-14-intel-core-i3-11th-gen-i3-1115g4-8-gb-1-tb-hdd-256-gb-ssd-windows-11-home-x415ea-eb372ws-thin-light-laptop/p/itm1ebf21b35e09e","https://rukminim2.flixcart.com/image/312/312/kwl0akw0/computer/b/c/g/x415ea-eb372ws-thin-and-light-laptop-asus-original-imag98ctqynmmfzw.jpeg?q=70","1305"
"COMGDGNFEEZPU4G3","ASUS Vivobook 14 Intel P-Series Intel Core i3 12th Gen 1220P - (8 GB/256 GB SSD/Windows 11 Home) X1402...","ASUS","Intel Core i3 Processor (12th Gen)","8 GB DDR4 RAM","256 GB SSD","35.56 cm (14 Inch) Display","nan","64 bit Windows 11 Operating System","1 Year Onsite Warranty","竄ｹ35,990","竄ｹ54,990","34","4.4","74","13","No","https://www.flipkart.com/asus-vivobook-14-intel-p-series-core-i3-12th-gen-1220p-8-gb-256-gb-ssd-windows-11-home-x1402za-ek391ws-laptop/p/itm9c5041603f3ed","https://rukminim2.flixcart.com/image/312/312/xif0q/computer/y/j/5/-original-imagpxgrvcppmjm5.jpeg?q=70","1306"
"COMFSKF97GXJKYCP","ASUS VivoBook Ultra 14 AMD Ryzen 7 Octa Core AMD R7-4700U - (8 GB/512 GB SSD/Windows 10 Home) M413IA-E...","ASUS","AMD Ryzen 7 Octa Core Processor","8 GB DDR4 RAM","512 GB SSD","35.56 cm (14 inch) Display","nan","64 bit Windows 10 Operating System","1 Year Onsite Warranty","竄ｹ53,999","竄ｹ68,990","21","4.4","1320","216","No","https://www.flipkart.com/asus-vivobook-ultra-14-amd-ryzen-7-octa-core-r7-4700u-8-gb-512-gb-ssd-windows-10-home-m413ia-ek586t-thin-light-laptop/p/itma9884a927e931","https://rukminim2.flixcart.com/image/312/312/kbfeljk0/computer/x/4/d/asus-original-imafss6cbuzbzpgf.jpeg?q=70","1309"
"COMH2HW6WRADHPEH","ASUS ROG Ally X AMD Ryzen Z1 Octa Core Extreme - (24 GB/1 TB SSD/Windows 11 Home) RC72LA-NH021W Handhe...","ASUS","AMD Ryzen Z1 Octa Core Processor","24 GB LPDDR5X RAM","1 TB SSD","17.78 cm (7 Inch) Touchscreen Display","nan","Windows 11 Operating System","1 Year Onsite Warranty","竄ｹ1,02,000","竄ｹ1,07,990","5","4.8","4","0","No","https://www.flipkart.com/asus-rog-ally-x-amd-ryzen-z1-octa-core-extreme-24-gb-1-tb-ssd-windows-11-home-rc72la-nh021w-handheld-gaming-pc/p/itm23c3256244a13","https://rukminim2.flixcart.com/image/312/312/xif0q/computer/g/c/9/rc72la-nh021w-handheld-gaming-pc-asus-original-imah2hwvnxyevvg4.jpeg?q=70","1310"
"COMFUXREHECYJD98","ASUS VivoBook 15 Intel Core i3 10th Gen 1005G1 - (4 GB/1 TB HDD/256 GB SSD/Windows 10 Home) X509JA-BQ8...","ASUS","Intel Core i3 Processor (10th Gen)","4 GB DDR4 RAM","1 TB HDD|256 GB SSD","39.62 cm (15.6 inch) Display","nan","64 bit Windows 10 Operating System","1 Year Onsite Warranty","竄ｹ36,990","竄ｹ40,880","9","4.4","1165","195","No","https://www.flipkart.com/asus-vivobook-15-intel-core-i3-10th-gen-1005g1-4-gb-1-tb-hdd-256-gb-ssd-windows-10-home-x509ja-bq845t-laptop/p/itm357511a897581","https://rukminim2.flixcart.com/image/312/312/kao98cw0/computer/e/f/f/asus-na-laptop-original-imafs6v7zyrggpmc.jpeg?q=70","1311"
"COMFWXWWNYVCKASK","ASUS VivoBook Ultra 14 Intel Core i5 11th Gen 1135G7 - (8 GB/512 GB SSD/Windows 10 Home/2 GB Graphics)...","ASUS","Intel Core i5 Processor (11th Gen)","8 GB DDR4 RAM","512 GB SSD","35.56 cm (14 inch) Display","nan","64 bit Windows 10 Operating System","1 Year Onsite Warranty","竄ｹ64,990","竄ｹ79,990","18","4.4","328","46","Yes","https://www.flipkart.com/asus-vivobook-ultra-14-intel-core-i5-11th-gen-1135g7-8-gb-512-gb-ssd-windows-10-home-2-graphics-x413ep-eb513ts-thin-light-laptop/p/itm16b9af1535a26","https://rukminim2.flixcart.com/image/312/312/kh9gbrk0/computer/a/s/k/asus-na-thin-and-light-laptop-original-imafxbj7gyrpudka.jpeg?q=70","1315"
"COMHBGQ4J2UVNKX8","ASUS ROG Strix SCAR 16 (2025) with Office 2024 + M365 Basic* Intel Core Ultra 9 275HX - (32 GB/2 TB SS...","ASUS","Intel Core Ultra 9 Processor","32 GB DDR5 RAM","2 TB SSD","40.64 cm (16 inch) Display","nan","Windows 11 Home Operating System","1 Year Onsite Warranty","竄ｹ4,24,990","竄ｹ4,79,990","11",\N,\N,\N,"No","https://www.flipkart.com/asus-rog-strix-scar-16-2025-office-2024-m365-basic-intel-core-ultra-9-275hx-32-gb-2-tb-ssd-windows-11-home-24-gb-graphics-nvidia-geforce-rtx-5090-240-hz-175-w-g635lx-rw158ws-gaming-laptop/p/itm6e6ad258bd7a5","https://rukminim2.flixcart.com/image/312/312/xif0q/computer/g/e/w/-original-imahcymx9z3ngpbg.jpeg?q=70","1316"
"COMFSKF9TPYHX5YF","ASUS Intel Core i5 10th Gen 1035G1 - (8 GB/512 GB SSD/Windows 10 Home/2 GB Graphics) X509JB-EJ591T Lap...","ASUS","Intel Core i5 Processor (10th Gen)","8 GB DDR4 RAM","512 GB SSD","39.62 cm (15.6 inch) Display","nan","64 bit Windows 10 Operating System","1 Year Onsite Warranty","竄ｹ51,990","竄ｹ64,990","20","4.3","589","83","Yes","https://www.flipkart.com/asus-intel-core-i5-10th-gen-1035g1-8-gb-512-gb-ssd-windows-10-home-2-graphics-x509jb-ej591t-laptop/p/itmc85387307794c","https://rukminim2.flixcart.com/image/312/312/kao98cw0/computer/e/f/f/asus-na-laptop-original-imafs6v7zyrggpmc.jpeg?q=70","1323"
"COMFRZFDZUAGQZQN","ASUS TUF Gaming A17 AMD Ryzen 7 Octa Core 4800H - (16 GB/1 TB HDD/256 GB SSD/Windows 10 Home/6 GB Grap...","ASUS","AMD Ryzen 7 Octa Core Processor","16 GB DDR4 RAM","1 TB HDD|256 GB SSD","43.94 cm (17.3 inch) Display","nan","64 bit Windows 10 Operating System","1 Year Onsite Warranty","竄ｹ91,590","竄ｹ1,13,990","19","4.6","525","87","Yes","https://www.flipkart.com/asus-tuf-gaming-a17-amd-ryzen-7-octa-core-4800h-16-gb-1-tb-hdd-256-gb-ssd-windows-10-home-6-graphics-nvidia-geforce-gtx-1660-ti-120-hz-80-w-fa706iu-h7220t-laptop/p/itm7800fda454db2","https://rukminim2.flixcart.com/image/312/312/kamtsi80/computer/g/k/n/asus-original-imafs5qf3f5cdp5t.jpeg?q=70","1324"
"COMH9SJ9B3ZXYEYT","ASUS Vivobook 16 (2025) with Office 2024 + M365 Basic* Intel Core i9 13th Gen 13900H - (16 GB/512 GB S...","ASUS","Intel Core i9 Processor (13th Gen)","16 GB DDR4 RAM","512 GB SSD","40.64 cm (16 inch) Display","nan","Windows 11 Home Operating System","1 Year Onsite Warranty","竄ｹ94,990","竄ｹ1,04,990","9",\N,\N,\N,"No","https://www.flipkart.com/asus-vivobook-16-2025-office-2024-m365-basic-intel-core-i9-13th-gen-13900h-16-gb-512-gb-ssd-windows-11-home-x1605va-mb9947ws-thin-light-laptop/p/itmbf46b37fbda4a","https://rukminim2.flixcart.com/image/312/312/xif0q/computer/c/1/t/x1605va-mb541ws-laptop-asus-original-imagznwsfy9tzayz.jpeg?q=70","1327"
"COMFQV98JH3RDM34","ASUS VivoBook 14 Intel Core i3 10th Gen 10110U - (4 GB/256 GB SSD/Windows 10 Home) X412FA-EK362T Thin ...","ASUS","Intel Core i3 Processor (10th Gen)","4 GB DDR4 RAM","256 GB SSD","35.56 cm (14 inch) Display","nan","64 bit Windows 10 Operating System","1 Year Onsite Warranty","竄ｹ35,990","竄ｹ44,990","20","4.4","6360","961","No","https://www.flipkart.com/asus-vivobook-14-intel-core-i3-10th-gen-10110u-4-gb-256-gb-ssd-windows-10-home-x412fa-ek362t-thin-light-laptop/p/itm555c01c7e668d","https://rukminim2.flixcart.com/image/312/312/k91o6fk0/computer/d/x/z/asus-original-imafqxfeecxfeeff.jpeg?q=70","1328"
"COMFSKF9GJZQMAZF","ASUS VivoBook Ultra 14 AMD Ryzen 5 Hexa Core AMD R5-4500U - (8 GB/512 GB SSD/Windows 10 Home) M413IA-E...","ASUS","AMD Ryzen 5 Hexa Core Processor","8 GB DDR4 RAM","512 GB SSD","35.56 cm (14 inch) Display","nan","64 bit Windows 10 Operating System","1 Year Onsite Warranty","竄ｹ49,990","竄ｹ50,990","1","4.4","546","86","No","https://www.flipkart.com/asus-vivobook-ultra-14-amd-ryzen-5-hexa-core-r5-4500u-8-gb-512-gb-ssd-windows-10-home-m413ia-ek584t-thin-light-laptop/p/itm16b9af1535a26","https://rukminim2.flixcart.com/image/312/312/kbfeljk0/computer/s/z/w/asus-original-imafss69dheakret.jpeg?q=70","1329"
"COMGSYYP2HCRAPCS","ASUS Vivobook Intel Core i3 12th Gen 1215U - (8 GB/512 GB SSD/Windows 11 Home) X1504ZA-NJ325WS Thin an...","ASUS","Intel Core i3 Processor (12th Gen)","8 GB DDR4 RAM","512 GB SSD","39.62 cm (15.6 Inch) Display","nan","Windows 11 Operating System","1 Year Onsite Warranty","竄ｹ39,999","竄ｹ54,990","27","4.3","734","76","No","https://www.flipkart.com/asus-vivobook-intel-core-i3-12th-gen-1215u-8-gb-512-gb-ssd-windows-11-home-x1504za-nj325ws-thin-light-laptop/p/itm7480082770d25","https://rukminim2.flixcart.com/image/312/312/xif0q/computer/e/8/y/-original-imagxymcxhex7hgz.jpeg?q=70","1330"
"COMGFZWRR6ZPZPZD","ASUS AMD Ryzen 5 Hexa Core - (8 GB/1 TB HDD/256 GB SSD/Windows 10 Home) KM513IA-EJ396T Thin and Light ...","ASUS","AMD Ryzen 5 Hexa Core Processor","8 GB DDR4 RAM","1 TB HDD|256 GB SSD","39.62 cm (15.6 inch) Display","nan","64 bit Windows 10 Operating System","1 Year Onsite Warranty","竄ｹ45,490","竄ｹ68,990","34",\N,\N,\N,"No","https://www.flipkart.com/asus-amd-ryzen-5-hexa-core-8-gb-1-tb-hdd-256-gb-ssd-windows-10-home-km513ia-ej396t-thin-light-laptop/p/itm604ed908e9927","https://rukminim2.flixcart.com/image/312/312/knexksw0/computer/n/1/p/na-thin-and-light-laptop-asus-original-imag23kzywfy4mqf.jpeg?q=70","1333"
"COMGY5PGRREDDB7J","ASUS TUF Gaming A17 AMD Ryzen 7 Octa Core 4800H - (16 GB/1 TB HDD/256 GB SSD/Windows 10 Home/6 GB Grap...","ASUS","AMD Ryzen 7 Octa Core Processor","16 GB DDR4 RAM","1 TB HDD|256 GB SSD","43.94 cm (17.3 inch) Display","nan","64 bit Windows 10 Operating System","1 Year Onsite Warranty","竄ｹ92,990","竄ｹ1,16,990","20","4.2","67","6","No","https://www.flipkart.com/asus-tuf-gaming-a17-amd-ryzen-7-octa-core-4800h-16-gb-1-tb-hdd-256-gb-ssd-windows-10-home-6-graphics-nvidia-geforce-gtx-1660-ti-144-hz-fa706iu-hx415t-laptop/p/itm7800fda454db2","https://rukminim2.flixcart.com/image/312/312/kamtsi80/computer/g/k/n/asus-original-imafs5qf3f5cdp5t.jpeg?q=70","1334"
"COMFG9YRKW6YM6WX","ASUS VivoBook 14 Intel Core i3 7th Gen 7020U - (4 GB/256 GB SSD/Windows 10 Home) X412UA-EK342T Thin an...","ASUS","Intel Core i3 Processor (7th Gen)","4 GB DDR4 RAM","256 GB SSD","35.56 cm (14 inch) Display","nan","64 bit Windows 10 Operating System","1 Year Limited International Hardware Warranty","竄ｹ31,490","竄ｹ36,271","13","4.3","5542","787","No","https://www.flipkart.com/asus-vivobook-14-intel-core-i3-7th-gen-7020u-4-gb-256-gb-ssd-windows-10-home-x412ua-ek342t-thin-light-laptop/p/itm54c14068652bd","https://rukminim2.flixcart.com/image/312/312/kar44280/computer/f/6/p/asus-na-thin-and-light-laptop-original-imafs92tpthajprz.jpeg?q=70","1337"
"COMHBJ7FZAYZAYPQ","ASUS Intel Core Ultra 7 14th Gen - (16 GB/1 TB SSD/Windows 11 Home) UX3405MA-PZ751WS Laptop","ASUS","Intel Core Ultra 7 Processor (14th Gen)","16 GB LPDDR5X RAM","1 TB SSD","35.56 cm (14 inch) Touchscreen Display","nan","Windows 11 Home Operating System","nan","竄ｹ1,04,990","竄ｹ1,40,990","25",\N,\N,\N,"No","https://www.flipkart.com/asus-intel-core-ultra-7-14th-gen-16-gb-1-tb-ssd-windows-11-home-ux3405ma-pz751ws-laptop/p/itm630da8f63b44b","https://rukminim2.flixcart.com/image/312/312/xif0q/computer/o/e/8/ux3405ma-pz751ws-laptop-asus-original-imahbj7fcrp67g53.jpeg?q=70","1338"
"COMGKPXFS5QCCWQK","ASUS Intel Celeron Dual Core 10th Gen - (4 GB/256 GB SSD/Windows 11 Home) E410KA-BV002W Business Lapto...","ASUS","Intel Celeron Dual Core Processor (10th Gen)","4 GB DDR4 RAM","256 GB SSD","35.56 cm (14 inch) Display","nan","Windows 11 Operating System","1 Year Onsite Warranty","竄ｹ19,990","竄ｹ36,990","45","3","11","1","No","https://www.flipkart.com/asus-intel-celeron-dual-core-10th-gen-4-gb-256-gb-ssd-windows-11-home-e410ka-bv002w-business-laptop/p/itm25c057799f33d","https://rukminim2.flixcart.com/image/312/312/xif0q/computer/q/f/e/eeebook-14-business-laptop-asus-original-imagkpxfe865cmes.jpeg?q=70","1339"
"COMGX6G8XPYHXTU6","ASUS Intel Core i5 12th Gen - (16 GB/512 GB SSD/Windows 11 Home/6 GB Graphics) K3605ZU-MBN542WS Laptop","ASUS","Intel Core i5 Processor (12th Gen)","16 GB DDR4 RAM","512 GB SSD","40.64 cm (16 inch) Display","nan","Windows 11 Home Operating System","nan","竄ｹ81,931","竄ｹ1,16,990","29",\N,\N,\N,"No","https://www.flipkart.com/asus-intel-core-i5-12th-gen-16-gb-512-gb-ssd-windows-11-home-6-graphics-k3605zu-mbn542ws-laptop/p/itm47a4ea4909b8a","https://rukminim2.flixcart.com/image/312/312/xif0q/computer/o/6/h/16x-creator-creator-laptop-asus-original-imags6xnkzyfquze.jpeg?q=70","1340"
"COMGCA5JWCA3RUYE","ASUS Asus Vivobook 15 Intel Pentium Quad Core PQC N5030 - (4 GB/1 TB HDD/Windows 11 Home) X515MA-BR101...","ASUS","Intel Pentium Quad Core Processor","4 GB DDR4 RAM","1 TB HDD","39.62 cm (15.6 inch) Display","nan","64 bit Windows 11 Operating System","1 Year Onsite Warranty","竄ｹ21,800","竄ｹ36,990","41","3.4","37","8","No","https://www.flipkart.com/asus-vivobook-15-intel-pentium-quad-core-pqc-n5030-4-gb-1-tb-hdd-windows-11-home-x515ma-br101w-laptop/p/itm2a1d013b95d2f","https://rukminim2.flixcart.com/image/312/312/kzu6efk0/computer/c/i/q/vivobook-15-x515ma-laptop-asus-original-imagbrkkprrt4ntf.jpeg?q=70","1343"
"COMGB732ZPGYB2JP","ASUS TUF Gaming A17 with 90Whr Battery AMD Ryzen 7 Octa Core AMD R7-4800H - (8 GB/512 GB SSD/Windows 1...","ASUS","AMD Ryzen 7 Octa Core Processor","8 GB DDR5 RAM","512 GB SSD","43.94 cm (17.3 Inch) Display","nan","64 bit Windows 11 Operating System","1 Year onsite warranty","竄ｹ81,990","竄ｹ94,990","13","4.4","1292","111","No","https://www.flipkart.com/asus-tuf-gaming-a17-90whr-battery-amd-ryzen-7-octa-core-r7-4800h-8-gb-512-gb-ssd-windows-11-home-4-graphics-nvidia-geforce-rtx-3050-144-hz-fa706icb-hx061w-fa706ic-hx036w-laptop/p/itmeb7b0344960c5","https://rukminim2.flixcart.com/image/312/312/xif0q/computer/u/u/b/-original-imahcd9jgenrewbg.jpeg?q=70","1347"
"COMHBK5YMRSPGAVT","ASUS Vivobook 16X (2025) Intel Core i5 13th Gen 13420H - (16 GB/512 GB SSD/Windows 11 Home/4 GB Graphi...","ASUS","Intel Core i5 Processor (13th Gen)","16 GB DDR4 RAM","512 GB SSD","40.64 cm (16 inch) Display","nan","Windows 11 Home Operating System","1 Year Onsite Warranty","竄ｹ73,990","竄ｹ88,990","16",\N,\N,\N,"No","https://www.flipkart.com/asus-vivobook-16x-2025-intel-core-i5-13th-gen-13420h-16-gb-512-gb-ssd-windows-11-home-4-graphics-nvidia-geforce-rtx-3050-k3605vc-rp412w-creator-laptop/p/itm2f10c5bebe254","https://rukminim2.flixcart.com/image/312/312/xif0q/computer/f/s/c/k3605zf-mb541ws-thin-and-light-laptop-asus-original-imagztg4fbyvrtcj.jpeg?q=70","1348"
"COMGEEXVH3XMFQWT","ASUS Vivobook 15 Intel Core i5 12th Gen i5-1240P - (8 GB/512 GB SSD/Windows 11 Home) X1502ZA-BQ501WS L...","ASUS","Intel Core i5 Processor (12th Gen)","8 GB DDR4 RAM","512 GB SSD","39.62 cm (15.6 inch) Display","nan","64 bit Windows 11 Operating System","1 Year On site Manufacturing warranty","竄ｹ48,990","竄ｹ72,990","32","3.5","16","1","No","https://www.flipkart.com/asus-vivobook-15-intel-core-i5-12th-gen-i5-1240p-8-gb-512-gb-ssd-windows-11-home-x1502za-bq501ws-laptop/p/itm1689353cc8f2f","https://rukminim2.flixcart.com/image/312/312/l3929ow0/computer/x/r/r/vivobook-15-x1502za-bq501ws-laptop-asus-original-imageextyguf5gq8.jpeg?q=70","1349"
"COMH9SJ936HUHHHE","ASUS Zenbook S16 OLED (2025), MSO 2024 + M365 Basic*, AI PC, Metal Body, AMD Ryzen AI 7 Octa Core 350 ...","ASUS","AMD Ryzen AI 7 Octa Core Processor","24 GB LPDDR5X RAM","1 TB SSD","40.64 cm (16 inch) Touchscreen Display","nan","Windows 11 Home Operating System","1 Year Onsite Warranty","竄ｹ1,49,990","竄ｹ1,70,990","12",\N,\N,\N,"Yes","https://www.flipkart.com/asus-zenbook-s16-oled-2025-mso-2024-m365-basic-ai-pc-metal-body-amd-ryzen-7-octa-core-350-24-gb-1-tb-ssd-windows-11-home-um5606ka-rj108ws-2-1-laptop/p/itm5a385d44d3fb8","https://rukminim2.flixcart.com/image/312/312/xif0q/computer/m/k/r/-original-imahcd9mhjpwcrza.jpeg?q=70","1350"
"COMHBGQ4EJZZCR3C","ASUS ROG Strix G16 (2025) with Office 2024 + M365 Basic* AMD Ryzen 9 16 Core 8940HX - (16 GB/1 TB SSD/...","ASUS","AMD Ryzen 9 16 Core Processor","16 GB DDR5 RAM","1 TB SSD","40.64 cm (16 inch) Display","nan","Windows 11 Home Operating System","1 Year Onsite Warranty","竄ｹ2,29,990","竄ｹ2,39,990","4",\N,\N,\N,"No","https://www.flipkart.com/asus-rog-strix-g16-2025-office-2024-m365-basic-amd-ryzen-9-16-core-8940hx-16-gb-1-tb-ssd-windows-11-home-12-gb-graphics-nvidia-geforce-rtx-5070-ti-165-hz-140-w-g614pr-rv032ws-gaming-laptop/p/itm2ba68f87808a6","https://rukminim2.flixcart.com/image/312/312/xif0q/computer/e/m/7/-original-imahcymx2h6teg2g.jpeg?q=70","1354"
"COMFZJWEHPTXGXZS","ASUS VivoBook 15 Intel Core i3 7th Gen 7020U - (4 GB/1 TB HDD/Windows 10 Home) X543UA-DM342T Laptop","ASUS","Intel Core i3 Processor (7th Gen)","4 GB DDR4 RAM","1 TB HDD","39.62 cm (15.6 inch) Display","nan","64 bit Windows 10 Operating System","1 Year Limited International Hardware Warranty","竄ｹ31,190","竄ｹ35,061","11","3.9","8464","1077","No","https://www.flipkart.com/asus-vivobook-15-intel-core-i3-7th-gen-7020u-4-gb-1-tb-hdd-windows-10-home-x543ua-dm342t-laptop/p/itm429120480e145","https://rukminim2.flixcart.com/image/312/312/k612pow0/computer/x/z/s/asus-na-laptop-original-imafzhfunmvnaxhp.jpeg?q=70","1357"
"COMGBYNH48TVZMHD","ASUS Intel Core i3 11th Gen 1115G4 - (8 GB/256 GB SSD/Windows 10 Home) X515EA-BR312TS Thin and Light L...","ASUS","Intel Core i3 Processor (11th Gen)","8 GB DDR4 RAM","256 GB SSD","39.62 cm (15.6 inch) Display","nan","64 bit Windows 10 Operating System","1 Year Onsite Warranty","竄ｹ31,400","竄ｹ52,999","40",\N,\N,\N,"No","https://www.flipkart.com/asus-intel-core-i3-11th-gen-1115g4-8-gb-256-gb-ssd-windows-10-home-x515ea-br312ts-thin-light-laptop/p/itm42b98e43cac79","https://rukminim2.flixcart.com/image/312/312/klphn680/computer/l/e/0/x515ja-ej302ts-thin-and-light-laptop-asus-original-imagyrtfuhpeznaj.jpeg?q=70","1358"
"COMG2DBSMFDZTE9F","ASUS VivoBook 15 AMD Ryzen 3 Dual Core AMD R3-3250U - (4 GB/256 GB SSD/Windows 10 Home) M515DA-BQ312TS...","ASUS","AMD Ryzen 3 Dual Core Processor","4 GB DDR4 RAM","256 GB SSD","39.62 cm (15.6 inch) Display","nan","64 bit Windows 10 Operating System","1 Year Onsite Warranty","竄ｹ28,999","竄ｹ42,990","32","4.3","1687","223","No","https://www.flipkart.com/asus-vivobook-15-amd-ryzen-3-dual-core-r3-3250u-4-gb-256-gb-ssd-windows-10-home-m515da-bq312ts-thin-light-laptop/p/itm1ab681a591628","https://rukminim2.flixcart.com/image/312/312/xif0q/computer/e/1/7/-original-imag3ebnzawky4kn.jpeg?q=70","1359"
"COMGN8YZTEJN8GH8","ASUS Vivobook 15 Intel Core i3 12th Gen 1215U - (8 GB/512 GB SSD/Windows 11 Home) X1502ZA-EJ321WS Lapt...","ASUS","Intel Core i3 Processor (12th Gen)","8 GB DDR4 RAM","512 GB SSD","39.62 cm (15.6 inch) Display","nan","64 bit Windows 11 Operating System","1 Year International Warranty","竄ｹ38,990","竄ｹ56,990","31",\N,\N,\N,"No","https://www.flipkart.com/asus-vivobook-15-intel-core-i3-12th-gen-1215u-8-gb-512-gb-ssd-windows-11-home-x1502za-ej321ws-laptop/p/itme84cc75e47ef9","https://rukminim2.flixcart.com/image/312/312/xif0q/computer/o/8/d/vivobook-laptop-asus-original-imah2x7btqgzznsh.jpeg?q=70","1360"
"COMGRXVY8Z2QWJZH","ASUS AMD Ryzen 5 - (16 GB/512 GB SSD/Windows 11 Home/4 GB Graphics/NVIDIA GeForce RTX NVIDIAﾂｮ RTX邃｢ 305...","ASUS","AMD Ryzen 5 Processor","16 GB DDR4 RAM","512 GB SSD","39.62 cm (15.6 inch) Display","nan","Windows 11 Operating System","1 Year Warranty","竄ｹ68,642","竄ｹ90,990","24","3.3","3","0","Yes","https://www.flipkart.com/asus-amd-ryzen-5-16-gb-512-gb-ssd-windows-11-home-4-graphics-nvidia-geforce-rtx-nvidia-rtx-3050-4gb-gddr6-m6500qc-lk542ws-gaming-laptop/p/itmd717bfdaf6880","https://rukminim2.flixcart.com/image/312/312/xif0q/computer/j/1/f/creator-ryzen-5-creator-pro-15-gaming-laptop-asus-original-imahf7yvnbzbb37z.jpeg?q=70","1368"
"COMFMCSBFCDGSPZK","ASUS VivoBook 14 AMD Ryzen 5 Quad Core 2nd Gen AMD R5-3500U - (8 GB/512 GB SSD/Windows 10 Home) X412DA...","ASUS","AMD Ryzen 5 Quad Core Processor (2nd Gen)","8 GB DDR4 RAM","512 GB SSD","35.56 cm (14 inch) Display","nan","64 bit Windows 10 Operating System","1 Year Limited International Hardware Warranty","竄ｹ34,890","竄ｹ54,990","36","4.3","7511","1130","No","https://www.flipkart.com/asus-vivobook-14-amd-ryzen-5-quad-core-2nd-gen-r5-3500u-8-gb-512-gb-ssd-windows-10-home-x412da-ek503t-thin-light-laptop/p/itm82b571f2c1e53","https://rukminim2.flixcart.com/image/312/312/kar44280/computer/q/c/z/asus-na-thin-and-light-laptop-original-imafs92tuvvttfmw.jpeg?q=70","1373"
"COMFUUBMHRJFCGCY","ASUS TUF AMD Ryzen 7 Quad Core 3750H - (8 GB/512 GB SSD/Windows 10 Home/4 GB Graphics/NVIDIA GeForce G...","ASUS","AMD Ryzen 7 Quad Core Processor","8 GB DDR4 RAM","512 GB SSD","43.94 cm (17.3 inch) Display","nan","64 bit Windows 10 Operating System","1 Year Onsite Warranty","竄ｹ67,390","竄ｹ77,990","13","4.4","665","78","Yes","https://www.flipkart.com/asus-tuf-amd-ryzen-7-quad-core-3750h-8-gb-512-gb-ssd-windows-10-home-4-graphics-nvidia-geforce-gtx-1650-60-hz-fx705dt-au028t-gaming-laptop/p/itmd18d3fe9e443a","https://rukminim2.flixcart.com/image/312/312/kebpqq80/computer/c/n/5/asus-original-imafvyfuwdf4nbhc.jpeg?q=70","1376"
"COMGZDQJRTBCKQ2K","ASUS Vivobook S 14 Flip Intel Core i5 13th Gen 1335U - (16 GB/512 GB SSD/Windows 11 Home) TP3402VAB-LZ...","ASUS","Intel Core i5 Processor (13th Gen)","16 GB DDR4 RAM","512 GB SSD","35.56 cm (14 Inch) Touchscreen Display","nan","Windows 11 Operating System","1 Year Onsite Warranty","竄ｹ77,990","竄ｹ98,990","21","3.7","20","1","Yes","https://www.flipkart.com/asus-vivobook-s-14-flip-intel-core-i5-13th-gen-1335u-16-gb-512-gb-ssd-windows-11-home-tp3402vab-lz541ws-2-1-laptop/p/itm854dc9be47ce0","https://rukminim2.flixcart.com/image/312/312/xif0q/computer/o/p/l/-original-imahcd9rmu5pzjpf.jpeg?q=70","1377"
"COMGFYQZZFRKBNWV","ASUS TUF Gaming A17 with 90Whr Battery AMD Ryzen 5 Hexa Core AMD R5-4600H - (8 GB/512 GB SSD/Windows 1...","ASUS","AMD Ryzen 5 Hexa Core Processor","8 GB DDR4 RAM","512 GB SSD","43.94 cm (17.3 Inch) Display","nan","64 bit Windows 11 Operating System","1 Year Onsite Warranty","竄ｹ58,980","竄ｹ71,990","18","4.4","2240","250","No","https://www.flipkart.com/asus-tuf-gaming-a17-90whr-battery-amd-ryzen-5-hexa-core-r5-4600h-8-gb-512-gb-ssd-windows-11-home-4-graphics-nvidia-geforce-gtx-1650-144-hz-fa706ihrb-hx041w-laptop/p/itma6a06bcb13a3b","https://rukminim2.flixcart.com/image/312/312/xif0q/computer/o/0/2/fa706ihrb-hx041w-gaming-laptop-asus-original-imah3my8krypaugt.jpeg?q=70","1378"
"COMGE73KXAHEFJUP","ASUS ROG Strix G15 Advantage Edition with 90Whr Battery AMD Ryzen 9 Octa Core 5980HX - (16 GB/1 TB SSD...","ASUS","AMD Ryzen 9 Octa Core Processor","16 GB DDR4 RAM","1 TB SSD","39.62 cm (15.6 inch) Display","nan","Windows 11 Operating System","1 Year Onsite Warranty","竄ｹ1,23,000","竄ｹ1,97,990","37","4.6","82","7","No","https://www.flipkart.com/asus-rog-strix-g15-advantage-90whr-battery-amd-ryzen-9-octa-core-5980hx-16-gb-1-tb-ssd-windows-11-home-12-gb-graphics-amd-radeon-rx-6800m-165-hz-g513qy-hq032ws-gaming-laptop/p/itmdf965a0b86efa","https://rukminim2.flixcart.com/image/312/312/l41n2q80/computer/t/z/r/-original-imagff79mr7h8fyu.jpeg?q=70","1379"
"COMH9EVGTZYC6G56","ASUS Zenbook A14 OLED (2025), Copilot+PC, MSO 2024 + M365 Basic*, AI PC, Metal Body, Qualcomm Snapdrag...","ASUS","Qualcomm Snapdragon X Elite Processor","16 GB LPDDR5X RAM","512 GB SSD","35.56 cm (14 Inch) Display","nan","Windows 11 Home Operating System","1 Year Onsite Warranty","竄ｹ1,29,990","nan",\N,\N,\N,\N,"No","https://www.flipkart.com/asus-zenbook-a14-oled-2025-copilot-pc-mso-2024-m365-basic-ai-pc-metal-body-qualcomm-snapdragon-x-elite-16-gb-512-gb-ssd-windows-11-home-ux3407ra-qd061ws-thin-light-laptop/p/itm58ffb8c2fccab","https://rukminim2.flixcart.com/image/312/312/xif0q/computer/u/9/x/-original-imahcd9n28ygdkay.jpeg?q=70","1382"
"COMFQV98UWPSPEN6","ASUS VivoBook 14 Intel Core i5 10th Gen 10210U - (8 GB/1 TB HDD/256 GB SSD/Windows 10 Home) X412FA-EK5...","ASUS","Intel Core i5 Processor (10th Gen)","8 GB DDR4 RAM","1 TB HDD|256 GB SSD","35.56 cm (14 inch) Display","nan","64 bit Windows 10 Operating System","1 Year Onsite Warranty","竄ｹ55,990","竄ｹ66,990","16","4.4","2146","248","Yes","https://www.flipkart.com/asus-vivobook-14-intel-core-i5-10th-gen-10210u-8-gb-1-tb-hdd-256-gb-ssd-windows-10-home-x412fa-ek513t-thin-light-laptop/p/itm1b2ae4b1d76e5","https://rukminim2.flixcart.com/image/312/312/k91o6fk0/computer/m/h/g/asus-original-imafqxfepbjgxjt4.jpeg?q=70","1383"
"COMH89EB3GVK53FC","ASUS Zenbook 14 OLED (2025) with Office 2024 + M365 Basic*, AI PC, Full Metal Body, Intel Core Ultra 5...","ASUS","Intel Core Ultra 5 Processor","16 GB LPDDR5X RAM","1 TB SSD","35.56 cm (14 Inch) Touchscreen Display","nan","Windows 11 Home Operating System","1 Year Onsite warranty","竄ｹ1,08,426","竄ｹ1,35,990","20","4.9","8","2","No","https://www.flipkart.com/asus-zenbook-14-oled-2025-office-2024-m365-basic-ai-pc-full-metal-body-intel-core-ultra-5-225h-16-gb-1-tb-ssd-windows-11-home-ux3405ca-pz345ws-thin-light-laptop/p/itmfbbc094660d5e","https://rukminim2.flixcart.com/image/312/312/xif0q/computer/u/s/a/-original-imahcd9nc6gfaxrz.jpeg?q=70","1386"
"COMG49CZGUZZH6XT","ASUS Chromebook Intel Celeron Dual Core N3350 - (4 GB/32 GB EMMC Storage/Chrome OS) C223NA-GJ0074 Chro...","ASUS","Intel Celeron Dual Core Processor","4 GB LPDDR4 RAM","nan","29.46 cm (11.6 inch) Display","nan","Chrome Operating System","1 Year Onsite Warranty","竄ｹ14,589","竄ｹ21,990","33","3.5","1353","159","No","https://www.flipkart.com/asus-chromebook-intel-celeron-dual-core-n3350-4-gb-32-gb-emmc-storage-chrome-os-c223na-gj0074/p/itm58a2ba4e2bab4","https://rukminim2.flixcart.com/image/312/312/xif0q/computer/z/x/c/na-chromebook-asus-original-imah2h4rnmgsn6hc.jpeg?q=70","1387"
"COMH2XBQXCDNWRMU","ASUS Vivobook S 14 (2024) OLED - AI PC, AMD Ryzen AI 9 12 Core HX 370 - (24 GB/512 GB SSD/Windows 11 H...","ASUS","AMD Ryzen AI 9 12 Core Processor","24 GB LPDDR5X RAM","512 GB SSD","35.56 cm (14 Inch) Display","nan","Windows 11 Operating System","1 Year Onsite Warranty","竄ｹ1,14,990","竄ｹ1,52,990","24","4.4","9","1","No","https://www.flipkart.com/asus-vivobook-s-14-2024-oled-ai-pc-amd-ryzen-9-12-core-hx-370-24-gb-512-gb-ssd-windows-11-home-m5406wa-pp961ws-thin-light-laptop/p/itma7161b67a87d6","https://rukminim2.flixcart.com/image/312/312/xif0q/computer/s/b/n/-original-imahcd9tnyrhvrfq.jpeg?q=70","1388"
"COMGAZQHBWHZ7FCN","ASUS Intel Core i3 11th Gen - (8 GB/256 GB SSD/Windows 11 Home) X515EA-BQ312WS Laptop","ASUS","Intel Core i3 Processor (11th Gen)","8 GB DDR4 RAM","256 GB SSD","39.62 cm (15.6 inch) Display","nan","Windows 11 Operating System","nan","竄ｹ35,990","竄ｹ52,990","32","4.2","5","0","No","https://www.flipkart.com/asus-intel-core-i3-11th-gen-8-gb-256-gb-ssd-windows-11-home-x515ea-bq312ws-laptop/p/itm21e61e2cc29de","https://rukminim2.flixcart.com/image/312/312/kgfg2vk0/computer/e/j/f/asus-vivobook-laptop-original-imafwzf5e8awkm9x.jpeg?q=70","1392"
"COMGRYXKPF7CSSDY","ASUS Intel Core i5 13th Gen - (16 GB/512 GB SSD/Windows 11 Home) TP3402VAB-LZ542WS 2 in 1 Laptop","ASUS","Intel Core i5 Processor (13th Gen)","16 GB DDR4 RAM","512 GB SSD","35.56 cm (14 inch) Touchscreen Display","nan","Windows 11 Operating System","1 Year Warranty","竄ｹ68,999","竄ｹ98,999","30","5","3","0","No","https://www.flipkart.com/asus-intel-core-i5-13th-gen-16-gb-512-gb-ssd-windows-11-home-tp3402vab-lz542ws-2-1-laptop/p/itm06a0b4d5dd8a1","https://rukminim2.flixcart.com/image/312/312/xif0q/computer/a/z/m/vivobook-14-flip-2-in-1-laptop-asus-original-imagryxkzpgwmzzs.jpeg?q=70","1393"
"COMG2HCTZZJGGQF8","ASUS VivoBook 17 AMD Ryzen 5 Hexa Core 5500U - (16 GB/512 GB SSD/Windows 10 Home) M712UA-AU521TS Lapto...","ASUS","AMD Ryzen 5 Hexa Core Processor","16 GB DDR4 RAM","512 GB SSD","43.94 cm (17.3 inch) Display","nan","64 bit Windows 10 Operating System","1 Year Onsite Warranty","竄ｹ48,790","竄ｹ75,999","35","3.7","7","0","No","https://www.flipkart.com/asus-vivobook-17-amd-ryzen-5-hexa-core-5500u-16-gb-512-gb-ssd-windows-10-home-m712ua-au521ts-laptop/p/itmf97cc373d425a","https://rukminim2.flixcart.com/image/312/312/kerfl3k0/computer/j/9/y/asus-original-imafvd8kjhgjcd82.jpeg?q=70","1396"
"COMHYYZNRZX2ZMRN","ASUS Vivobook AI PC Intel Core Ultra 9 185H - (16 GB/1 TB SSD/Windows 11 Home) S5606MA-MX951WS Thin an...","ASUS","Intel Core Ultra 9 Processor","16 GB LPDDR5X RAM","1 TB SSD","40.64 cm (16 Inch) Display","nan","Windows 11 Operating System","1 Year Onsite Warranty","竄ｹ1,24,890","竄ｹ1,58,990","21",\N,\N,\N,"No","https://www.flipkart.com/asus-vivobook-ai-pc-intel-core-ultra-9-185h-16-gb-1-tb-ssd-windows-11-home-s5606ma-mx951ws-thin-light-laptop/p/itm36812f0ffaf26","https://rukminim2.flixcart.com/image/312/312/xif0q/computer/x/x/m/-original-imahy9nhbw5rjfys.jpeg?q=70","1397"
"COMGAMGXGNZTYCAC","ASUS Vivobook 15 Intel Core i3 11th Gen 1115G4 - (8 GB/512 GB SSD/Windows 11 Home) X515EA-EJ322WS Lapt...","ASUS","Intel Core i3 Processor (11th Gen)","8 GB DDR4 RAM","512 GB SSD","39.62 cm (15.6 inch) Display","nan","64 bit Windows 10 Operating System","1 Year Onsite Warranty","竄ｹ31,790","竄ｹ56,500","43","4.3","83","2","No","https://www.flipkart.com/asus-vivobook-15-intel-core-i3-11th-gen-1115g4-8-gb-512-gb-ssd-windows-11-home-x515ea-ej322ws-laptop/p/itm21e61e2cc29de","https://rukminim2.flixcart.com/image/312/312/ksyz8280/computer/s/r/z/vivobook15-thin-and-light-laptop-asus-original-imag6eyabh3w846p.jpeg?q=70","1398"
"COMFQV98HEDHQNKR","ASUS VivoBook 14 Intel Core i3 10th Gen 10110U - (4 GB/256 GB SSD/Windows 10 Home) X412FA-EK363T Thin ...","ASUS","Intel Core i3 Processor (10th Gen)","4 GB DDR4 RAM","256 GB SSD","35.56 cm (14 inch) Display","nan","64 bit Windows 10 Operating System","1 Year Onsite Warranty","竄ｹ35,990","竄ｹ45,990","21","4.4","6360","961","No","https://www.flipkart.com/asus-vivobook-14-intel-core-i3-10th-gen-10110u-4-gb-256-gb-ssd-windows-10-home-x412fa-ek363t-thin-light-laptop/p/itm1b2ae4b1d76e5","https://rukminim2.flixcart.com/image/312/312/k91o6fk0/computer/m/h/g/asus-original-imafqxfepbjgxjt4.jpeg?q=70","1399"
"COMGZMKFH9BAZGMQ","ASUS Vivobook 14X For Creator, Intel H-Series Intel Core i5 13th Gen 13500H - (16 GB/512 GB SSD/Window...","ASUS","Intel Core i5 Processor (13th Gen)","16 GB DDR4 RAM","512 GB SSD","35.56 cm (14 Inch) Display","nan","Windows 11 Operating System","1 Year Onsite Warranty","竄ｹ80,999","竄ｹ1,02,000","20",\N,\N,\N,"No","https://www.flipkart.com/asus-vivobook-14x-creator-intel-h-series-core-i5-13th-gen-13500h-16-gb-512-gb-ssd-windows-11-home-4-graphics-nvidia-geforce-rtx-2050-90-hz-50-tgp-k3405vcb-km541ws-gaming-laptop/p/itm0ad4e17692978","https://rukminim2.flixcart.com/image/312/312/xif0q/computer/l/t/c/-original-imahcyp6ryr9zfjr.jpeg?q=70","1402"
"COMHYPYBTZXGB4SV","ASUS Vivobook S 14 OLED AMD Ryzen 5 Hexa Core 7535HS - (16 GB/1 TB SSD/Windows 11 Home) M5406NA-QD551W...","ASUS","AMD Ryzen 5 Hexa Core Processor","16 GB LPDDR5X RAM","1 TB SSD","35.56 cm (14 inch) Display","nan","Windows 11 Operating System","1 Year Onsite Warranty","竄ｹ83,990","竄ｹ1,08,999","22",\N,\N,\N,"No","https://www.flipkart.com/asus-vivobook-s-14-oled-amd-ryzen-5-hexa-core-7535hs-16-gb-1-tb-ssd-windows-11-home-m5406na-qd551ws-thin-light-laptop/p/itma7161b67a87d6","https://rukminim2.flixcart.com/image/312/312/xif0q/computer/a/k/f/-original-imahf2czjkqj4e4n.jpeg?q=70","1405"
"COMGPZUFEEC4RJGB","ASUS X1502ZA Intel Core i5 12th Gen 1235U - (8 GB/512 GB SSD/Windows 11 Home) X1502ZA-EJ532WS Laptop","ASUS","Intel Core i5 Processor (12th Gen)","8 GB DDR4 RAM","512 GB SSD","39.62 cm (15.6 inch) Display","nan","64 bit Windows 11 Operating System","1 Yera International Warranty","竄ｹ47,500","竄ｹ69,990","32","3.8","22","3","No","https://www.flipkart.com/asus-x1502za-intel-core-i5-12th-gen-1235u-8-gb-512-gb-ssd-windows-11-home-x1502za-ej532ws-laptop/p/itmbfffadd8316a9","https://rukminim2.flixcart.com/image/312/312/xif0q/computer/h/e/w/vivobook15-x1502za-laptop-asus-original-imagpzufbzjpzz8r.jpeg?q=70","1406"
"COMGJKURGP9HHDWU","ASUS Intel Core i7 12th Gen - (16 GB/512 GB SSD/Windows 11 Home/4 GB Graphics) S3502ZA-L701WS Laptop","ASUS","Intel Core i7 Processor (12th Gen)","16 GB DDR4 RAM","512 GB SSD","39.62 cm (15.6 inch) Display","nan","Windows 11 Operating System","1 Year Warranty","竄ｹ79,990","竄ｹ1,16,990","31",\N,\N,\N,"No","https://www.flipkart.com/asus-intel-core-i7-12th-gen-16-gb-512-gb-ssd-windows-11-home-4-graphics-s3502za-l701ws-laptop/p/itm829898181efd1","https://rukminim2.flixcart.com/image/312/312/xif0q/computer/x/g/v/s3502za-l701ws-laptop-asus-original-imagjkurty6hnsxf.jpeg?q=70","1407"
"COMGZR89MN5BGFVH","ASUS Intel Core i5 13th Gen - (16 GB/1 TB SSD/Windows 11 Home) K3504VA - LK551WS Laptop","ASUS","Intel Core i5 Processor (13th Gen)","16 GB DDR5 RAM","1 TB SSD","39.62 cm (15.6 inch) Display","nan","Windows 11 Operating System","1 Year Domestic Warranty","竄ｹ72,990","竄ｹ99,990","27",\N,\N,\N,"No","https://www.flipkart.com/asus-intel-core-i5-13th-gen-16-gb-1-tb-ssd-windows-11-home-k3504va-lk551ws-laptop/p/itm4fdeae9daad0d","https://rukminim2.flixcart.com/image/312/312/xif0q/computer/m/z/b/vivobook-15x-oled-laptop-asus-original-imagzr88zmdhde72.jpeg?q=70","1408"
"COMFXU6PYJXDWZD3","ASUS TUF Gaming F17 Intel Core i5 10th Gen 10300H - (8 GB/512 GB SSD/Windows 10 Home/4 GB Graphics/NVI...","ASUS","Intel Core i5 Processor (10th Gen)","8 GB DDR4 RAM","512 GB SSD","43.94 cm (17.3 inch) Display","nan","64 bit Windows 10 Operating System","1 Year Onsite Warranty","竄ｹ66,999","竄ｹ79,770","16","4.8","12","0","Yes","https://www.flipkart.com/asus-tuf-gaming-f17-intel-core-i5-10th-gen-10300h-8-gb-512-gb-ssd-windows-10-home-4-graphics-nvidia-geforce-gtx-1650-ti-120-hz-fx766li-h7058t-laptop/p/itm9600ef3f844e0","https://rukminim2.flixcart.com/image/312/312/kiew3gw0/computer/q/p/u/asus-original-imafy7hcewzzkvj9.jpeg?q=70","1411"
"COMGPFPCY3YUVRWZ","ASUS TUF Gaming F15 with 90WHr Battery Intel H-Series Intel Core i7 13th Gen 13700H - (16 GB/512 GB SS...","ASUS","Intel Core i7 Processor (13th Gen)","16 GB DDR4 RAM","512 GB SSD","39.62 cm (15.6 Inch) Display","nan","Windows 11 Operating System","1 Year Onsite Warranty","竄ｹ1,12,990","竄ｹ1,55,990","27","4.3","16","1","No","https://www.flipkart.com/asus-tuf-gaming-f15-90whr-battery-intel-h-series-core-i7-13th-gen-13700h-16-gb-512-gb-ssd-windows-11-home-6-graphics-nvidia-geforce-rtx-4050-144-hz-140-tgp-fx507vu-lp083ws-laptop/p/itmbf96942aa1674","https://rukminim2.flixcart.com/image/312/312/xif0q/computer/s/p/k/-original-imahcyp87bythjhz.jpeg?q=70","1412"
"COMGFWCYZ3GYT3WZ","ASUS ROG Zephyrus G15 AMD Ryzen 9 Octa Core AMD R9-6900HS - (16 GB/1 TB SSD/Windows 11 Home/8 GB Graph...","ASUS","AMD Ryzen 9 Octa Core Processor","16 GB DDR5 RAM","1 TB SSD","39.62 cm (15.6 inch) Display","nan","64 bit Windows 11 Operating System","1 Year Onsite Warranty","竄ｹ1,45,932","竄ｹ2,44,990","40","4.3","21","1","No","https://www.flipkart.com/asus-rog-zephyrus-g15-amd-ryzen-9-octa-core-r9-6900hs-16-gb-1-tb-ssd-windows-11-home-8-gb-graphics-nvidia-geforce-rtx-3070-ti-240-hz-ga503rw-ln067ws-gaming-laptop/p/itm1e92781175336","https://rukminim2.flixcart.com/image/312/312/xif0q/computer/y/q/w/ga503rw-ln067ws-gaming-laptop-asus-original-imahfzgzy74qw9rq.jpeg?q=70","1415"
"COMGFWCYA8XZNJGD","ASUS ROG Zephyrus Duo 16 Dual Screen Laptop with 90Whr Battery AMD Ryzen 9 Octa Core 6900HX - (32 GB/2...","ASUS","AMD Ryzen 9 Octa Core Processor","32 GB DDR5 RAM","2 TB SSD","40.64 cm (16 Inch) Display","nan","64 bit Windows 11 Operating System","1 Year Onsite Warranty","竄ｹ2,68,990","竄ｹ4,10,990","34",\N,\N,\N,"No","https://www.flipkart.com/asus-rog-zephyrus-duo-16-dual-screen-laptop-90whr-battery-amd-ryzen-9-octa-core-6900hx-32-gb-2-tb-ssd-windows-11-home-16-gb-graphics-nvidia-geforce-rtx-3080-ti-gx650rxz-lo227ws-gaming/p/itm5e961e645311e","https://rukminim2.flixcart.com/image/312/312/l58iaa80/computer/5/q/p/gx650rm-ls019ws-gaming-laptop-asus-original-imagfyg8tkytthbb.jpeg?q=70","1416"
"COMFVKZG5G4Y99G7","ASUS Pro P5 Intel Core i5 8th Gen 8265U - (8 GB/512 GB SSD/Windows 10 Pro) Pro P5 P5440FA Thin and Lig...","ASUS","Intel Core i5 Processor (8th Gen)","8 GB DDR4 RAM","512 GB SSD","35.56 cm (14 inch) Display","nan","64 bit Windows 10 Operating System","1 Year Manufacturer Warranty on the Device and 6 Months Manufacturer Warranty on Included Accessorie","竄ｹ76,999","竄ｹ88,990","13",\N,\N,\N,"Yes","https://www.flipkart.com/asus-pro-p5-intel-core-i5-8th-gen-8265u-8-gb-512-gb-ssd-windows-10-pro-p5440fa-thin-light-laptop/p/itm3004afbd3a221","https://rukminim2.flixcart.com/image/312/312/kf8kvbk0/computer/f/x/f/asus-original-imafvq243ppg4hax.jpeg?q=70","1417"
"COMFVKZG2R4JTFXF","ASUS Pro P5 Intel Core i5 8th Gen 8265U - (8 GB/1 TB HDD/Windows 10 Pro) Pro P5 P5440FA Thin and Light...","ASUS","Intel Core i5 Processor (8th Gen)","8 GB DDR4 RAM","1 TB HDD","35.56 cm (14 inch) Display","nan","64 bit Windows 10 Operating System","1 Year Manufacturer Warranty on the Device and 6 Months Manufacturer Warranty on Included Accessorie","竄ｹ73,999","竄ｹ81,990","9",\N,\N,\N,"No","https://www.flipkart.com/asus-pro-p5-intel-core-i5-8th-gen-8265u-8-gb-1-tb-hdd-windows-10-pro-p5440fa-thin-light-laptop/p/itm3004afbd3a221","https://rukminim2.flixcart.com/image/312/312/kf8kvbk0/computer/f/x/f/asus-original-imafvq243ppg4hax.jpeg?q=70","1418"
"COMGZMKFYWTYHDYH","ASUS Vivobook Pro 15 OLED For Creator, Intel H-Series Intel Core i9 13th Gen 13900H - (16 GB/1 TB SSD/...","ASUS","Intel Core i9 Processor (13th Gen)","16 GB DDR5 RAM","1 TB SSD","39.62 cm (15.6 Inch) Display","nan","Windows 11 Operating System","1 Year Onsite Warranty","竄ｹ1,10,500","竄ｹ1,94,990","43",\N,\N,\N,"No","https://www.flipkart.com/asus-vivobook-pro-15-oled-creator-intel-h-series-core-i9-13th-gen-13900h-16-gb-1-tb-ssd-windows-11-home-6-gb-graphics-nvidia-geforce-rtx-4050-120-hz-65-tgp-k6502vu-ma951ws-gaming-laptop/p/itm9564abf89b2a4","https://rukminim2.flixcart.com/image/312/312/xif0q/computer/c/f/x/-original-imahcyp6h5u5dqhs.jpeg?q=70","1421"
"COMGZDQJYPAZZQNK","ASUS Vivobook Go 14, Equivalent to Intel 12th Gen, Intel Core i3 N305 - (8 GB/512 GB SSD/Windows 11 Ho...","ASUS","Intel Core i3 Processor","8 GB DDR4 RAM","512 GB SSD","35.56 cm (14 Inch) Display","nan","Windows 11 Operating System","1 Year Onsite Warranty","竄ｹ34,990","竄ｹ51,990","32","4.2","512","41","No","https://www.flipkart.com/asus-vivobook-go-14-equivalent-intel-12th-gen-core-i3-n305-8-gb-512-gb-ssd-windows-11-home-e1404ga-nk321ws-thin-light-laptop/p/itm2192eb32ba889","https://rukminim2.flixcart.com/image/312/312/xif0q/computer/y/y/8/-original-imahcd9qwfzxv6pm.jpeg?q=70","1422"
"COMGSFKYGJJSHD86","ASUS Intel Core i5 12th Gen - (8 GB/512 GB SSD/Windows 11 Home/4 GB Graphics/NVIDIA GeForce RTX RTX305...","ASUS","Intel Core i5 Processor (12th Gen)","8 GB DDR5 RAM","512 GB SSD","39.62 cm (15.6 inch) Display","nan","Windows 11 Operating System","1 Year Warranty","竄ｹ86,999","竄ｹ1,01,999","14","3.1","7","2","No","https://www.flipkart.com/asus-intel-core-i5-12th-gen-8-gb-512-gb-ssd-windows-11-home-4-graphics-nvidia-geforce-rtx-rtx3050-4gb-fx507zc4-hn115ws-gaming-laptop/p/itm29763153c646d","https://rukminim2.flixcart.com/image/312/312/xif0q/computer/b/t/t/tuf-f15-gaming-laptop-asus-original-imagsfkyvwqgvzr3.jpeg?q=70","1425"
"COMH89EBGGMF9E8S","ASUS Zenbook Duo OLED (2025) with Office 2024 + M365 Basic*, AI PC Intel Core Ultra 9 285H - (32 GB/1 ...","ASUS","Intel Core Ultra 9 Processor","32 GB LPDDR5X RAM","1 TB SSD","35.56 cm (14 Inch) Touchscreen Display","nan","Windows 11 Home Operating System","1 Year Onsite warranty","竄ｹ2,41,990","竄ｹ2,90,990","16",\N,\N,\N,"No","https://www.flipkart.com/asus-zenbook-duo-oled-2025-office-2024-m365-basic-ai-pc-intel-core-ultra-9-285h-32-gb-1-tb-ssd-windows-11-home-ux8406ca-pz106ws-dual-screen-laptop/p/itmed9c5bf3c42cd","https://rukminim2.flixcart.com/image/312/312/xif0q/computer/9/t/k/-original-imahcd9mtdzfdysy.jpeg?q=70","1426"
"COMGGY2THGDGVTG6","ASUS TUF Gaming F15 Intel Core i5 10th Gen 10300H - (8 GB/512 GB SSD/Windows 11 Home/4 GB Graphics/NVI...","ASUS","Intel Core i5 Processor (10th Gen)","8 GB DDR4 RAM","512 GB SSD","39.62 cm (15.6 inch) Display","nan","64 bit Windows 11 Operating System","1 Year Onsite Warranty","竄ｹ66,990","竄ｹ79,990","16","4.1","46","3","No","https://www.flipkart.com/asus-tuf-gaming-f15-intel-core-i5-10th-gen-10300h-8-gb-512-gb-ssd-windows-11-home-4-graphics-nvidia-geforce-gtx-1650-144-hz-fx506lhb-hn355ws-laptop/p/itme8c93067ece71","https://rukminim2.flixcart.com/image/312/312/xif0q/computer/d/r/1/fx506lhb-hn355ws-gaming-laptop-asus-original-imaggy2tqmnwhkft.jpeg?q=70","1427"
"COMH9SJ99G3QPDSW","ASUS Vivobook 15 (2025) with Office 2024 + M365 Basic* Intel Core i5 13th Gen 1334U - (16 GB/512 GB SS...","ASUS","Intel Core i5 Processor (13th Gen)","16 GB DDR4 RAM","512 GB SSD","39.62 cm (15.6 inch) Display","nan","Windows 11 Home Operating System","1 Year Onsite Warranty","竄ｹ55,890","竄ｹ70,990","21",\N,\N,\N,"No","https://www.flipkart.com/asus-vivobook-15-2025-office-2024-m365-basic-intel-core-i5-13th-gen-1334u-16-gb-512-gb-ssd-windows-11-home-x1504va-nj2218ws-thin-light-laptop/p/itm556a91116ebb6","https://rukminim2.flixcart.com/image/312/312/xif0q/computer/z/b/w/x1504va-nj322ws-thin-and-light-laptop-asus-original-imagznwphty3qzzf.jpeg?q=70","1428"
"COMHFYZ3GZVH37GY","Lenovo IdeaPad Slim 3 Intel Core i5 12th Gen 12450H - (8 GB/512 GB SSD/Windows 11 Home) 14IAH8 Thin an...","Lenovo","Intel Core i5 Processor (12th Gen)","8 GB LPDDR5 RAM","512 GB SSD","35.56 cm (14 Inch) Display","nan","Windows 11 Operating System","nan","竄ｹ41,990","竄ｹ66,090","36","4.2","2268","113","Yes","https://www.flipkart.com/lenovo-ideapad-slim-3-intel-core-i5-12th-gen-12450h-8-gb-512-gb-ssd-windows-11-home-14iah8-thin-light-laptop/p/itm726ac134d0530","https://rukminim2.flixcart.com/image/312/312/xif0q/computer/k/w/p/-original-imahcd9jhjyfutep.jpeg?q=70","1431"
"COMH9XNKYHCBPAHF","Lenovo V 15 (2025) Intel Celeron Dual Core N4500 - (8 GB/256 GB SSD/Windows 11 Home) V 15 Thin and Lig...","Lenovo","Intel Celeron Dual Core Processor","8 GB DDR4 RAM","256 GB SSD","39.62 cm (15.6 inch) Display","nan","64 bit Windows 11 Home Operating System","1 Year Onsite Warranty","竄ｹ21,250","竄ｹ44,990","52","4.2","19","0","Yes","https://www.flipkart.com/lenovo-v-15-2025-intel-celeron-dual-core-n4500-8-gb-256-gb-ssd-windows-11-home-thin-light-laptop/p/itm8a5bab8986d9b","https://rukminim2.flixcart.com/image/312/312/xif0q/computer/u/s/q/v-15-thin-and-light-laptop-lenovo-original-imah9xnkn3nrwmxt.jpeg?q=70","1433"
"COMGTR89FPA5ZWVC","Lenovo Chromebook MediaTek Kompanio 520 - (8 GB/128 GB EMMC Storage/Chrome OS) 14M868 Thin and Light L...","Lenovo","MediaTek Kompanio 520 Processor","8 GB LPDDR4X RAM","nan","35.56 cm (14 inch) Display","nan","Chrome Operating System","1 Year Carry-in Warranty","竄ｹ16,990","竄ｹ30,790","44","3.8","2040","185","No","https://www.flipkart.com/lenovo-chromebook-mediatek-kompanio-520-8-gb-128-gb-emmc-storage-chrome-os-14m868-thin-light-laptop/p/itm4dc67999fe3de","https://rukminim2.flixcart.com/image/312/312/xif0q/computer/f/6/g/-original-imagy3tzbj3xgvu4.jpeg?q=70","1434"
"COMH9XVSGC7SJFUH","Lenovo V 15 (2025) Intel Celeron Dual Core N4500 - (8 GB/256 GB SSD/Windows 11 Pro) V 15 Thin and Ligh...","Lenovo","Intel Celeron Dual Core Processor","8 GB DDR4 RAM","256 GB SSD","39.62 cm (15.6 inch) Display","nan","64 bit Windows 11 Operating System","1 Year Onsite Warranty","竄ｹ21,990","竄ｹ48,990","55","3.3","4","1","No","https://www.flipkart.com/lenovo-v-15-2025-intel-celeron-dual-core-n4500-8-gb-256-gb-ssd-windows-11-pro-thin-light-laptop/p/itm8a5bab8986d9b","https://rukminim2.flixcart.com/image/312/312/xif0q/computer/m/e/c/v-15-thin-and-light-laptop-lenovo-original-imah9xvsawqzqdcb.jpeg?q=70","1435"
"COMH6XHKJSQN4CT3","Lenovo Lenovo V15 G3 IAP Intel Core i5 12th Gen 1235U - (16 GB/512 GB SSD/Windows 11 Home) 82TTA07RIH ...","Lenovo","Intel Core i5 Processor (12th Gen)","16 GB DDR4 RAM","512 GB SSD","39.62 cm (15.6 Inch) Display","nan","Windows 11 Operating System","1 Year Onsite Warranty","竄ｹ46,990","竄ｹ92,014","48","4.1","194","19","Yes","https://www.flipkart.com/lenovo-v15-g3-iap-intel-core-i5-12th-gen-1235u-16-gb-512-gb-ssd-windows-11-home-82tta07rih-thin-light-laptop/p/itm575eadcc5ae49","https://rukminim2.flixcart.com/image/312/312/xif0q/computer/s/x/n/82tta07rih-thin-and-light-laptop-lenovo-original-imah7faabhq2pe3g.jpeg?q=70","1436"
"COMGPYKZAWY8UX6C","Lenovo V15 AMD Ryzen 3 Quad Core 7320U - (8 GB/512 GB SSD/Windows 11 Home) V15 G4 AMN 1 Thin and Light...","Lenovo","AMD Ryzen 3 Quad Core Processor","8 GB LPDDR5 RAM","512 GB SSD","39.62 cm (15.6 inch) Display","nan","Windows 11 Operating System","1 Year Onsite Warranty","竄ｹ27,690","竄ｹ44,567","37","4.2","2050","182","Yes","https://www.flipkart.com/lenovo-v15-amd-ryzen-3-quad-core-7320u-8-gb-512-gb-ssd-windows-11-home-g4-amn-1-thin-light-laptop/p/itmdcccd5f5d1865","https://rukminim2.flixcart.com/image/312/312/xif0q/computer/a/2/1/-original-imahcd9kknantfcb.jpeg?q=70","1437"
"COMHAQ3VKEQ6F7HU","Lenovo LOQ Essential Intel Core i7 12th Gen 12650HX - (12 GB/512 GB SSD/Windows 11 Home/6 GB Graphics/...","Lenovo","Intel Core i7 Processor (12th Gen)","12 GB DDR5 RAM","512 GB SSD","39.62 cm (15.6 Inch) Display","nan","Windows 11 Home Operating System","1 Year Onsite Warranty","竄ｹ68,990","竄ｹ95,090","27","4.2","79","7","Yes","https://www.flipkart.com/lenovo-loq-essential-intel-core-i7-12th-gen-12650hx-12-gb-512-gb-ssd-windows-11-home-6-graphics-nvidia-geforce-rtx-4050-144-hz-15iax9e-gaming-laptop/p/itm04eb1d3fb53f5","https://rukminim2.flixcart.com/image/312/312/xif0q/computer/3/l/1/-original-imahcd9c3kzruqyn.jpeg?q=70","1438"
"COMGYHP5ZGXPZHSZ","Lenovo IdeaPad 1 Intel Celeron Dual Core N4020 - (8 GB/512 GB SSD/Windows 11 Home) 14IGL7/ 15IGL7 Thin...","Lenovo","Intel Celeron Dual Core Processor","8 GB DDR4 RAM","512 GB SSD","35.56 cm (14 Inch) Display","nan","Windows 11 Operating System","nan","竄ｹ25,900","竄ｹ37,690","31","3.9","434","33","No","https://www.flipkart.com/lenovo-ideapad-1-intel-celeron-dual-core-n4020-8-gb-512-gb-ssd-windows-11-home-14igl7-15igl7-thin-light-laptop/p/itm7ecd736658657","https://rukminim2.flixcart.com/image/312/312/xif0q/computer/x/e/s/-original-imahcd9nzgbe6znr.jpeg?q=70","1439"
"COMHATEYE6EA7VHT","Lenovo V14 Intel Core i7 12th Gen 1255U - (16 GB/512 GB SSD/Windows 11 Home) V14 Thin and Light Laptop","Lenovo","Intel Core i7 Processor (12th Gen)","16 GB DDR4 RAM","512 GB SSD","35.56 cm (14 Inch) Display","nan","Windows 11 Operating System","1 Year brand Onsite Warranty","竄ｹ44,999","竄ｹ68,999","34","4.1","1472","127","No","https://www.flipkart.com/lenovo-v14-intel-core-i7-12th-gen-1255u-16-gb-512-gb-ssd-windows-11-home-thin-light-laptop/p/itmd9e399c20f483","https://rukminim2.flixcart.com/image/312/312/xif0q/computer/q/e/7/lenovo-v14-g3-iap-thin-and-light-laptop-lenovo-original-imahaxfhsddxwnc7.jpeg?q=70","1440"
"COMH8VHGGJ9U4PCH","Lenovo IdeaPad Slim 3 Intel Core i5 12th Gen 12450H - (16 GB/512 GB SSD/Windows 11 Home) IdeaPad Slim ...","Lenovo","Intel Core i5 Processor (12th Gen)","16 GB LPDDR5 RAM","512 GB SSD","35.56 cm (14 inch) Display","nan","Windows 11 Home Operating System","1 Year Carry-in Warranty","竄ｹ48,990","竄ｹ70,790","30","4.4","70","7","Yes","https://www.flipkart.com/lenovo-ideapad-slim-3-intel-core-i5-12th-gen-12450h-16-gb-512-gb-ssd-windows-11-home-thin-light-laptop/p/itm9c941ce3b0545","https://rukminim2.flixcart.com/image/312/312/xif0q/computer/s/z/b/-original-imahcd9hevxjhht6.jpeg?q=70","1441"
"COMH3G969EWNAHYG","Lenovo Yoga Slim 7 AI PC Intel Core Ultra 7 155H - (16 GB/1 TB SSD/Windows 11 Home) 14IMH9 Thin and Li...","Lenovo","Intel Core Ultra 7 Processor","16 GB LPDDR5X RAM","1 TB SSD","35.56 cm (14 Inch) Display","nan","Windows 11 Operating System","1 Year Carry-in Warranty","竄ｹ79,990","竄ｹ1,53,190","47","4.2","41","1","Yes","https://www.flipkart.com/lenovo-yoga-slim-7-ai-pc-intel-core-ultra-155h-16-gb-1-tb-ssd-windows-11-home-14imh9-thin-light-laptop/p/itm77304edff3814","https://rukminim2.flixcart.com/image/312/312/xif0q/computer/k/q/t/-original-imahcd9mb6xpncdw.jpeg?q=70","1442"
"COMH39ECM9GXRCKU","Lenovo V15 AMD Ryzen 3 Quad Core 7th Gen 7320U - (8 GB/512 GB SSD/Windows 11 Home/1 GB Graphics) V15 G...","Lenovo","AMD Ryzen 3 Quad Core Processor (7th Gen)","8 GB DDR5 RAM","512 GB SSD","39.62 cm (15.6 inch) Display","nan","64 bit Windows 11 Operating System","nan","竄ｹ27,700","竄ｹ44,990","38","4","125","18","No","https://www.flipkart.com/lenovo-v15-amd-ryzen-3-quad-core-7th-gen-7320u-8-gb-512-gb-ssd-windows-11-home-1-graphics-g4-amn-thin-light-laptop/p/itm575eadcc5ae49","https://rukminim2.flixcart.com/image/312/312/xif0q/computer/0/p/w/-original-imahcd9zhtpmz68d.jpeg?q=70","1443"
"COMH4N9CZ7JKPQQC","Lenovo Slim 5 Co-Pilot Next Gen AI PC Full Metal Snapdragon X Plus - (16 GB/1 TB SSD/Windows 11 Home) ...","Lenovo","Snapdragon X Plus Processor","16 GB LPDDR5X RAM","1 TB SSD","35.56 cm (14 Inch) Display","nan","Windows 11 Operating System","1 Year Carry-in Warranty","竄ｹ64,990","竄ｹ1,25,890","48","4.1","237","34","Yes","https://www.flipkart.com/lenovo-slim-5-co-pilot-next-gen-ai-pc-full-metal-snapdragon-x-plus-16-gb-1-tb-ssd-windows-11-home-14q8x9-thin-light-laptop/p/itm8a59041fc8c0f","https://rukminim2.flixcart.com/image/312/312/xif0q/computer/a/f/s/-original-imahd6dzpmq8aazp.jpeg?q=70","1444"
"COMGP26H8PHCAMZE","Lenovo IdeaPad Slim 3 Intel Core i3 12th Gen 1215U - (8 GB/512 GB SSD/Windows 11 Home) 15IAU7 Thin and...","Lenovo","Intel Core i3 Processor (12th Gen)","8 GB DDR4 RAM","512 GB SSD","39.62 cm (15.6 inch) Display","nan","Windows 11 Operating System","nan","竄ｹ32,800","竄ｹ58,890","44","4.2","1763","99","Yes","https://www.flipkart.com/lenovo-ideapad-slim-3-intel-core-i3-12th-gen-1215u-8-gb-512-gb-ssd-windows-11-home-15iau7-thin-light-laptop/p/itmdfa8fc0e85938","https://rukminim2.flixcart.com/image/312/312/xif0q/computer/v/k/y/-original-imahcd9zvhqtbzcz.jpeg?q=70","1445"
"COMGDMXVJJB2HGMY","Lenovo IdeaPad Slim 1 Intel Celeron Dual Core N4020 - (8 GB/256 GB SSD/Windows 11 Home) 14IGL7 Thin an...","Lenovo","Intel Celeron Dual Core Processor","8 GB DDR4 RAM","256 GB SSD","35.56 cm (14 Inch) Display","nan","64 bit Windows 11 Operating System","nan","竄ｹ25,890","竄ｹ40,490","36","4.1","2762","237","No","https://www.flipkart.com/lenovo-ideapad-slim-1-intel-celeron-dual-core-n4020-8-gb-256-gb-ssd-windows-11-home-14igl7-thin-light-laptop/p/itm7ecd736658657","https://rukminim2.flixcart.com/image/312/312/xif0q/computer/i/y/c/-original-imahyfx7gjhh7jf6.jpeg?q=70","1446"
"COMH44PG7GYR5HXZ","Lenovo Yoga 7 Intel Core i5 13th Gen 1340P - (16 GB/512 GB SSD/Windows 11 Home) 14IRL8 Thin and Light ...","Lenovo","Intel Core i5 Processor (13th Gen)","16 GB LPDDR5 RAM","512 GB SSD","35.56 cm (14 Inch) Touchscreen Display","nan","Windows 11 Operating System","1 Year Carry-in Warranty","竄ｹ86,190","竄ｹ1,11,690","22","4.4","28","6","Yes","https://www.flipkart.com/lenovo-yoga-7-intel-core-i5-13th-gen-1340p-16-gb-512-gb-ssd-windows-11-home-14irl8-thin-light-laptop/p/itm3cf756c3e7c1e","https://rukminim2.flixcart.com/image/312/312/xif0q/computer/n/y/t/-original-imahcd9mpxjm3ump.jpeg?q=70","1447"
"COMHA9FK85KZEHTC","Lenovo IdeaPad Slim 3 15ABR8 AMD Ryzen 7 Octa Core 5825U - (16 GB/512 GB SSD/Windows 11 Home) 15ABR8 T...","Lenovo","AMD Ryzen 7 Octa Core Processor","16 GB DDR4 RAM","512 GB SSD","39.62 cm (15.6 Inch) Display","nan","Windows 11 Home Operating System","1 Year Carry-in Warranty","竄ｹ48,190","竄ｹ59,090","18",\N,\N,\N,"No","https://www.flipkart.com/lenovo-ideapad-slim-3-15abr8-amd-ryzen-7-octa-core-5825u-16-gb-512-gb-ssd-windows-11-home-thin-light-laptop/p/itm05c9e4e1fadcb","https://rukminim2.flixcart.com/image/312/312/xif0q/computer/0/r/r/slim-3-thin-and-light-laptop-lenovo-original-imags8fdsqjxjj56.jpeg?q=70","1448"
"COMGSYYSHRSUEGMG","Lenovo Chromebook MediaTek Kompanio 520 - (4 GB/128 GB EMMC Storage/Chrome OS) 14M868 Chromebook","Lenovo","MediaTek Kompanio 520 Processor","4 GB LPDDR4X RAM","nan","35.56 cm (14 Inch) Display","nan","Chrome Operating System","1 Year Carry-in Warranty","竄ｹ22,190","竄ｹ28,690","22","3.8","2040","185","No","https://www.flipkart.com/lenovo-chromebook-mediatek-kompanio-520-4-gb-128-gb-emmc-storage-chrome-os-14m868/p/itm4dc67999fe3de","https://rukminim2.flixcart.com/image/312/312/xif0q/computer/f/6/g/-original-imagy3tzbj3xgvu4.jpeg?q=70","1449"
"COMH6ACMHPWDN4V3","Lenovo Intel Core i3 12th Gen - (16 GB/512 GB SSD/Windows 11 Home) V14 Thin and Light Laptop","Lenovo","Intel Core i3 Processor (12th Gen)","16 GB DDR4 RAM","512 GB SSD","39.62 cm (15.6 inch) Display","nan","Windows 11 Home Operating System","nan","竄ｹ31,990","竄ｹ52,990","39","4","94","6","Yes","https://www.flipkart.com/lenovo-intel-core-i3-12th-gen-16-gb-512-gb-ssd-windows-11-home-v14-thin-light-laptop/p/itmc3562e2732a4c","https://rukminim2.flixcart.com/image/312/312/xif0q/computer/g/v/k/v-series-thin-and-light-laptop-lenovo-original-imah6aa6nmyx3y4z.jpeg?q=70","1450"
"COMHA9FKHGD4RUXN","Lenovo IdeaPad Slim 3 15ABR8 AMD Ryzen 5 Hexa Core 5625U - (16 GB/512 GB SSD/Windows 11 Home) 82XM00QD...","Lenovo","AMD Ryzen 5 Hexa Core Processor","16 GB DDR4 RAM","512 GB SSD","39.62 cm (15.6 Inch) Display","nan","Windows 11 Home Operating System","1 Year Carry-in Warranty","竄ｹ42,690","竄ｹ59,090","27","4.8","12","2","Yes","https://www.flipkart.com/lenovo-ideapad-slim-3-15abr8-amd-ryzen-5-hexa-core-5625u-16-gb-512-gb-ssd-windows-11-home-82xm00qdin-thin-light-laptop/p/itm1728625e47c8e","https://rukminim2.flixcart.com/image/312/312/xif0q/computer/p/a/x/-original-imahcd9ktvwgthvz.jpeg?q=70","1451"
"COMGSC4EUJHDCX7Y","Lenovo IdeaPad Flex 5 Intel Core i3 13th Gen 1315U - (8 GB/512 GB SSD/Windows 11 Home) 14IRU8 2 in 1 L...","Lenovo","Intel Core i3 Processor (13th Gen)","8 GB LPDDR4X RAM","512 GB SSD","35.56 cm (14 inch) Touchscreen Display","nan","Windows 11 Operating System","1Yr Warranty + 1 Yr Premium Care and 1 Yr Accidental Damage Protection","竄ｹ49,990","竄ｹ83,890","40","4.3","130","9","Yes","https://www.flipkart.com/lenovo-ideapad-flex-5-intel-core-i3-13th-gen-1315u-8-gb-512-gb-ssd-windows-11-home-14iru8-2-1-laptop/p/itmd4a374447028a","https://rukminim2.flixcart.com/image/312/312/xif0q/computer/n/y/s/-original-imahcd9kdjv56y5c.jpeg?q=70","1452"
"COMH23FAEHT3AWVG","Lenovo IdeaPad 3 Chrome Intel Celeron Dual Core N4500 - (8 GB/Chrome OS) 15IJL6 Chromebook","Lenovo","Intel Celeron Dual Core Processor","8 GB LPDDR4X RAM","nan","39.62 cm (15.6 Inch) Display","nan","Chrome Operating System","1 Year Carry-in Warranty","竄ｹ16,990","竄ｹ31,490","46","3.1","8","1","No","https://www.flipkart.com/lenovo-ideapad-3-chrome-intel-celeron-dual-core-n4500-8-gb-chrome-os-15ijl6-chromebook/p/itmc635c4106a281","https://rukminim2.flixcart.com/image/312/312/xif0q/computer/c/q/e/-original-imah58wkmru6vp4r.jpeg?q=70","1453"
"COMHFYZ3DGBDSGGY","Lenovo LOQ AMD Ryzen 5 Quad Core 7235HS - (12 GB/512 GB SSD/Windows 11 Home/6 GB Graphics/NVIDIA GeFor...","Lenovo","AMD Ryzen 5 Quad Core Processor","12 GB DDR5 RAM","512 GB SSD","39.62 cm (15.6 Inch) Display","nan","Windows 11 Operating System","1Yr Warranty and 1 Yr Accidental Damage Protection","竄ｹ70,990","竄ｹ90,000","21","4.3","369","43","No","https://www.flipkart.com/lenovo-loq-amd-ryzen-5-quad-core-7235hs-12-gb-512-gb-ssd-windows-11-home-6-graphics-nvidia-geforce-rtx-3050-15arp9-gaming-laptop/p/itmd3fbbdced2d6b","https://rukminim2.flixcart.com/image/312/312/xif0q/computer/r/m/s/-original-imahcd9jjsuxzvbf.jpeg?q=70","1454"
"COMGTYDAGSWYRJGW","Lenovo IdeaPad Slim 5 Intel Core i5 13th Gen - (16 GB/512 GB SSD/Windows 11 Home) 82XD003MIN Thin and ...","Lenovo","Intel Core i5 Processor (13th Gen)","16 GB LPDDR5 RAM","512 GB SSD","35.56 cm (14 inch) Display","nan","Windows 11 Operating System","1Yr Warranty + 1 Yr Premium Care and 1 Yr Accidental Damage Protection","竄ｹ57,890","竄ｹ73,999","21","4.1","109","6","No","https://www.flipkart.com/lenovo-ideapad-slim-5-intel-core-i5-13th-gen-16-gb-512-gb-ssd-windows-11-home-82xd003min-thin-light-laptop/p/itm95fa1ff34e75c","https://rukminim2.flixcart.com/image/312/312/xif0q/computer/j/q/f/-original-imahcd9ctzw4y6me.jpeg?q=70","1455"
"COMGVQ2Y3ENU2RNV","Lenovo IdeaPad Slim 3 Backlit Intel Core i5 12th Gen 12450H - (16 GB/512 GB SSD/Windows 11 Home) 15IAH...","Lenovo","Intel Core i5 Processor (12th Gen)","16 GB LPDDR5 RAM","512 GB SSD","39.62 cm (15.6 Inch) Display","nan","Windows 11 Operating System","nan","竄ｹ51,499","竄ｹ75,000","31","4.2","720","54","No","https://www.flipkart.com/lenovo-ideapad-slim-3-backlit-intel-core-i5-12th-gen-12450h-16-gb-512-gb-ssd-windows-11-home-15iah8-thin-light-laptop/p/itm76f0e5d975817","https://rukminim2.flixcart.com/image/312/312/xif0q/computer/7/s/e/-original-imahcd9jz6sk6rd8.jpeg?q=70","1456"
"COMGSB23REP7G84N","Lenovo IdeaPad 1 AMD Athlon Dual Core 7120U - (8 GB/512 GB SSD/Windows 11 Home) 15AMN7 Thin and Light ...","Lenovo","AMD Athlon Dual Core Processor","8 GB LPDDR5 RAM","512 GB SSD","39.62 cm (15.6 inch) Display","nan","Windows 11 Operating System","nan","竄ｹ30,100","竄ｹ45,500","33","4.2","2073","196","No","https://www.flipkart.com/lenovo-ideapad-1-amd-athlon-dual-core-7120u-8-gb-512-gb-ssd-windows-11-home-15amn7-thin-light-laptop/p/itm3ee2f5da49d46","https://rukminim2.flixcart.com/image/312/312/xif0q/computer/b/l/r/-original-imahcd9purr4up9b.jpeg?q=70","1459"
"COMGTVXCHXKNHYY2","Lenovo Intel Core i7 12th Gen 1255U - (16 GB/512 GB SSD/Windows 11 Home) V15 G3 IAP Thin and Light Lap...","Lenovo","Intel Core i7 Processor (12th Gen)","16 GB DDR4 RAM","512 GB SSD","39.62 cm (15.6 Inch) Display","nan","Windows 11 Operating System","1 Year Onsite Warranty","竄ｹ51,000","竄ｹ90,990","43","4.1","1472","127","No","https://www.flipkart.com/lenovo-intel-core-i7-12th-gen-1255u-16-gb-512-gb-ssd-windows-11-home-v15-g3-iap-thin-light-laptop/p/itm930d2b10f8362","https://rukminim2.flixcart.com/image/312/312/xif0q/computer/m/y/x/-original-imahcd9j6vg8msxd.jpeg?q=70","1460"
"COMHYG8ZDVPTUYYB","Lenovo IdeaPad 1 AMD Ryzen 7 Octa Core 5700U - (16 GB/512 GB SSD/Windows 11 Home) 15ALC7 Thin and Ligh...","Lenovo","AMD Ryzen 7 Octa Core Processor","16 GB DDR4 RAM","512 GB SSD","39.62 cm (15.6 inch) Display","nan","Windows 11 Operating System","nan","竄ｹ42,990","竄ｹ73,690","41","4.2","437","31","Yes","https://www.flipkart.com/lenovo-ideapad-1-amd-ryzen-7-octa-core-5700u-16-gb-512-gb-ssd-windows-11-home-15alc7-thin-light-laptop/p/itmd44c92b46b181","https://rukminim2.flixcart.com/image/312/312/xif0q/computer/d/6/b/-original-imahcd9hbzy6ztqh.jpeg?q=70","1463"
"COMGSVFETYUGZUHR","Lenovo Yoga Slim 6 WUXGA OLED Intel Core i5 13th Gen 13500H - (16 GB/512 GB SSD/Windows 11 Home) 14IRH...","Lenovo","Intel Core i5 Processor (13th Gen)","16 GB LPDDR5X RAM","512 GB SSD","35.56 cm (14 inch) Display","nan","Windows 11 Operating System","1Yr Warranty + 1 Yr Premium Care and 1 Yr Accidental Damage Protection","竄ｹ63,990","竄ｹ1,11,890","42","4.4","284","37","No","https://www.flipkart.com/lenovo-yoga-slim-6-wuxga-oled-intel-core-i5-13th-gen-13500h-16-gb-512-gb-ssd-windows-11-home-14irh8-thin-light-laptop/p/itm4914c3143a9a5","https://rukminim2.flixcart.com/image/312/312/xif0q/computer/3/g/0/-original-imahcd9nqyg48ejm.jpeg?q=70","1464"
"COMHFEJKB4ENJGYN","Lenovo AMD Ryzen 7 Octa Core 7730U - (16 GB/512 GB SSD/Windows 11 Home) V15 G4 Thin and Light Laptop","Lenovo","AMD Ryzen 7 Octa Core Processor","16 GB DDR4 RAM","512 GB SSD","39.62 cm (15.6 Inch) Display","nan","Windows 11 Operating System","1 Year Onsite Warranty","竄ｹ33,999","竄ｹ62,100","45","4.3","322","27","Yes","https://www.flipkart.com/lenovo-amd-ryzen-7-octa-core-7730u-16-gb-512-gb-ssd-windows-11-home-v15-g4-thin-light-laptop/p/itm0ed77e73122ed","https://rukminim2.flixcart.com/image/312/312/xif0q/computer/x/o/p/-original-imahcd9j4hz9buyx.jpeg?q=70","1465"
"COMHFYZ3CN5WHUR8","Lenovo IdeaPad 1 Intel Celeron Dual Core N4020 - (8 GB/512 GB SSD/Windows 11 Home) 14IGL7 Thin and Lig...","Lenovo","Intel Celeron Dual Core Processor","8 GB DDR4 RAM","512 GB SSD","35.56 cm (14 Inch) Display","nan","Windows 11 Operating System","nan","竄ｹ25,900","竄ｹ36,990","29","4.1","432","22","No","https://www.flipkart.com/lenovo-ideapad-1-intel-celeron-dual-core-n4020-8-gb-512-gb-ssd-windows-11-home-14igl7-thin-light-laptop/p/itm146632ae84dbc","https://rukminim2.flixcart.com/image/312/312/xif0q/computer/t/1/p/-original-imahcd9k7vzz58mg.jpeg?q=70","1466"
"COMGX2XUHXRRPTG9","Lenovo IdeaPad Slim 3 Intel Core i5 12th Gen 12450H - (16 GB/512 GB SSD/Windows 11 Home) 15IAH8 Thin a...","Lenovo","Intel Core i5 Processor (12th Gen)","16 GB LPDDR5 RAM","512 GB SSD","39.62 cm (15.6 Inch) Display","nan","Windows 11 Operating System","nan","竄ｹ49,699","竄ｹ76,990","35","4","41","4","No","https://www.flipkart.com/lenovo-ideapad-slim-3-intel-core-i5-12th-gen-12450h-16-gb-512-gb-ssd-windows-11-home-15iah8-thin-light-laptop/p/itm76f0e5d975817","https://rukminim2.flixcart.com/image/312/312/xif0q/computer/8/2/w/-original-imah8h6c984zypew.jpeg?q=70","1469"
"COMH3FFPG5KG2XZJ","Lenovo Yoga Slim 7 AI PC Intel Core Ultra 5 125H - (16 GB/512 GB SSD/Windows 11 Home) 14IMH9 Thin and ...","Lenovo","Intel Core Ultra 5 Processor","16 GB LPDDR5X RAM","512 GB SSD","35.56 cm (14 Inch) Display","nan","Windows 11 Operating System","1 Year Onsite Warranty","竄ｹ79,190","竄ｹ1,25,890","37","4.4","60","7","Yes","https://www.flipkart.com/lenovo-yoga-slim-7-ai-pc-intel-core-ultra-5-125h-16-gb-512-gb-ssd-windows-11-home-14imh9-thin-light-laptop/p/itm77304edff3814","https://rukminim2.flixcart.com/image/312/312/xif0q/computer/p/n/l/-original-imahcsn68gqqttf5.jpeg?q=70","1470"
"COMGHNMAMVAGBW35","Lenovo IdeaPad Slim 3 Intel Intel Celeron Dual Core N4020 - (8 GB/256 GB SSD/Windows 11 Home) 15IGL05 ...","Lenovo","Intel Celeron Dual Core Processor","8 GB DDR4 RAM","256 GB SSD","39.62 cm (15.6 Inch) Display","nan","64 bit Windows 11 Operating System","2 Yr Warranty","竄ｹ24,980","竄ｹ38,900","35","3.9","434","33","No","https://www.flipkart.com/lenovo-ideapad-slim-3-intel-celeron-dual-core-n4020-8-gb-256-gb-ssd-windows-11-home-15igl05-thin-light-laptop/p/itm4a1dfc32cc4a9","https://rukminim2.flixcart.com/image/312/312/xif0q/computer/f/n/o/-original-imagrynqnjxnm2ee.jpeg?q=70","1473"
"COMGYSFGHPSWGZSV","Lenovo LOQ Intel Core i5 13th Gen 13450HX - (16 GB/512 GB SSD/Windows 11 Home/6 GB Graphics/NVIDIA GeF...","Lenovo","Intel Core i5 Processor (13th Gen)","16 GB DDR5 RAM","512 GB SSD","39.62 cm (15.6 Inch) Display","nan","Windows 11 Operating System","1Yr Warranty and 1 Yr Accidental Damage Protection","竄ｹ71,990","竄ｹ1,04,490","31","4.3","1642","138","Yes","https://www.flipkart.com/lenovo-loq-intel-core-i5-13th-gen-13450hx-16-gb-512-gb-ssd-windows-11-home-6-graphics-nvidia-geforce-rtx-3050-15irx9d2-gaming-laptop/p/itm4a19730d181b4","https://rukminim2.flixcart.com/image/312/312/xif0q/computer/q/x/2/-original-imahcd9h24um3gds.jpeg?q=70","1474"
"COMH76FG3MCSNRDV","Lenovo V14 Intel Core i5 12th Gen 1235U - (16 GB/512 GB SSD/Windows 11 Home) V 14 Thin and Light Lapto...","Lenovo","Intel Core i5 Processor (12th Gen)","16 GB DDR4 RAM","512 GB SSD","35.81 cm (14.1 inch) Display","nan","64 bit Windows 11 Operating System","1 Year Onsite Warranty","竄ｹ41,490","竄ｹ47,990","13","4.2","1007","72","Yes","https://www.flipkart.com/lenovo-v14-intel-core-i5-12th-gen-1235u-16-gb-512-gb-ssd-windows-11-home-v-14-thin-light-laptop/p/itme87a00a2ff6c2","https://rukminim2.flixcart.com/image/312/312/xif0q/computer/q/q/c/lenovo-v14-g3-laptop-lenovo-original-imah34rsm7bxeswg.jpeg?q=70","1475"
"COMH9XXGYWKVKBFU","Lenovo V 15 (2025) Intel Core i3 12th Gen 1215U - (16 GB/512 GB SSD/Windows 11 Pro) V 15 Thin and Ligh...","Lenovo","Intel Core i3 Processor (12th Gen)","16 GB DDR4 RAM","512 GB SSD","39.62 cm (15.6 inch) Display","nan","64 bit Windows 11 Operating System","nan","竄ｹ34,990","竄ｹ74,990","53","4.6","12","0","No","https://www.flipkart.com/lenovo-v-15-2025-intel-core-i3-12th-gen-1215u-16-gb-512-gb-ssd-windows-11-pro-thin-light-laptop/p/itm8a5bab8986d9b","https://rukminim2.flixcart.com/image/312/312/xif0q/computer/7/r/k/v-15-thin-and-light-laptop-lenovo-original-imah9yu5xbkcr4fh.jpeg?q=70","1476"
"COMGVQ2YXAFDRBHQ","Lenovo IdeaPad Slim 5 Intel Core i5 12th Gen 12450H - (16 GB/1 TB SSD/Windows 11 Home) 14IAH8 Thin and...","Lenovo","Intel Core i5 Processor (12th Gen)","16 GB LPDDR5 RAM","1 TB SSD","35.56 cm (14 Inch) Display","nan","Windows 11 Operating System","1Yr Warranty + 1 Yr Premium Care and 1 Yr Accidental Damage Protection","竄ｹ57,990","竄ｹ78,590","26","4.2","623","54","Yes","https://www.flipkart.com/lenovo-ideapad-slim-5-intel-core-i5-12th-gen-12450h-16-gb-1-tb-ssd-windows-11-home-14iah8-thin-light-laptop/p/itmc63731ed924b8","https://rukminim2.flixcart.com/image/312/312/xif0q/computer/j/q/f/-original-imahcd9ctzw4y6me.jpeg?q=70","1478"
"COMGUEFKSXPBMHUZ","Lenovo AMD Ryzen 5 Quad Core R5-5500H - (8 GB/512 GB SSD/Windows 11 Home/4 GB Graphics/NVIDIA GeForce ...","Lenovo","AMD Ryzen 5 Quad Core Processor","8 GB DDR4 RAM","512 GB SSD","39.62 cm (15.6 inch) Display","nan","Windows 11 Operating System","1 Year warranty","竄ｹ52,990","竄ｹ76,323","30","4.2","325","30","No","https://www.flipkart.com/lenovo-amd-ryzen-5-quad-core-r5-5500h-8-gb-512-gb-ssd-windows-11-home-4-graphics-nvidia-geforce-rtx-nvidia-geforce-rtx-2050-82k2028qin-gaming-laptop/p/itm2a46b1c472cac","https://rukminim2.flixcart.com/image/312/312/xif0q/computer/i/y/u/-original-imah2h5mt5yqzjfu.jpeg?q=70","1479"
"COMH7XF95SGTY5E6","Lenovo IdeaPad Slim 3 Intel Core i5 12th Gen 12450H - (16 GB/512 GB SSD/Windows 11 Home) 14IAH8 Thin a...","Lenovo","Intel Core i5 Processor (12th Gen)","16 GB LPDDR5 RAM","512 GB SSD","35.56 cm (14 Inch) Display","nan","Windows 11 Operating System","1 Year Onsite Warranty","竄ｹ49,260","竄ｹ72,490","32","4.1","28","2","Yes","https://www.flipkart.com/lenovo-ideapad-slim-3-intel-core-i5-12th-gen-12450h-16-gb-512-gb-ssd-windows-11-home-14iah8-thin-light-laptop/p/itm726ac134d0530","https://rukminim2.flixcart.com/image/312/312/xif0q/computer/x/0/k/14iah8-thin-and-light-laptop-lenovo-original-imahfyrf9zzhzyy5.jpeg?q=70","1480"
"COMH9WJTYXG3PV4R","Lenovo V 14 (2025) AMD Ryzen 3 Quad Core 7320U - (8 GB/512 GB SSD/Windows 11 Pro) V 14 Thin and Light ...","Lenovo","AMD Ryzen 3 Quad Core Processor","8 GB LPDDR5 RAM","512 GB SSD","35.56 cm (14 inch) Display","nan","64 bit Windows 11 Operating System","1 Year Onsite Warranty","竄ｹ27,690","竄ｹ67,990","59",\N,\N,\N,"No","https://www.flipkart.com/lenovo-v-14-2025-amd-ryzen-3-quad-core-7320u-8-gb-512-gb-ssd-windows-11-pro-thin-light-laptop/p/itm06121c218e9d8","https://rukminim2.flixcart.com/image/312/312/xif0q/computer/i/v/h/v-14-thin-and-light-laptop-lenovo-original-imah9ytqvwg3dczp.jpeg?q=70","1483"
"COMH9YS9Q5AHDWYF","Lenovo V 15 (2025) AMD Ryzen 5 Quad Core 7520U - (8 GB/512 GB SSD/Windows 11 Home) V 15 Thin and Light...","Lenovo","AMD Ryzen 5 Quad Core Processor","8 GB LPDDR5 RAM","512 GB SSD","39.62 cm (15.6 inch) Display","nan","64 bit Windows 11 Home Operating System","1 Year Onsite Warranty","竄ｹ33,990","竄ｹ64,990","47",\N,\N,\N,"No","https://www.flipkart.com/lenovo-v-15-2025-amd-ryzen-5-quad-core-7520u-8-gb-512-gb-ssd-windows-11-home-thin-light-laptop/p/itm8a5bab8986d9b","https://rukminim2.flixcart.com/image/312/312/xif0q/computer/c/2/q/v-15-thin-and-light-laptop-lenovo-original-imah9xx3feghk8fz.jpeg?q=70","1484"
"COMGN2YDSFGGXYG3","Lenovo IdeaPad Slim 1 AMD Ryzen 5 Hexa Core 5500U - (16 GB/512 GB SSD/Windows 11 Home) 15ALC7 Thin and...","Lenovo","AMD Ryzen 5 Hexa Core Processor","16 GB DDR4 RAM","512 GB SSD","39.62 cm (15.6 inch) Display","nan","Windows 11 Operating System","2 Yr Warranty","竄ｹ40,190","竄ｹ61,990","35","4.2","6439","544","Yes","https://www.flipkart.com/lenovo-ideapad-slim-1-amd-ryzen-5-hexa-core-5500u-16-gb-512-gb-ssd-windows-11-home-15alc7-thin-light-laptop/p/itmce54714ae1cd8","https://rukminim2.flixcart.com/image/312/312/xif0q/computer/r/j/p/-original-imahcd9zbkdw7g6r.jpeg?q=70","1485"
"COMHFYZ3VJ36ZTJZ","Lenovo IdeaPad 3 Intel Core i3 12th Gen 1215U - (8 GB/512 GB SSD/Windows 11 Home) 14IAU7 Thin and Ligh...","Lenovo","Intel Core i3 Processor (12th Gen)","8 GB DDR4 RAM","512 GB SSD","35.56 cm (14 Inch) Display","nan","Windows 11 Operating System","nan","竄ｹ34,990","竄ｹ55,190","36","4.2","325","17","Yes","https://www.flipkart.com/lenovo-ideapad-3-intel-core-i3-12th-gen-1215u-8-gb-512-gb-ssd-windows-11-home-14iau7-thin-light-laptop/p/itmdfa8fc0e85938","https://rukminim2.flixcart.com/image/312/312/xif0q/computer/e/p/m/-original-imahcd9mmtszmdvk.jpeg?q=70","1486"
"COMGVQ2YB9SU8KMF","Lenovo IdeaPad Slim 3 Intel Core i5 13th Gen 13420H - (16 GB/512 GB SSD/Windows 11 Home) 15IRH8 Thin a...","Lenovo","Intel Core i5 Processor (13th Gen)","16 GB LPDDR5 RAM","512 GB SSD","39.62 cm (15.6 Inch) Display","nan","Windows 11 Operating System","nan","竄ｹ57,590","竄ｹ86,590","33","4.3","773","49","Yes","https://www.flipkart.com/lenovo-ideapad-slim-3-intel-core-i5-13th-gen-13420h-16-gb-512-gb-ssd-windows-11-home-15irh8-thin-light-laptop/p/itm76f0e5d975817","https://rukminim2.flixcart.com/image/312/312/xif0q/computer/e/w/g/-original-imahcd9ne2t4zawk.jpeg?q=70","1489"
"COMGP6GT2USDYFPR","Lenovo Intel Intel Core i3 12th Gen 1215U - (8 GB/512 GB SSD/DOS) V15 G3 IAP Thin and Light Laptop","Lenovo","Intel Core i3 Processor (12th Gen)","8 GB DDR4 RAM","512 GB SSD","39.62 cm (15.6 Inch) Display","nan","DOS Operating System","1 Year Onsite Warranty","竄ｹ31,490","竄ｹ71,400","55","4","80","6","Yes","https://www.flipkart.com/lenovo-intel-core-i3-12th-gen-1215u-8-gb-512-gb-ssd-dos-v15-g3-iap-thin-light-laptop/p/itm8d59a87eee8c0","https://rukminim2.flixcart.com/image/312/312/xif0q/computer/s/8/b/-original-imah4dcjm3zkhchd.jpeg?q=70","1490"
"COMGSZB4JSGMR3ZH","Lenovo IdeaPad Slim 3 Backlit AMD Ryzen 7 Octa Core 5th Gen - (16 GB/512 GB SSD/Windows 11 Home) 82KU0...","Lenovo","AMD Ryzen 7 Octa Core Processor (5th Gen)","16 GB DDR4 RAM","512 GB SSD","39.62 cm (15.6 inch) Display","nan","Windows 11 Operating System","nan","竄ｹ53,990","竄ｹ74,090","27","4.4","16","1","No","https://www.flipkart.com/lenovo-ideapad-slim-3-backlit-amd-ryzen-7-octa-core-5th-gen-16-gb-512-gb-ssd-windows-11-home-82ku024gin-thin-light-laptop/p/itmfb998e0e27a50","https://rukminim2.flixcart.com/image/312/312/xif0q/computer/x/z/h/-original-imaguyhzpne7epz2.jpeg?q=70","1493"
"COMH44PGNWF6MZYC","Lenovo IdeaPad 3 Intel Core i3 12th Gen 1215U - (8 GB/512 GB SSD/Windows 11 Home) 15IAU7 Thin and Ligh...","Lenovo","Intel Core i3 Processor (12th Gen)","8 GB DDR4 RAM","512 GB SSD","39.62 cm (15.6 Inch) Display","nan","Windows 11 Operating System","nan","竄ｹ32,800","竄ｹ49,190","33","4.3","539","41","Yes","https://www.flipkart.com/lenovo-ideapad-3-intel-core-i3-12th-gen-1215u-8-gb-512-gb-ssd-windows-11-home-15iau7-thin-light-laptop/p/itm58722d471ef90","https://rukminim2.flixcart.com/image/312/312/xif0q/computer/r/5/a/-original-imahcdjwbch5hvz8.jpeg?q=70","1494"
"COMGRU9Z2UHKHSWQ","Lenovo IdeaPad Flex 5 AMD Ryzen 5 Hexa Core 7530U - (16 GB/512 GB SSD/Windows 11 Home) 14ABR8 2 in 1 L...","Lenovo","AMD Ryzen 5 Hexa Core Processor","16 GB LPDDR4X RAM","512 GB SSD","35.56 cm (14 Inch) Touchscreen Display","nan","Windows 11 Operating System","1Yr Warranty + 1 Yr Premium Care and 1 Yr Accidental Damage Protection","竄ｹ60,490","竄ｹ93,190","35","4.2","117","11","No","https://www.flipkart.com/lenovo-ideapad-flex-5-amd-ryzen-hexa-core-7530u-16-gb-512-gb-ssd-windows-11-home-14abr8-2-1-laptop/p/itm53fa0d9c1fdd7","https://rukminim2.flixcart.com/image/312/312/xif0q/computer/c/9/q/-original-imahcd9dwjfyqzbn.jpeg?q=70","1495"
"COMH44GKN7KZVBT7","Lenovo IdeaPad 3 Intel Core i3 12th Gen 1215U - (8 GB/512 GB SSD/Windows 11 Home) 15IAU7 Thin and Ligh...","Lenovo","Intel Core i3 Processor (12th Gen)","8 GB DDR4 RAM","512 GB SSD","39.62 cm (15.6 Inch) Display","nan","Windows 11 Operating System","nan","竄ｹ32,990","竄ｹ57,590","42",\N,\N,\N,"No","https://www.flipkart.com/lenovo-ideapad-3-intel-core-i3-12th-gen-1215u-8-gb-512-gb-ssd-windows-11-home-15iau7-thin-light-laptop/p/itme38b4c2cd4dfa","https://rukminim2.flixcart.com/image/312/312/xif0q/computer/u/x/j/-original-imaguyhzutzdrzus.jpeg?q=70","1496"
"COMGRU9ZYEHC4H5K","Lenovo IdeaPad Slim 3 AMD Ryzen 5 Quad Core 7520U - (16 GB/512 GB SSD/Windows 11 Home) 15AMN8 Thin and...","Lenovo","AMD Ryzen 5 Quad Core Processor","16 GB LPDDR5 RAM","512 GB SSD","39.62 cm (15.6 Inch) Display","nan","Windows 11 Operating System","nan","竄ｹ42,999","竄ｹ72,190","40","4","198","16","No","https://www.flipkart.com/lenovo-ideapad-slim-3-amd-ryzen-5-quad-core-7520u-16-gb-512-gb-ssd-windows-11-home-15amn8-thin-light-laptop/p/itm76f0e5d975817","https://rukminim2.flixcart.com/image/312/312/xif0q/computer/v/s/f/-original-imahcd9da9pnhmwg.jpeg?q=70","1499"
"COMFGKX99ZCBR3YF","Lenovo V Series AMD APU Quad Core A4 9125 - (8 GB/1 TB HDD/DOS) V145 Laptop","Lenovo","AMD APU Quad Core A4 Processor","8 GB DDR4 RAM","1 TB HDD","39.62 cm (15.6 inch) Display","nan","64 bit DOS Operating System","nan","竄ｹ23,999","竄ｹ26,999","11","3.3","152","17","No","https://www.flipkart.com/lenovo-v-series-amd-apu-quad-core-a4-9125-8-gb-1-tb-hdd-dos-v145-laptop/p/itm0c7ea0c12c0fc","https://rukminim2.flixcart.com/image/312/312/jzrb53k0pkrrdj/computer/g/p/a/lenovo-business-laptop-original-imafgzg3wvwz2f5r.jpeg?q=70","1500"
"COMGYSFGJKSCNDDC","Lenovo Ideapad Intel Core i5 12th Gen 12450H - (16 GB/512 GB SSD/Windows 11 Home/4 GB Graphics) 15IAH8...","Lenovo","Intel Core i5 Processor (12th Gen)","16 GB LPDDR5 RAM","512 GB SSD","39.62 cm (15.6 Inch) Display","nan","Windows 11 Operating System","nan","竄ｹ52,290","竄ｹ70,290","25","4.1","83","5","No","https://www.flipkart.com/lenovo-ideapad-intel-core-i5-12th-gen-12450h-16-gb-512-gb-ssd-windows-11-home-4-graphics-15iah8-thin-light-laptop/p/itm76f0e5d975817","https://rukminim2.flixcart.com/image/312/312/xif0q/computer/n/2/0/-original-imahyyht43sagggd.jpeg?q=70","1503"
"COMH44PGRKK8XHWF","Lenovo Legion 5 Intel Core i7 13th Gen 13650HX - (24 GB/512 GB SSD/Windows 11 Home/8 GB Graphics/NVIDI...","Lenovo","Intel Core i7 Processor (13th Gen)","24 GB DDR5 RAM","512 GB SSD","39.62 cm (15.6 Inch) Display","nan","Windows 11 Operating System","1 Year Carry-in Warranty","竄ｹ1,19,990","竄ｹ1,74,890","31","4.6","182","19","Yes","https://www.flipkart.com/lenovo-legion-5-intel-core-i7-13th-gen-13650hx-24-gb-512-gb-ssd-windows-11-home-8-graphics-nvidia-geforce-rtx-4060-15irx9-gaming-laptop/p/itm591a1e64b6eb5","https://rukminim2.flixcart.com/image/312/312/xif0q/computer/8/q/m/-original-imahcd9mjtkzacjw.jpeg?q=70","1504"
"COMG85JFG5KDARWC","Lenovo Intel Celeron Dual Core - (4 GB/1 TB HDD/DOS) V15-IGL Laptop","Lenovo","Intel Celeron Dual Core Processor","4 GB DDR4 RAM","1 TB HDD","39.62 cm (15.6 inch) Display","nan","DOS Operating System","1 Year Onsite Warranty","竄ｹ27,700","竄ｹ40,399","31","3.3","39","4","No","https://www.flipkart.com/lenovo-intel-celeron-dual-core-4-gb-1-tb-hdd-dos-v15-igl-laptop/p/itm128af8b1e1a32","https://rukminim2.flixcart.com/image/312/312/kv8fbm80/computer/a/p/2/lenovo-v15-laptop-lenovo-original-imag86ewgznmm66t.jpeg?q=70","1505"
"COMHY9Z86BTST9AG","Lenovo LOQ Intel Core i5 12th Gen 12450HX - (12 GB/512 GB SSD/Windows 11 Home/4 GB Graphics/NVIDIA GeF...","Lenovo","Intel Core i5 Processor (12th Gen)","12 GB DDR5 RAM","512 GB SSD","39.62 cm (15.6 inch) Display","nan","Windows 11 Operating System","1Yr Warranty and 1 Yr Accidental Damage Protection","竄ｹ59,990","竄ｹ82,690","27","4.3","1195","78","Yes","https://www.flipkart.com/lenovo-loq-intel-core-i5-12th-gen-12450hx-12-gb-512-gb-ssd-windows-11-home-4-graphics-nvidia-geforce-rtx-2050-15iax9d1-gaming-laptop/p/itm4a19730d181b4","https://rukminim2.flixcart.com/image/312/312/xif0q/computer/a/p/4/-original-imahcd9trw6asgg6.jpeg?q=70","1506"
"COMGCFNZASDRTZAU","Lenovo IdeaPad 1 Intel Celeron Dual Core N4020 - (4 GB/256 GB SSD/Windows 11 Home) 11IGL05 Thin and Li...","Lenovo","Intel Celeron Dual Core Processor","4 GB DDR4 RAM","256 GB SSD","29.46 cm (11.6 Inch) Display","nan","64 bit Windows 11 Operating System","1 Year Onsite・ｽWarranty","竄ｹ27,290","竄ｹ38,990","30","3.7","717","50","No","https://www.flipkart.com/lenovo-ideapad-1-intel-celeron-dual-core-n4020-4-gb-256-gb-ssd-windows-11-home-11igl05-thin-light-laptop/p/itmb5e25e1c94885","https://rukminim2.flixcart.com/image/312/312/xif0q/computer/d/d/e/-original-imahcd9hqbngh48h.jpeg?q=70","1509"
"COMGP24QHAAUK7JE","Lenovo IdeaPad Slim 3 Intel Core i3 12th Gen 1215U - (8 GB/512 GB SSD/Windows 11 Home) 14IAU7 Thin and...","Lenovo","Intel Core i3 Processor (12th Gen)","8 GB DDR4 RAM","512 GB SSD","35.56 cm (14 inch) Display","nan","Windows 11 Operating System","2 Yr Warranty","竄ｹ33,500","竄ｹ67,090","50","4.1","848","67","No","https://www.flipkart.com/lenovo-ideapad-slim-3-intel-core-i3-12th-gen-1215u-8-gb-512-gb-ssd-windows-11-home-14iau7-thin-light-laptop/p/itm979f6e3f4bc7f","https://rukminim2.flixcart.com/image/312/312/xif0q/computer/k/c/3/14iau7-thin-and-light-laptop-lenovo-original-imah45g9xqkzbtug.jpeg?q=70","1510"
"COMGSC4EZAPZHGTY","Lenovo IdeaPad Slim 5 WUXGA IPS Intel Core i5 12th Gen 12450H - (16 GB/512 GB SSD/Windows 11 Home) 16I...","Lenovo","Intel Core i5 Processor (12th Gen)","16 GB LPDDR5 RAM","512 GB SSD","40.64 cm (16 Inch) Display","nan","Windows 11 Operating System","1Yr Warranty + 1 Yr Premium Care and 1 Yr Accidental Damage Protection","竄ｹ57,990","竄ｹ86,290","32","4.2","623","54","No","https://www.flipkart.com/lenovo-ideapad-slim-5-wuxga-ips-intel-core-i5-12th-gen-12450h-16-gb-512-gb-ssd-windows-11-home-16iah8-thin-light-laptop/p/itma68dba42368d2","https://rukminim2.flixcart.com/image/312/312/xif0q/computer/w/w/q/-original-imahcd9pkepjadbj.jpeg?q=70","1513"
"COMG6AKVSRJAUE92","Lenovo IdeaPad 3 Intel Celeron Dual Core N4020 - (4 GB/256 GB SSD/Windows 10 Home) 15IGL05 Thin and Li...","Lenovo","Intel Celeron Dual Core Processor","4 GB DDR4 RAM","256 GB SSD","39.62 cm (15.6 Inch) Display","nan","Windows 10 Operating System","1 Year Warranty","竄ｹ27,990","竄ｹ40,490","30","4.4","179","28","No","https://www.flipkart.com/lenovo-ideapad-3-intel-celeron-dual-core-n4020-4-gb-256-gb-ssd-windows-10-home-15igl05-thin-light-laptop/p/itm6976e7038f4ba","https://rukminim2.flixcart.com/image/312/312/keaaavk0/computer/x/m/y/lenovo-na-laptop-original-imafuzt8r5jqppfn.jpeg?q=70","1514"
"COMH27TZK9PRGZYZ","Lenovo IdeaPad Slim 3 Intel Intel Core i7 13th Gen Core邃｢ i7-13620H, 10C (6P + 4E) / 16T, P-core 2.4 / ...","Lenovo","Intel Core i7 Processor (13th Gen)","16 GB LPDDR5 RAM","512 GB SSD","39.62 cm (15.6 Inch) Display","nan","64 bit Windows 11 Operating System","1 Years On-Site Warranty with ADP","竄ｹ61,990","竄ｹ1,03,418","40","3.7","23","2","No","https://www.flipkart.com/lenovo-ideapad-slim-3-intel-core-i7-13th-gen-core-i7-13620h-10c-6p-4e-16t-p-core-2-4-4-9ghz-e-core-1-8-3-6ghz-16-gb-512-gb-ssd-windows-11-home-15irh8-thin-light-laptop/p/itme38b4c2cd4dfa","https://rukminim2.flixcart.com/image/312/312/xif0q/computer/5/7/c/83em009yin-thin-and-light-laptop-lenovo-original-imah27tzzzs9bqhx.jpeg?q=70","1515"
"COMGT82XR3HBQGVJ","Lenovo AMD Ryzen 7 Octa Core 7730U - (8 GB/512 GB SSD/Windows 11 Home) ThinkBook 15 G5 Thin and Light ...","Lenovo","AMD Ryzen 7 Octa Core Processor","8 GB DDR4 RAM","512 GB SSD","39.62 cm (15.6 Inch) Display","nan","Windows 11 Operating System","1 Year Onsite Warranty","竄ｹ76,990","nan",\N,"4.1","286","32","No","https://www.flipkart.com/lenovo-amd-ryzen-7-octa-core-7730u-8-gb-512-gb-ssd-windows-11-home-thinkbook-15-g5-thin-light-laptop/p/itm3138a03a4b1a2","https://rukminim2.flixcart.com/image/312/312/xif0q/computer/x/a/4/-original-imahcd9jsjvqqefn.jpeg?q=70","1516"
"COMHBF78YPZMGFCM","Lenovo V 15 (2025) Intel Core i3 12th Gen 1215U - (8 GB/512 GB SSD/Windows 11 Home) V 15 Thin and Ligh...","Lenovo","Intel Core i3 Processor (12th Gen)","8 GB DDR4 RAM","512 GB SSD","39.62 cm (15.6 inch) Display","nan","64 bit Windows 11 Home Operating System","nan","竄ｹ32,090","竄ｹ74,990","57",\N,\N,\N,"No","https://www.flipkart.com/lenovo-v-15-2025-intel-core-i3-12th-gen-1215u-8-gb-512-gb-ssd-windows-11-home-thin-light-laptop/p/itm8a5bab8986d9b","https://rukminim2.flixcart.com/image/312/312/xif0q/computer/5/b/z/v-1-5-thin-and-light-laptop-lenovo-original-imah9ytzmkzxybjd.jpeg?q=70","1519"
"COMGSF3YSSX6KPBP","Lenovo IdeaPad Slim 3 Intel Intel Celeron Dual Core N4020 - (8 GB/256 GB SSD/Windows 11 Home) 15IGL05 ...","Lenovo","Intel Celeron Dual Core Processor","8 GB DDR4 RAM","256 GB SSD","39.62 cm (15.6 Inch) Display","nan","64 bit Windows 11 Operating System","2 Years On-Site Warranty","竄ｹ25,490","竄ｹ38,900","34","3.7","16","0","Yes","https://www.flipkart.com/lenovo-ideapad-slim-3-intel-celeron-dual-core-n4020-8-gb-256-gb-ssd-windows-11-home-15igl05-thin-light-laptop/p/itm4a1dfc32cc4a9","https://rukminim2.flixcart.com/image/312/312/xif0q/computer/6/m/2/15igl05-thin-and-light-laptop-lenovo-original-imagsf3ydxfwcuzz.jpeg?q=70","1520"
"COMGYSFGZYMGFJ4A","Lenovo LOQ Intel Core i5 12th Gen 12450HX - (16 GB/512 GB SSD/Windows 11 Home/6 GB Graphics/NVIDIA GeF...","Lenovo","Intel Core i5 Processor (12th Gen)","16 GB DDR5 RAM","512 GB SSD","39.62 cm (15.6 Inch) Display","nan","Windows 11 Operating System","1Yr Warranty and 1 Yr Accidental Damage Protection","竄ｹ72,990","竄ｹ91,534","20","4.3","1645","116","No","https://www.flipkart.com/lenovo-loq-intel-core-i5-12th-gen-12450hx-16-gb-512-gb-ssd-windows-11-home-6-graphics-nvidia-geforce-rtx-3050-15iax9-gaming-laptop/p/itm4a19730d181b4","https://rukminim2.flixcart.com/image/312/312/xif0q/computer/t/6/x/-original-imahcd9zwcqeyguh.jpeg?q=70","1523"
"COMGFPC3T4F5EGZM","Lenovo IdeaPad Slim 1 AMD Ryzen 3 Dual Core 3rd Gen 3250U - (8 GB/512 GB SSD/Windows 11 Home) IdeaPad ...","Lenovo","AMD Ryzen 3 Dual Core Processor (3rd Gen)","8 GB DDR4 RAM","512 GB SSD","39.62 cm (15.6 inch) Display","nan","Windows 11 Operating System","nan","竄ｹ30,790","竄ｹ54,490","43","3.8","46","3","No","https://www.flipkart.com/lenovo-ideapad-slim-1-amd-ryzen-3-dual-core-3rd-gen-3250u-8-gb-512-gb-ssd-windows-11-home-15ada7-thin-light-laptop/p/itm09d699c84f79a","https://rukminim2.flixcart.com/image/312/312/xif0q/computer/z/t/v/ideapad-slim-1-15ada7-thin-and-light-laptop-lenovo-original-imah46zyeh6rs2tw.jpeg?q=70","1524"
"COMG6VRPCDUFX6X4","Lenovo V14 Intel Core i5 12th Gen 1235U - (8 GB/512 GB SSD/Windows 11 Home) V14 ITL G2 Thin and Light ...","Lenovo","Intel Core i5 Processor (12th Gen)","8 GB DDR4 RAM","512 GB SSD","35.56 cm (14 inch) Display","nan","64 bit Windows 11 Operating System","1 Year Carry In To SERVICE CENTER WARRANTY","竄ｹ41,649","竄ｹ65,768","36","4.2","1007","72","No","https://www.flipkart.com/lenovo-v14-intel-core-i5-12th-gen-1235u-8-gb-512-gb-ssd-windows-11-home-itl-g2-thin-light-laptop/p/itm330ccb4eab074","https://rukminim2.flixcart.com/image/312/312/xif0q/computer/6/c/a/v14-thin-and-light-laptop-lenovo-original-imah4fkfdz9vk9vy.jpeg?q=70","1525"
"COMGVQ2YAVZSZSY8","Lenovo IdeaPad Slim 5 Intel Core i7 13th Gen 13700H - (16 GB/1 TB SSD/Windows 11 Home) 16IRL8 Laptop","Lenovo","Intel Core i7 Processor (13th Gen)","16 GB LPDDR5 RAM","1 TB SSD","40.64 cm (16 inch) Display","nan","Windows 11 Operating System","1Yr Warranty + 1 Yr Premium Care and 1 Yr Accidental Damage Protection","竄ｹ77,890","竄ｹ1,25,890","38","4.2","322","21","No","https://www.flipkart.com/lenovo-ideapad-slim-5-intel-core-i7-13th-gen-13700h-16-gb-1-tb-ssd-windows-11-home-16irl8-laptop/p/itma68dba42368d2","https://rukminim2.flixcart.com/image/312/312/xif0q/computer/f/x/l/-original-imahcd9c4hbt89yq.jpeg?q=70","1526"
"COMH44PGWYAKK7C4","Lenovo IdeaPad Slim 3 AMD Ryzen 5 Quad Core 7520U - (8 GB/512 GB SSD/Windows 11 Home) 14AMN8 Thin and ...","Lenovo","AMD Ryzen 5 Quad Core Processor","8 GB LPDDR5 RAM","512 GB SSD","35.56 cm (14 Inch) Display","nan","Windows 11 Operating System","nan","竄ｹ40,190","竄ｹ54,490","26","4","198","16","Yes","https://www.flipkart.com/lenovo-ideapad-slim-3-amd-ryzen-5-quad-core-7520u-8-gb-512-gb-ssd-windows-11-home-14amn8-thin-light-laptop/p/itm726ac134d0530","https://rukminim2.flixcart.com/image/312/312/xif0q/computer/w/7/w/-original-imahcd9jutfgyt3v.jpeg?q=70","1529"
"COMGRU9ZRTYBGZ6F","Lenovo IdeaPad Flex 5 Intel Core i7 13th Gen 1355U - (16 GB/512 GB SSD/Windows 11 Home) 14IRU8 2 in 1 ...","Lenovo","Intel Core i7 Processor (13th Gen)","16 GB LPDDR4X RAM","512 GB SSD","35.56 cm (14 Inch) Touchscreen Display","nan","Windows 11 Operating System","1 Year Carry-in Warranty","竄ｹ80,190","竄ｹ1,28,590","37","4.3","47","3","Yes","https://www.flipkart.com/lenovo-ideapad-flex-5-intel-core-i7-13th-gen-1355u-16-gb-512-gb-ssd-windows-11-home-14iru8-2-1-laptop/p/itmd4a374447028a","https://rukminim2.flixcart.com/image/312/312/xif0q/computer/x/l/l/-original-imahcd9hquthpncc.jpeg?q=70","1530"
"COMGGR9S3YGZUHDZ","Lenovo IdeaPad 3 Intel Core i3 12th Gen 1215U - (8 GB/512 GB SSD/Windows 11 Home) IdeaPad 3 15IAU7 Thi...","Lenovo","Intel Core i3 Processor (12th Gen)","8 GB DDR4 RAM","512 GB SSD","39.62 cm (15.6 inch) Display","nan","64 bit Windows 11 Operating System","2 Yr Warranty","竄ｹ34,990","竄ｹ64,290","45","4.2","1278","92","No","https://www.flipkart.com/lenovo-ideapad-3-intel-core-i3-12th-gen-1215u-8-gb-512-gb-ssd-windows-11-home-15iau7-thin-light-laptop/p/itmf7ba442601f89","https://rukminim2.flixcart.com/image/312/312/xif0q/computer/0/f/v/-original-imaguyhzwj4tqwqu.jpeg?q=70","1533"
"COMGAPAGGHK72PZX","Lenovo Intel Core i3 11th Gen 1115G4 - (8 GB/512 GB SSD/Windows 11 Home) 15ITL6 Thin and Light Laptop","Lenovo","Intel Core i3 Processor (11th Gen)","8 GB DDR4 RAM","512 GB SSD","39.62 cm (15.6 Inch) Display","nan","64 bit Windows 11 Operating System","2 Yr Warranty","竄ｹ34,999","竄ｹ54,000","35","4.2","60","2","No","https://www.flipkart.com/lenovo-intel-core-i3-11th-gen-1115g4-8-gb-512-gb-ssd-windows-11-home-15itl6-thin-light-laptop/p/itmf495cb59eb6fc","https://rukminim2.flixcart.com/image/312/312/xif0q/computer/v/r/e/-original-imagg5jspqht3hym.jpeg?q=70","1534"
"COMH4N9CZGZBEZVF","Lenovo IdeaPad Slim 5 Intel Core Ultra 7 155H - (16 GB/1 TB SSD/Windows 11 Home) 16IMH9 Laptop","Lenovo","Intel Core Ultra 7 Processor","16 GB LPDDR5X RAM","1 TB SSD","40.64 cm (16 inch) Display","nan","Windows 11 Operating System","1 Year Carry-in Warranty","竄ｹ86,990","竄ｹ1,30,090","33","4.6","7","1","Yes","https://www.flipkart.com/lenovo-ideapad-slim-5-intel-core-ultra-7-155h-16-gb-1-tb-ssd-windows-11-home-16imh9-laptop/p/itm2de247d148098","https://rukminim2.flixcart.com/image/312/312/xif0q/computer/9/z/k/-original-imahcsn6gkdz7kym.jpeg?q=70","1535"
"COMGRXH8GKZUZPHM","Lenovo AMD Ryzen 3 Hexa Core 3rd Gen Ryzen 3 7320U - (8 GB/512 GB SSD/Windows 11 Home) 82VG00ERIN Lapt...","Lenovo","AMD Ryzen 3 Hexa Core Processor (3rd Gen)","8 GB LPDDR5 RAM","512 GB SSD","39.62 cm (15.6 inch) Display","nan","Windows 11 Operating System","One year warranty","竄ｹ31,500","竄ｹ40,500","22",\N,\N,\N,"No","https://www.flipkart.com/lenovo-amd-ryzen-3-hexa-core-3rd-gen-7320u-8-gb-512-gb-ssd-windows-11-home-82vg00erin-laptop/p/itma0d0b42f502f7","https://rukminim2.flixcart.com/image/312/312/xif0q/computer/p/z/m/idea-pad-laptop-lenovo-original-imagrzfg8tjxznbk.jpeg?q=70","1536"
"COMH9NZUJEWY2DXH","Lenovo V 14 (2025) Intel Core i3 12th Gen 1215U - (8 GB/512 GB SSD/Windows 11 Home) V 14 Thin and Ligh...","Lenovo","Intel Core i3 Processor (12th Gen)","8 GB DDR4 RAM","512 GB SSD","35.56 cm (14 inch) Display","nan","64 bit Windows 11 Home Operating System","1 Year Onsite Warranty","竄ｹ30,990","竄ｹ72,990","57",\N,\N,\N,"No","https://www.flipkart.com/lenovo-v-14-2025-intel-core-i3-12th-gen-1215u-8-gb-512-gb-ssd-windows-11-home-thin-light-laptop/p/itm55fcf03391f9f","https://rukminim2.flixcart.com/image/312/312/xif0q/computer/t/t/y/v-14-thin-and-light-laptop-lenovo-original-imah9nzc2hqnbynw.jpeg?q=70","1539"
"COMGZ3SPYQJDEJWQ","Lenovo V15 AMD Ryzen 5 Quad Core 5500U - (8 GB/512 GB SSD/Windows 11 Home) V15 G2 ALC Thin and Light L...","Lenovo","AMD Ryzen 5 Quad Core Processor","8 GB DDR4 RAM","512 GB SSD","39.62 cm (15.6 Inch) Display","nan","Windows 11 Operating System","1 Year Onsite Warranty","竄ｹ35,990","竄ｹ69,000","47","4.2","1424","132","No","https://www.flipkart.com/lenovo-v15-amd-ryzen-5-quad-core-5500u-8-gb-512-gb-ssd-windows-11-home-g2-alc-thin-light-laptop/p/itmfe3dee6b6686a","https://rukminim2.flixcart.com/image/312/312/xif0q/computer/y/z/q/-original-imahcd9myyhwvhvb.jpeg?q=70","1540"
"COMGHA9R6DDXZHWU","Lenovo IdeaPad 3 Intel Intel Core i3 11th Gen 1115G4 - (8 GB/256 GB SSD/Windows 11 Home) 15ITL6 Thin a...","Lenovo","Intel Core i3 Processor (11th Gen)","8 GB DDR4 RAM","256 GB SSD","39.62 cm (15.6 Inch) Display","nan","64 bit Windows 11 Operating System","1 Years Carry in Warranty","竄ｹ32,999","竄ｹ61,000","45","4.3","44","5","No","https://www.flipkart.com/lenovo-ideapad-3-intel-core-i3-11th-gen-1115g4-8-gb-256-gb-ssd-windows-11-home-15itl6-thin-light-laptop/p/itmf495cb59eb6fc","https://rukminim2.flixcart.com/image/312/312/xif0q/computer/f/z/x/15itl6-thin-and-light-laptop-lenovo-original-imagheh5ruph5rpv.jpeg?q=70","1543"
"COMHBH6HGWZ5Z2UZ","Lenovo Intel Core i3 12th Gen - (8 GB/512 GB SSD/Windows 11 Home) 82RK019DIN Laptop","Lenovo","Intel Core i3 Processor (12th Gen)","8 GB DDR4 RAM","512 GB SSD","39.62 cm (15.6 inch) Display","nan","Windows 11 Home Operating System","1 year Warranty","竄ｹ34,390","竄ｹ49,500","30",\N,\N,\N,"No","https://www.flipkart.com/lenovo-intel-core-i3-12th-gen-8-gb-512-gb-ssd-windows-11-home-82rk019din-laptop/p/itm3e597c6600a75","https://rukminim2.flixcart.com/image/312/312/xif0q/computer/r/x/a/ideapad-slim-3i-laptop-lenovo-original-imahc6mfxfhyhfhk.jpeg?q=70","1544"
"COMG5UZBFZVTYRFN","Lenovo IdeaPad AMD Ryzen 5 Hexa Core 5500U - (8 GB/512 GB SSD/Windows 10 Home) IdeaPad 5 15ALC05 Thin ...","Lenovo","AMD Ryzen 5 Hexa Core Processor","8 GB DDR4 RAM","512 GB SSD","39.62 cm (15.6 inch) Display","nan","64 bit Windows 10 Operating System","1 Year Onsite・ｽWarranty・ｽ+ 1 Year Accidental Damage Protection + 1 Year premium Care","竄ｹ36,990","竄ｹ78,290","52","4","137","18","No","https://www.flipkart.com/lenovo-ideapad-amd-ryzen-5-hexa-core-5500u-8-gb-512-gb-ssd-windows-10-home-15alc05-thin-light-laptop/p/itmd039af1ead5ab","https://rukminim2.flixcart.com/image/312/312/kp2y2kw0/computer/d/s/h/na-thin-and-light-laptop-lenovo-original-imag3dz5ut6ds7eg.jpeg?q=70","1545"
"COMF8FDMUGYGCDEX","Lenovo Ideapad 330 Intel Core i5 8th Gen 8250U - (8 GB/1 TB HDD/Windows 11 Home/2 GB Graphics) 330-15I...","Lenovo","Intel Core i5 Processor (8th Gen)","8 GB DDR4 RAM","1 TB HDD","39.62 cm (15.6 inch) Display","NVIDIA Geforce MX150 for Supreme Graphics Performance","64 bit Windows 11 Operating System","1 Year Onsite Warranty","竄ｹ41,999","竄ｹ62,290","32","4.2","4431","566","Yes","https://www.flipkart.com/lenovo-ideapad-330-intel-core-i5-8th-gen-8250u-8-gb-1-tb-hdd-windows-11-home-2-gb-graphics-330-15ikb-thin-light-laptop/p/itm42f15f05cea8a","https://rukminim2.flixcart.com/image/312/312/xif0q/computer/d/a/v/-original-imahcd9jgyuxheqg.jpeg?q=70","1546"
"COMFS9YWKZZHDPHD","Lenovo Ideapad 3 Intel Core i5 10th Gen 1035G1 - (4 GB/1 TB HDD/Windows 10 Home) 15IIL05 Laptop","Lenovo","Intel Core i5 Processor (10th Gen)","4 GB DDR4 RAM","1 TB HDD","39.62 cm (15.6 inch) Display","nan","64 bit Windows 10 Operating System","1 Year Onsite Warranty","竄ｹ42,990","竄ｹ61,490","30","3.6","399","73","No","https://www.flipkart.com/lenovo-ideapad-3-intel-core-i5-10th-gen-1035g1-4-gb-1-tb-hdd-windows-10-home-15iil05-laptop/p/itm6976e7038f4ba","https://rukminim2.flixcart.com/image/312/312/keaaavk0/computer/x/m/y/lenovo-na-laptop-original-imafuzt8r5jqppfn.jpeg?q=70","1549"
"COMHFYZ3GXFZKYNN","Lenovo IdeaPad 3 Intel Core i3 12th Gen 1215U - (16 GB/512 GB SSD/Windows 11 Home) 14IAU7 Thin and Lig...","Lenovo","Intel Core i3 Processor (12th Gen)","16 GB DDR4 RAM","512 GB SSD","35.56 cm (14 Inch) Display","nan","Windows 11 Operating System","nan","竄ｹ37,990","竄ｹ57,790","34","4.2","325","17","Yes","https://www.flipkart.com/lenovo-ideapad-3-intel-core-i3-12th-gen-1215u-16-gb-512-gb-ssd-windows-11-home-14iau7-thin-light-laptop/p/itm58722d471ef90","https://rukminim2.flixcart.com/image/312/312/xif0q/computer/x/f/v/-original-imahcd9nghudyydz.jpeg?q=70","1550"
"COMG57X3HRJ5C8KC","Lenovo IdeaPad 3 Intel Intel Core i3 10th Gen - (8 GB/256 GB SSD/Windows 10 Home) 81WA00K1IN Laptop","Lenovo","Intel Core i3 Processor (10th Gen)","8 GB DDR4 RAM","256 GB SSD","35.56 cm (14 inch) Display","nan","Windows 10 Operating System","2 Year Onsite Warranty","竄ｹ34,990","竄ｹ59,990","41","5","6","0","No","https://www.flipkart.com/lenovo-ideapad-3-intel-core-i3-10th-gen-8-gb-256-gb-ssd-windows-10-home-81wa00k1in-laptop/p/itmf7468c9543cbe","https://rukminim2.flixcart.com/image/312/312/krf91u80/computer/z/0/m/ideapad-slim-laptop-lenovo-original-imag57x3p7bw8y8b.jpeg?q=70","1553"
"COMGGR9SYEE2CZT8","Lenovo IdeaPad Flex 5 AMD Ryzen 5 Hexa Core 5500U - (16 GB/512 GB SSD/Windows 11 Home) 14ALC7 2 in 1 L...","Lenovo","AMD Ryzen 5 Hexa Core Processor","16 GB LPDDR4X RAM","512 GB SSD","35.56 cm (14 inch) Touchscreen Display","nan","64 bit Windows 11 Operating System","1 Year Onsite warranty + 1 Year Accidental Damage Protection + 1 Year Premium Care","竄ｹ69,500","竄ｹ85,000","18","4","46","5","No","https://www.flipkart.com/lenovo-ideapad-flex-5-amd-ryzen-hexa-core-5500u-16-gb-512-gb-ssd-windows-11-home-14alc7-2-1-laptop/p/itm2e70fa64d7a76","https://rukminim2.flixcart.com/image/312/312/xif0q/computer/r/u/3/14alc7-2-in-1-laptop-lenovo-original-imah3tf8pcyynxzv.jpeg?q=70","1554"
"COMHYUNJGKSJGPGN","Lenovo IdeaPad Slim 1 AMD Ryzen 5 Quad Core 7520U - (8 GB/512 GB SSD/Windows 11 Home) 15AMN7 Thin and ...","Lenovo","AMD Ryzen 5 Quad Core Processor","8 GB LPDDR5 RAM","512 GB SSD","39.62 cm (15.6 inch) Display","nan","Windows 11 Operating System","nan","竄ｹ35,990","竄ｹ65,690","45","4.2","513","36","Yes","https://www.flipkart.com/lenovo-ideapad-slim-1-amd-ryzen-5-quad-core-7520u-8-gb-512-gb-ssd-windows-11-home-15amn7-thin-light-laptop/p/itm7ecd736658657","https://rukminim2.flixcart.com/image/312/312/xif0q/computer/2/g/h/-original-imah5uhrgz7sawng.jpeg?q=70","1555"
"COMGHJ46CFUJSZZE","Lenovo V15 G2 AMD Ryzen 3 Quad Core 5300U - (8 GB/512 GB SSD/Windows 11 Home) V15 G2 ALC Laptop","Lenovo","AMD Ryzen 3 Quad Core Processor","8 GB DDR4 RAM","512 GB SSD","39.62 cm (15.6 inch) Display","nan","64 bit Windows 11 Operating System","1 Year Onsite Warranty","竄ｹ27,990","竄ｹ39,990","30","3.6","22","4","No","https://www.flipkart.com/lenovo-v15-g2-amd-ryzen-3-quad-core-5300u-8-gb-512-gb-ssd-windows-11-home-alc-laptop/p/itmf6172499e1c65","https://rukminim2.flixcart.com/image/312/312/xif0q/computer/b/1/l/-original-imah4dcjgerwgyge.jpeg?q=70","1556"
"COMGRH6GFNGPFUHE","Lenovo Ideapad Slim 5i Intel Core i7 13th Gen 13700H - (16 GB/512 GB SSD/Windows 11 Home) 16IRL8 Thin ...","Lenovo","Intel Core i7 Processor (13th Gen)","16 GB DDR4 RAM","512 GB SSD","40.64 cm (16 Inch) Display","nan","64 bit Windows 11 Operating System","2 Year warranty","竄ｹ96,990","竄ｹ1,10,000","11",\N,\N,\N,"No","https://www.flipkart.com/lenovo-ideapad-slim-5i-intel-core-i7-13th-gen-13700h-16-gb-512-gb-ssd-windows-11-home-16irl8-thin-light-laptop/p/itm5d93b3b13a9ac","https://rukminim2.flixcart.com/image/312/312/xif0q/computer/j/s/s/15iau7-thin-and-light-laptop-lenovo-original-imagrh6hungpvzne.jpeg?q=70","1559"
"COMH96WNFKXH2FZJ","Lenovo V 14 (2025) Intel Core i5 12th Gen 1235U - (8 GB/512 GB SSD/Windows 11 Home) V 14 Thin and Ligh...","Lenovo","Intel Core i5 Processor (12th Gen)","8 GB DDR4 RAM","512 GB SSD","35.56 cm (14 inch) Display","nan","64 bit Windows 11 Home Operating System","1 Year Onsite Warranty","竄ｹ41,999","竄ｹ85,000","50","3.8","10","1","No","https://www.flipkart.com/lenovo-v-14-2025-intel-core-i5-12th-gen-1235u-8-gb-512-gb-ssd-windows-11-home-thin-light-laptop/p/itm06121c218e9d8","https://rukminim2.flixcart.com/image/312/312/xif0q/computer/r/w/d/v-14-thin-and-light-laptop-lenovo-original-imah96wnayjbbxb4.jpeg?q=70","1563"
"COMH9ZJDHCW3B6NN","Lenovo V 14 (2025) Intel Core i3 12th Gen 1215U - (8 GB/512 GB SSD/Windows 11 Home) V 14 Thin and Ligh...","Lenovo","Intel Core i3 Processor (12th Gen)","8 GB DDR4 RAM","512 GB SSD","35.56 cm (14 inch) Display","nan","64 bit Windows 11 Home Operating System","nan","竄ｹ35,990","竄ｹ76,990","53","4.3","16","3","No","https://www.flipkart.com/lenovo-v-14-2025-intel-core-i3-12th-gen-1215u-8-gb-512-gb-ssd-windows-11-home-thin-light-laptop/p/itm554dab0c2ff84","https://rukminim2.flixcart.com/image/312/312/xif0q/computer/l/z/k/v-1-4-thin-and-light-laptop-lenovo-original-imah9ysp5ffbxyau.jpeg?q=70","1564"
"COMGPZCZHPBEHYEY","Lenovo V14 G3 (82TSA01KIH) Intel Core i3 12th Gen 1213U - (8 GB/512 GB SSD/DOS) V14 Laptop","Lenovo","Intel Core i3 Processor (12th Gen)","8 GB DDR4 RAM","512 GB SSD","35.56 cm (14 inch) Display","nan","DOS Operating System","nan","竄ｹ31,539","竄ｹ45,999","31","4","75","7","No","https://www.flipkart.com/lenovo-v14-g3-82tsa01kih-intel-core-i3-12th-gen-1213u-8-gb-512-gb-ssd-dos-laptop/p/itm00af23126ed78","https://rukminim2.flixcart.com/image/312/312/xif0q/computer/l/d/x/-original-imah4dcjjbx7x3sy.jpeg?q=70","1565"
"COMGFM5BXGAMEWPE","Lenovo IdeaPad 1 AMD Ryzen 5 Quad Core 3500U - (8 GB/512 GB SSD/Windows 11 Home) 15ADA7 Thin and Light...","Lenovo","AMD Ryzen 5 Quad Core Processor","8 GB DDR4 RAM","512 GB SSD","39.62 cm (15.6 Inch) Display","nan","64 bit Windows 11 Operating System","2 Years Onsite・ｽWarranty","竄ｹ37,399","竄ｹ59,000","36","4.2","831","85","No","https://www.flipkart.com/lenovo-ideapad-1-amd-ryzen-5-quad-core-3500u-8-gb-512-gb-ssd-windows-11-home-15ada7-thin-light-laptop/p/itm3ee2f5da49d46","https://rukminim2.flixcart.com/image/312/312/xif0q/computer/l/b/e/-original-imahcd9mhfktnx5z.jpeg?q=70","1568"
"COMGS2AJX2FZ3NGU","Lenovo IdeaPad AMD Ryzen 5 Quad Core 7520U - (8 GB/512 GB SSD/Windows 11 Home) 15AMN8 Thin and Light L...","Lenovo","AMD Ryzen 5 Quad Core Processor","8 GB LPDDR5 RAM","512 GB SSD","39.62 cm (15.6 Inch) Display","nan","Windows 11 Operating System","nan","竄ｹ38,990","竄ｹ70,590","44","3.8","17","1","No","https://www.flipkart.com/lenovo-ideapad-amd-ryzen-5-quad-core-7520u-8-gb-512-gb-ssd-windows-11-home-15amn8-thin-light-laptop/p/itm1768c2dde70c2","https://rukminim2.flixcart.com/image/312/312/xif0q/computer/0/r/r/slim-3-thin-and-light-laptop-lenovo-original-imags8fdsqjxjj56.jpeg?q=70","1569"
"COMHYXV9PVH3CHZY","Lenovo IdeaPad Slim 5 WUXGA IPS AI PC Intel Core Ultra 5 125H - (16 GB/512 GB SSD/Windows 11 Home) 14I...","Lenovo","Intel Core Ultra 5 Processor","16 GB LPDDR5X RAM","512 GB SSD","35.56 cm (14 inch) Display","nan","Windows 11 Operating System","1Yr Warranty + 1 Yr Premium Care and 1 Yr Accidental Damage Protection","竄ｹ58,990","竄ｹ1,03,790","43","4.1","393","49","Yes","https://www.flipkart.com/lenovo-ideapad-slim-5-wuxga-ips-ai-pc-intel-core-ultra-125h-16-gb-512-gb-ssd-windows-11-home-14imh9-thin-light-laptop/p/itm089031723a8df","https://rukminim2.flixcart.com/image/312/312/xif0q/computer/0/s/1/-original-imahcsn6cfm46pya.jpeg?q=70","1571"
"COMGP22NPAFSWBXD","Lenovo ThinkBook 15 G4 Intel Core i5 12th Gen 1235U - (8 GB/512 GB SSD/Windows 11 Home) TB15 G4 IAP Th...","Lenovo","Intel Core i5 Processor (12th Gen)","8 GB DDR4 RAM","512 GB SSD","39.62 cm (15.6 Inch) Display","nan","Windows 11 Operating System","1 Year Onsite Warranty","竄ｹ42,990","竄ｹ1,02,240","57","4","191","18","No","https://www.flipkart.com/lenovo-thinkbook-15-g4-intel-core-i5-12th-gen-1235u-8-gb-512-gb-ssd-windows-11-home-tb15-iap-thin-light-laptop/p/itm3b1d014db04bd","https://rukminim2.flixcart.com/image/312/312/xif0q/computer/j/t/e/-original-imahcd9g2ck2phwd.jpeg?q=70","1572"
"COMFNXKSYBGJVWCG","Lenovo Ideapad S340 Intel Core i3 10th Gen 1005G1 - (8 GB/256 GB SSD/Windows 10 Home) S340-14IIL Thin ...","Lenovo","Intel Core i3 Processor (10th Gen)","8 GB DDR4 RAM","256 GB SSD","35.56 cm (14 inch) Display","nan","64 bit Windows 10 Operating System","1 Year Onsite Warranty","竄ｹ40,990","竄ｹ59,390","30","4.3","381","47","No","https://www.flipkart.com/lenovo-ideapad-s340-intel-core-i3-10th-gen-1005g1-8-gb-256-gb-ssd-windows-10-home-s340-14iil-thin-light-laptop/p/itm7a3ef5292fd34","https://rukminim2.flixcart.com/image/312/312/k5o7r0w0/computer/h/f/y/lenovo-na-thin-and-light-laptop-original-imafzby9kbwjtcpx.jpeg?q=70","1573"
"COMGQRD7NPGZZMVF","Lenovo Intel Core i7 12th Gen 1255U - (16 GB/512 GB SSD/Windows 11 Home) TP E14 Gen 4 Thin and Light L...","Lenovo","Intel Core i7 Processor (12th Gen)","16 GB DDR4 RAM","512 GB SSD","35.56 cm (14 Inch) Display","nan","Windows 11 Operating System","1 Year Onsite Warranty","竄ｹ73,999","竄ｹ1,40,400","47",\N,\N,\N,"No","https://www.flipkart.com/lenovo-intel-core-i7-12th-gen-1255u-16-gb-512-gb-ssd-windows-11-home-tp-e14-4-thin-light-laptop/p/itm3d17489527341","https://rukminim2.flixcart.com/image/312/312/xif0q/computer/1/y/l/-original-imahcd9zpqeghyu8.jpeg?q=70","1574"
"COMGXMY5NC8VXGHH","Lenovo IdeaPad Slim 5 AI PC Intel Core Ultra 5 125H - (16 GB/1 TB SSD/Windows 11 Home) 16IMH9 Thin and...","Lenovo","Intel Core Ultra 5 Processor","16 GB LPDDR5X RAM","1 TB SSD","40.64 cm (16 inch) Display","nan","Windows 11 Operating System","1Yr Warranty + 1 Yr Premium Care and 1 Yr Accidental Damage Protection","竄ｹ66,990","竄ｹ1,07,690","37","4.1","393","49","No","https://www.flipkart.com/lenovo-ideapad-slim-5-ai-pc-intel-core-ultra-125h-16-gb-1-tb-ssd-windows-11-home-16imh9-thin-light-laptop/p/itm23294734162fe","https://rukminim2.flixcart.com/image/312/312/xif0q/computer/b/e/l/-original-imahcsn6tszgysfj.jpeg?q=70","1575"
"COMGQRD7HHYZKPX4","Lenovo ThinkPad E14 Intel Intel Core i5 12th Gen 1235U - (16 GB/1 TB SSD/Windows 11 Home) TP E14 Gen 4...","Lenovo","Intel Core i5 Processor (12th Gen)","16 GB DDR4 RAM","1 TB SSD","35.56 cm (14 Inch) Display","nan","Windows 11 Operating System","1 Year Onsite Warranty","竄ｹ71,999","竄ｹ1,23,800","41","3.9","22","2","No","https://www.flipkart.com/lenovo-thinkpad-e14-intel-core-i5-12th-gen-1235u-16-gb-1-tb-ssd-windows-11-home-tp-4-thin-light-laptop/p/itm3d17489527341","https://rukminim2.flixcart.com/image/312/312/xif0q/computer/d/m/z/-original-imagzjeeyzp93pjk.jpeg?q=70","1578"
"COMGVQ2Y76HHKGYD","Lenovo IdeaPad Slim 5 2.5K IPS Intel Core i5 13th Gen 13500H - (16 GB/1 TB SSD/Windows 11 Home) 16IRL8...","Lenovo","Intel Core i5 Processor (13th Gen)","16 GB LPDDR5 RAM","1 TB SSD","40.64 cm (16 inch) Display","nan","Windows 11 Operating System","1Yr Warranty + 1 Yr Premium Care and 1 Yr Accidental Damage Protection","竄ｹ73,690","竄ｹ1,07,690","31","4.2","525","63","No","https://www.flipkart.com/lenovo-ideapad-slim-5-2-5k-ips-intel-core-i5-13th-gen-13500h-16-gb-1-tb-ssd-windows-11-home-16irl8-thin-light-laptop/p/itmc63731ed924b8","https://rukminim2.flixcart.com/image/312/312/xif0q/computer/e/4/k/-original-imahcd9gbqd2gfcc.jpeg?q=70","1579"
"COMGNPAHEFHCUGY4","Lenovo Thinkpad E series Intel Core i5 12th Gen 1235U - (8 GB/512 GB SSD/DOS) TPE14G4 Business Laptop","Lenovo","Intel Core i5 Processor (12th Gen)","8 GB DDR4 RAM","512 GB SSD","35.56 cm (14 inch) Display","nan","DOS Operating System","3 Years Domestic Warranty","竄ｹ63,999","竄ｹ85,000","24",\N,\N,\N,"No","https://www.flipkart.com/lenovo-thinkpad-e-series-intel-core-i5-12th-gen-1235u-8-gb-512-gb-ssd-dos-tpe14g4-business-laptop/p/itm3d17489527341","https://rukminim2.flixcart.com/image/312/312/xif0q/computer/d/3/p/thinkpad-business-laptop-lenovo-original-imagnjxncfuhmpbg.jpeg?q=70","1582"
"COMGNPAHJZNZGSHQ","Lenovo Thinkpad E series Intel Core i3 11th Gen 1115G4 - (8 GB/512 GB SSD/DOS) TPE14G2 Business Laptop","Lenovo","Intel Core i3 Processor (11th Gen)","8 GB DDR4 RAM","512 GB SSD","35.56 cm (14 inch) Display","nan","DOS Operating System","3 Years Domestic Warranty","竄ｹ48,999","竄ｹ75,000","34",\N,\N,\N,"No","https://www.flipkart.com/lenovo-thinkpad-e-series-intel-core-i3-11th-gen-1115g4-8-gb-512-gb-ssd-dos-tpe14g2-business-laptop/p/itm3d17489527341","https://rukminim2.flixcart.com/image/312/312/xif0q/computer/d/3/p/thinkpad-business-laptop-lenovo-original-imagnjxncfuhmpbg.jpeg?q=70","1583"
"COMGNPAHVHS5C9A3","Lenovo Thinkpad E series Intel Core i5 12th Gen 1235U - (8 GB/512 GB SSD/Windows 11 Pro) TPE14G4 Busin...","Lenovo","Intel Core i5 Processor (12th Gen)","8 GB DDR4 RAM","512 GB SSD","35.56 cm (14 inch) Display","nan","Windows 11 Operating System","3 Years Domestic Warranty","竄ｹ64,999","竄ｹ1,26,000","48",\N,\N,\N,"No","https://www.flipkart.com/lenovo-thinkpad-e-series-intel-core-i5-12th-gen-1235u-8-gb-512-gb-ssd-windows-11-pro-tpe14g4-business-laptop/p/itm3d17489527341","https://rukminim2.flixcart.com/image/312/312/xif0q/computer/d/3/p/thinkpad-business-laptop-lenovo-original-imagnjxncfuhmpbg.jpeg?q=70","1584"
"COMH7P8QAVVGGMGW","Lenovo Intel Core i5 12th Gen - (16 GB/512 GB SSD/Windows 11 Home) 83EQ005VIN Thin and Light Laptop","Lenovo","Intel Core i5 Processor (12th Gen)","16 GB LPDDR5 RAM","512 GB SSD","35.56 cm (14 inch) Display","nan","Windows 11 Home Operating System","1-Year Warranty Care","竄ｹ50,599","竄ｹ85,000","40","4","4","0","No","https://www.flipkart.com/lenovo-intel-core-i5-12th-gen-16-gb-512-gb-ssd-windows-11-home-83eq005vin-thin-light-laptop/p/itm08ece08ff4d54","https://rukminim2.flixcart.com/image/312/312/xif0q/computer/6/a/v/83eq005vin-thin-and-light-laptop-lenovo-original-imah7p8q6azgy58c.jpeg?q=70","1585"
"COMGRC9RUYRHH8Z2","Lenovo LOQ Intel Core i7 13th Gen 13620H - (16 GB/512 GB SSD/Windows 11 Home/6 GB Graphics/NVIDIA GeFo...","Lenovo","Intel Core i7 Processor (13th Gen)","16 GB DDR5 RAM","512 GB SSD","39.62 cm (15.6 Inch) Display","nan","Windows 11 Operating System","1Yr Warranty and 1 Yr Accidental Damage Protection","竄ｹ93,990","竄ｹ1,33,790","29","4.2","300","27","No","https://www.flipkart.com/lenovo-loq-intel-core-i7-13th-gen-13620h-16-gb-512-gb-ssd-windows-11-home-6-graphics-nvidia-geforce-rtx-4050-15irh8-gaming-laptop/p/itme091d6103d2b3","https://rukminim2.flixcart.com/image/312/312/xif0q/computer/o/c/n/-original-imahcd9jpshjyzwg.jpeg?q=70","1588"
"COMGWVBHBWRRFTZB","Lenovo IdeaPad 3 Intel Core i3 12th Gen 1215U - (8 GB/256 GB SSD/Windows 11 Home) 15IAU7 Thin and Ligh...","Lenovo","Intel Core i3 Processor (12th Gen)","8 GB DDR4 RAM","256 GB SSD","39.62 cm (15.6 Inch) Display","nan","Windows 11 Operating System","nan","竄ｹ34,990","竄ｹ57,590","39","4.5","6","0","Yes","https://www.flipkart.com/lenovo-ideapad-3-intel-core-i3-12th-gen-1215u-8-gb-256-gb-ssd-windows-11-home-15iau7-thin-light-laptop/p/itme38b4c2cd4dfa","https://rukminim2.flixcart.com/image/312/312/xif0q/computer/u/x/j/-original-imaguyhzutzdrzus.jpeg?q=70","1589"
"COMGNPAHHHEM5BNV","Lenovo Thinkpad E series Intel Core i5 11th Gen 1135G7 - (16 GB/512 GB SSD/Windows 11 Pro) TPE14G2 Bus...","Lenovo","Intel Core i5 Processor (11th Gen)","16 GB DDR4 RAM","512 GB SSD","35.56 cm (14 inch) Display","nan","Windows 11 Operating System","3 Years Domestic Warranty","竄ｹ69,999","竄ｹ1,16,000","39",\N,"3","1","No","https://www.flipkart.com/lenovo-thinkpad-e-series-intel-core-i5-11th-gen-1135g7-16-gb-512-gb-ssd-windows-11-pro-tpe14g2-business-laptop/p/itm3d17489527341","https://rukminim2.flixcart.com/image/312/312/xif0q/computer/d/3/p/thinkpad-business-laptop-lenovo-original-imagnjxncfuhmpbg.jpeg?q=70","1594"
"COMGRC9RWM59MRYP","Lenovo LOQ Intel Core i7 13th Gen 13620H - (16 GB/512 GB SSD/Windows 11 Home/8 GB Graphics/NVIDIA GeFo...","Lenovo","Intel Core i7 Processor (13th Gen)","16 GB DDR5 RAM","512 GB SSD","39.62 cm (15.6 Inch) Display","nan","Windows 11 Operating System","1Yr Warranty and 1 Yr Accidental Damage Protection","竄ｹ1,04,990","竄ｹ1,39,990","25","4.3","191","28","No","https://www.flipkart.com/lenovo-loq-intel-core-i7-13th-gen-13620h-16-gb-512-gb-ssd-windows-11-home-8-graphics-nvidia-geforce-rtx-4060-15irh8-gaming-laptop/p/itme091d6103d2b3","https://rukminim2.flixcart.com/image/312/312/xif0q/computer/o/c/n/-original-imahcd9jpshjyzwg.jpeg?q=70","1598"
"COMGGR9SBTFZCNDU","Lenovo IdeaPad Slim 3 Intel Core i5 11th Gen 1155G7 - (8 GB/512 GB SSD/Windows 11 Home) 15ITL6 Thin an...","Lenovo","Intel Core i5 Processor (11th Gen)","8 GB DDR4 RAM","512 GB SSD","39.62 cm (15.6 inch) Display","nan","64 bit Windows 11 Operating System","2 Yr Warranty","竄ｹ44,999","竄ｹ69,316","35","4.2","6235","426","No","https://www.flipkart.com/lenovo-ideapad-slim-3-intel-core-i5-11th-gen-1155g7-8-gb-512-gb-ssd-windows-11-home-15itl6-thin-light-laptop/p/itmf7ba442601f89","https://rukminim2.flixcart.com/image/312/312/xif0q/computer/0/i/t/-original-imahcd9kwgry57hr.jpeg?q=70","1599"
"COMGAGRYXAWSHSRM","Lenovo IdeaPad Slim 3 Intel Core i3 11th Gen - (8 GB/256 GB SSD/Windows 11 Home) 15ITL6 Thin and Light...","Lenovo","Intel Core i3 Processor (11th Gen)","8 GB DDR4 RAM","256 GB SSD","39.62 cm (15.6 inch) Display","nan","Windows 11 Operating System","nan","竄ｹ34,960","竄ｹ49,190","28","4.2","744","37","No","https://www.flipkart.com/lenovo-ideapad-slim-3-intel-core-i3-11th-gen-8-gb-256-gb-ssd-windows-11-home-15itl6-thin-light-laptop/p/itmf7ba442601f89","https://rukminim2.flixcart.com/image/312/312/xif0q/computer/p/e/e/-original-imahcd9mk8k3dyze.jpeg?q=70","1602"
"COMGRC9RP8H4FWCD","Lenovo LOQ Intel Core i5 12th Gen 12450H - (16 GB/512 GB SSD/Windows 11 Home/6 GB Graphics/NVIDIA GeFo...","Lenovo","Intel Core i5 Processor (12th Gen)","16 GB DDR5 RAM","512 GB SSD","39.62 cm (15.6 Inch) Display","nan","Windows 11 Operating System","1 Year Onsite Warranty","竄ｹ71,990","竄ｹ99,990","28","4.3","927","109","No","https://www.flipkart.com/lenovo-loq-intel-core-i5-12th-gen-12450h-16-gb-512-gb-ssd-windows-11-home-6-graphics-nvidia-geforce-rtx-3050-15irh8-gaming-laptop/p/itme091d6103d2b3","https://rukminim2.flixcart.com/image/312/312/xif0q/computer/8/b/2/-original-imahcd9hcvqhwuuw.jpeg?q=70","1603"
"COMGRFVBJKVSZKSS","Lenovo LOQ Intel Core i5 12th Gen 12450H - (16 GB/512 GB SSD/Windows 11 Home/4 GB Graphics/NVIDIA GeFo...","Lenovo","Intel Core i5 Processor (12th Gen)","16 GB DDR5 RAM","512 GB SSD","39.62 cm (15.6 inch) Display","nan","Windows 11 Operating System","1Yr Warranty and 1 Yr Accidental Damage Protection","竄ｹ65,789","竄ｹ99,300","33","4.3","927","109","No","https://www.flipkart.com/lenovo-loq-intel-core-i5-12th-gen-12450h-16-gb-512-gb-ssd-windows-11-home-4-graphics-nvidia-geforce-rtx-2050-15irh8d1-gaming-laptop/p/itme091d6103d2b3","https://rukminim2.flixcart.com/image/312/312/xif0q/computer/8/b/2/-original-imahcd9hcvqhwuuw.jpeg?q=70","1605"
"COMGRC9RWYYQQRGY","Lenovo LOQ Intel Core i5 12th Gen 12450H - (16 GB/512 GB SSD/Windows 11 Home/6 GB Graphics/NVIDIA GeFo...","Lenovo","Intel Core i5 Processor (12th Gen)","16 GB DDR5 RAM","512 GB SSD","39.62 cm (15.6 Inch) Display","nan","Windows 11 Operating System","1Yr Warranty and 1 Yr Accidental Damage Protection","竄ｹ92,999","竄ｹ1,24,490","25","4.3","324","40","No","https://www.flipkart.com/lenovo-loq-intel-core-i5-12th-gen-12450h-16-gb-512-gb-ssd-windows-11-home-6-graphics-nvidia-geforce-rtx-4050-15irh8-gaming-laptop/p/itme091d6103d2b3","https://rukminim2.flixcart.com/image/312/312/xif0q/computer/8/a/x/-original-imahcfd4m5s8vwfj.jpeg?q=70","1608"
"COMGQRD7KVVHNXPF","Lenovo ThinkPad E14 Intel Core i5 12th Gen 1235U - (16 GB/512 GB SSD/Windows 11 Pro) TP E14 Gen 4 Thin...","Lenovo","Intel Core i5 Processor (12th Gen)","16 GB DDR4 RAM","512 GB SSD","35.56 cm (14 Inch) Display","nan","Windows 11 Operating System","1 Year Onsite Warranty","竄ｹ69,499","竄ｹ1,13,000","38","3.7","53","9","No","https://www.flipkart.com/lenovo-thinkpad-e14-intel-core-i5-12th-gen-1235u-16-gb-512-gb-ssd-windows-11-pro-tp-4-thin-light-laptop/p/itma8ccdb4b27853","https://rukminim2.flixcart.com/image/312/312/xif0q/computer/5/o/0/-original-imah4dcjbrrchttf.jpeg?q=70","1609"
"COMH7SGBQBDTF6UC","Lenovo THINKPAD E14 GEN 5 - AMD Ryzen 5 7th Gen - 7430U Processor [Base Clock 2.3 GHz / Max Boost Cloc...","Lenovo","AMD Ryzen 5 Processor (7th Gen)","16 GB DDR4 RAM","512 GB SSD","35.56 cm (14 inch) Display","nan","64 bit Windows 11 Operating System","nan","竄ｹ51,939","竄ｹ1,18,900","56",\N,\N,\N,"No","https://www.flipkart.com/lenovo-thinkpad-e14-gen-5-amd-ryzen-7th-7430u-processor-base-clock-2-3-ghz-max-boost-up-4-3-ghz-16-gb-512-gb-ssd-windows-11-pro-tp-ultra-slim-notebook-business-laptop/p/itm710669e44bbe2","https://rukminim2.flixcart.com/image/312/312/xif0q/computer/e/o/n/thinkpad-e14-business-laptop-lenovo-original-imah7qfvgmgmyzfu.jpeg?q=70","1612"
"COMGNPAHSMMTCF3H","Lenovo Thinkpad E series Intel Core i7 12th Gen 1255U - (16 GB/512 GB SSD/Windows 11 Pro) TPE14G4 Busi...","Lenovo","Intel Core i7 Processor (12th Gen)","16 GB DDR4 RAM","512 GB SSD","35.56 cm (14 inch) Display","nan","Windows 11 Operating System","3 Years Domestic Warranty","竄ｹ91,000","竄ｹ1,75,000","48",\N,\N,\N,"No","https://www.flipkart.com/lenovo-thinkpad-e-series-intel-core-i7-12th-gen-1255u-16-gb-512-gb-ssd-windows-11-pro-tpe14g4-business-laptop/p/itm3d17489527341","https://rukminim2.flixcart.com/image/312/312/xif0q/computer/d/3/p/thinkpad-business-laptop-lenovo-original-imagnjxncfuhmpbg.jpeg?q=70","1613"
"COMGSVFEZVYANHGF","Lenovo IdeaPad Gaming 3 Intel Core i5 11th Gen 11320H - (8 GB/512 GB SSD/Windows 11 Home/4 GB Graphics...","Lenovo","Intel Core i5 Processor (11th Gen)","8 GB DDR4 RAM","512 GB SSD","39.62 cm (15.6 inch) Display","nan","Windows 11 Operating System","1 Year Onsite Warranty","竄ｹ53,990","竄ｹ74,990","28","4.2","683","59","No","https://www.flipkart.com/lenovo-ideapad-gaming-3-intel-core-i5-11th-gen-11320h-8-gb-512-gb-ssd-windows-11-home-4-graphics-nvidia-geforce-rtx-2050-15ihu6-laptop/p/itmc4612af4ab758","https://rukminim2.flixcart.com/image/312/312/xif0q/computer/4/y/h/-original-imahcd9cfzfcwvp6.jpeg?q=70","1618"
"COMGKC6YAWGQPZZY","Lenovo IdeaPad Gaming 3 Intel Core i5 11th Gen 11300H - (16 GB/512 GB SSD/Windows 11 Home/4 GB Graphic...","Lenovo","Intel Core i5 Processor (11th Gen)","16 GB DDR4 RAM","512 GB SSD","39.62 cm (15.6 Inch) Display","nan","Windows 11 Operating System","1 Year Onsite Warranty + 1 Year Premium Care + 1 Year Accidental Damage Protection","竄ｹ71,990","竄ｹ1,05,999","32","4.3","459","48","No","https://www.flipkart.com/lenovo-ideapad-gaming-3-intel-core-i5-11th-gen-11300h-16-gb-512-gb-ssd-windows-11-home-4-graphics-nvidia-geforce-rtx-3050-15ihu6-15ihu6d1-laptop/p/itmc4612af4ab758","https://rukminim2.flixcart.com/image/312/312/xif0q/computer/q/q/r/-original-imahcd9jz3g995cy.jpeg?q=70","1619"
"COMGYSFGEHZJZNYQ","Lenovo Legion 7 Intel Core i9 14th Gen 14900HX - (32 GB/1 TB SSD/Windows 11 Home/8 GB Graphics/NVIDIA ...","Lenovo","Intel Core i9 Processor (14th Gen)","32 GB DDR5 RAM","1 TB SSD","40.64 cm (16 Inch) Display","nan","Windows 11 Operating System","1 Year Carry-in Warranty","竄ｹ2,09,490","竄ｹ2,66,590","21","4.6","5","1","Yes","https://www.flipkart.com/lenovo-legion-7-intel-core-i9-14th-gen-14900hx-32-gb-1-tb-ssd-windows-11-home-8-gb-graphics-nvidia-geforce-rtx-4070-16irx9-gaming-laptop/p/itmf8361a6376af6","https://rukminim2.flixcart.com/image/312/312/xif0q/computer/d/g/m/-original-imahcd9hcqttgpjf.jpeg?q=70","1622"
"COMGQY58JZHSCAWW","Lenovo ThinkBook 15 Intel Core i7 12th Gen 1255U - (16 GB/512 GB SSD/Windows 11 Home) TB15 G4 IAP Thin...","Lenovo","Intel Core i7 Processor (12th Gen)","16 GB DDR4 RAM","512 GB SSD","39.62 cm (15.6 Inch) Display","nan","Windows 11 Operating System","1 Year Onsite Warranty","竄ｹ67,999","竄ｹ1,32,300","48",\N,\N,\N,"Yes","https://www.flipkart.com/lenovo-thinkbook-15-intel-core-i7-12th-gen-1255u-16-gb-512-gb-ssd-windows-11-home-tb15-g4-iap-thin-light-laptop/p/itm65936d217ef8a","https://rukminim2.flixcart.com/image/312/312/xif0q/computer/d/s/x/-original-imahcd9mymcakhrs.jpeg?q=70","1623"
"COMHBFFKZE2ND7PV","Lenovo IdeaPad Slim 5 AMD Ryzen AI 7 Octa Core AI 7 350 - (24 GB/1 TB SSD/Windows 11 Home) IdeaPad Sli...","Lenovo","AMD Ryzen AI 7 Octa Core Processor","24 GB DDR5 RAM","1 TB SSD","35.56 cm (14 Inch) Display","nan","Windows 11 Home Operating System","1 Year Onsite Warranty","竄ｹ87,190","竄ｹ1,25,890","30",\N,\N,\N,"No","https://www.flipkart.com/lenovo-ideapad-slim-5-amd-ryzen-ai-7-octa-core-350-24-gb-1-tb-ssd-windows-11-home-14akp10-thin-light-laptop/p/itm006da737a5843","https://rukminim2.flixcart.com/image/312/312/xif0q/computer/g/l/s/-original-imahcd9z7hqvun5q.jpeg?q=70","1625"
"COMGHMH6ZCGDH57Y","Lenovo IdeaPad Gaming 3 Intel Core i7 12th Gen 12700H - (16 GB/512 GB SSD/Windows 11 Home/6 GB Graphic...","Lenovo","Intel Core i7 Processor (12th Gen)","16 GB DDR4 RAM","512 GB SSD","40.64 cm (16 Inch) Display","nan","64 bit Windows 11 Operating System","1 Year Onsite Warranty + 1 Year Premium Care + 1 Year Accidental Damage Protection","竄ｹ92,999","竄ｹ1,53,890","39","4.3","20","2","No","https://www.flipkart.com/lenovo-ideapad-gaming-3-intel-core-i7-12th-gen-12700h-16-gb-512-gb-ssd-windows-11-home-6-graphics-nvidia-geforce-rtx-3060-16iah7-16iah7d1-laptop/p/itmdfcda2ed0d444","https://rukminim2.flixcart.com/image/312/312/xif0q/computer/5/o/p/-original-imahcd9jys7z3ac2.jpeg?q=70","1628"
"COMH2HHJPRZEUK6P","Lenovo Legion Pro 5 AMD Ryzen 9 16 Core 7945HX - (16 GB/1 TB SSD/Windows 11 Home/8 GB Graphics/NVIDIA ...","Lenovo","AMD Ryzen 9 16 Core Processor","16 GB DDR5 RAM","1 TB SSD","40.64 cm (16 Inch) Display","nan","Windows 11 Operating System","1 Year Onsite Warranty","竄ｹ1,49,900","竄ｹ2,24,500","33","4.7","3","0","No","https://www.flipkart.com/lenovo-legion-pro-5-amd-ryzen-9-16-core-7945hx-16-gb-1-tb-ssd-windows-11-home-8-gb-graphics-nvidia-geforce-rtx-4060-16arx8-gaming-laptop/p/itm4679e3595f3e1","https://rukminim2.flixcart.com/image/312/312/xif0q/computer/o/h/w/-original-imahcd9cpk6rphxh.jpeg?q=70","1629"
"COMGXMY54PHHZGSB","Lenovo IdeaPad Pro 5 2K OLED AI PC Intel Core Ultra 7 155H - (16 GB/1 TB SSD/Windows 11 Home/6 GB Grap...","Lenovo","Intel Core Ultra 7 Processor","16 GB LPDDR5X RAM","1 TB SSD","40.64 cm (16 inch) Display","nan","Windows 11 Operating System","1Yr Warranty + 1 Yr Premium Care and 1 Yr Accidental Damage Protection","竄ｹ1,25,990","竄ｹ1,46,890","14","5","3","0","Yes","https://www.flipkart.com/lenovo-ideapad-pro-5-2k-oled-ai-pc-intel-core-ultra-7-155h-16-gb-1-tb-ssd-windows-11-home-6-gb-graphics-nvidia-geforce-rtx-3050-16imh9-gaming-laptop/p/itm63b6e908eddc7","https://rukminim2.flixcart.com/image/312/312/xif0q/computer/e/1/l/-original-imahcsn6ygpwypxh.jpeg?q=70","1633"
"COMHCJQHCZEZW5HD","Lenovo V 14 (2025) Intel Core i7 12th Gen 1255U - (16 GB/512 GB SSD/Windows 11 Pro) V 14 Thin and Ligh...","Lenovo","Intel Core i7 Processor (12th Gen)","16 GB DDR4 RAM","512 GB SSD","35.56 cm (14 inch) Display","nan","64 bit Windows 11 Operating System","1 Year Onsite Warranty","竄ｹ50,990","竄ｹ92,990","45",\N,\N,\N,"No","https://www.flipkart.com/lenovo-v-14-2025-intel-core-i7-12th-gen-1255u-16-gb-512-gb-ssd-windows-11-pro-thin-light-laptop/p/itm0ba591e30a94c","https://rukminim2.flixcart.com/image/312/312/xif0q/computer/r/q/3/v-1-4-thin-and-light-laptop-lenovo-original-imah9ysxxemvayrf.jpeg?q=70","1634"
"COMGRU9Z4TCQEFFH","Lenovo Yoga 6 AMD Ryzen 5 Hexa Core 7530U - (16 GB/512 GB SSD/Windows 11 Home) 13ABR8 2 in 1 Laptop","Lenovo","AMD Ryzen 5 Hexa Core Processor","16 GB LPDDR4X RAM","512 GB SSD","33.78 cm (13.3 Inch) Touchscreen Display","nan","Windows 11 Operating System","1Yr Warranty + 1 Yr Premium Care and 1 Yr Accidental Damage Protection","竄ｹ74,890","竄ｹ1,08,190","30","4.3","36","5","Yes","https://www.flipkart.com/lenovo-yoga-6-amd-ryzen-5-hexa-core-7530u-16-gb-512-gb-ssd-windows-11-home-13abr8-2-1-laptop/p/itm19ba9d85ccc52","https://rukminim2.flixcart.com/image/312/312/xif0q/computer/y/a/n/-original-imahcd9nhyyyx64h.jpeg?q=70","1635"
"COMGYSFG6QTKZFW2","Lenovo Lenovo Legion Pro 7 Intel Core i9 14th Gen 14900HX - (32 GB/1 TB SSD/Windows 11 Home/12 GB Grap...","Lenovo","Intel Core i9 Processor (14th Gen)","32 GB DDR5 RAM","1 TB SSD","40.64 cm (16 Inch) Display","nan","Windows 11 Operating System","1 Year Carry-in Warranty","竄ｹ2,69,990","竄ｹ4,19,890","35",\N,\N,\N,"Yes","https://www.flipkart.com/lenovo-legion-pro-7-intel-core-i9-14th-gen-14900hx-32-gb-1-tb-ssd-windows-11-home-12-gb-graphics-nvidia-geforce-rtx-4080-16irx9h-gaming-laptop/p/itm18b0fa980ab08","https://rukminim2.flixcart.com/image/312/312/xif0q/computer/x/d/h/-original-imahcd9jnusydj9j.jpeg?q=70","1638"
"COMHCGVYTZFCZCH3","Lenovo V 15 (2025) Intel Core i7 12th Gen - (16 GB/512 GB SSD/Windows 11 Pro) V 15 Thin and Light Lapt...","Lenovo","Intel Core i7 Processor (12th Gen)","16 GB DDR4 RAM","512 GB SSD","39.62 cm (15.6 inch) Display","nan","Windows 11 Operating System","1 Year Onsite Warranty","竄ｹ51,990","竄ｹ98,990","47",\N,\N,\N,"No","https://www.flipkart.com/lenovo-v-15-2025-intel-core-i7-12th-gen-16-gb-512-gb-ssd-windows-11-pro-thin-light-laptop/p/itmb1d5ba5d43059","https://rukminim2.flixcart.com/image/312/312/xif0q/computer/t/f/5/v-15-thin-and-light-laptop-lenovo-original-imahcgvymhgavewr.jpeg?q=70","1639"
"COMGVQ2YHXMQ2TNG","Lenovo IdeaPad Gaming 3 Intel Core i5 12th Gen 12450H - (16 GB/512 GB SSD/Windows 11 Home/4 GB Graphic...","Lenovo","Intel Core i5 Processor (12th Gen)","16 GB DDR4 RAM","512 GB SSD","39.62 cm (15.6 Inch) Display","nan","Windows 11 Operating System","1 Year Carry-in Warranty","竄ｹ65,000","竄ｹ68,547","5","4","7","1","No","https://www.flipkart.com/lenovo-ideapad-gaming-3-intel-core-i5-12th-gen-12450h-16-gb-512-gb-ssd-windows-11-home-4-graphics-nvidia-geforce-rtx-3050-15iah7-laptop/p/itmdfcda2ed0d444","https://rukminim2.flixcart.com/image/312/312/xif0q/computer/g/w/p/-original-imahcd9pzbjhychg.jpeg?q=70","1642"
"COMGTBBEBXFMYZEV","Lenovo IdeaPad Flex 5 AMD Ryzen 5 Hexa Core 8th Gen - (16 GB/512 GB SSD/Windows 11 Home) 14ABR8 Laptop","Lenovo","AMD Ryzen 5 Hexa Core Processor (8th Gen)","16 GB LPDDR4 RAM","512 GB SSD","35.56 cm (14 inch) Display","nan","Windows 11 Operating System","1Yr Warranty + 1 Yr Premium Care and 1 Yr Accidental Damage Protection","竄ｹ64,290","竄ｹ97,890","34",\N,\N,\N,"No","https://www.flipkart.com/lenovo-ideapad-flex-5-amd-ryzen-hexa-core-8th-gen-16-gb-512-gb-ssd-windows-11-home-14abr8-laptop/p/itm53fa0d9c1fdd7","https://rukminim2.flixcart.com/image/312/312/xif0q/computer/q/h/1/-original-imahcd9nxh3btujs.jpeg?q=70","1643"
"COMGBNFUWPH6F56F","Lenovo IdeaPad Gaming 3 AMD Ryzen 5 Hexa Core AMD R5-5600H - (16 GB/512 GB SSD/Windows 11 Home/4 GB Gr...","Lenovo","AMD Ryzen 5 Hexa Core Processor","16 GB DDR4 RAM","512 GB SSD","39.62 cm (15.6 inch) Display","nan","64 bit Windows 11 Operating System","1 Year Onsite・ｽWarranty・ｽ+ 1 Year Premium Care + 1 Year Accidental Damage Protection","竄ｹ66,167","竄ｹ95,790","30","4.3","292","34","Yes","https://www.flipkart.com/lenovo-ideapad-gaming-3-amd-ryzen-5-hexa-core-r5-5600h-16-gb-512-gb-ssd-windows-11-home-4-graphics-nvidia-geforce-rtx-3050-15ach6-laptop/p/itm2a46b1c472cac","https://rukminim2.flixcart.com/image/312/312/xif0q/computer/p/v/3/-original-imahcd994jazdkhv.jpeg?q=70","1644"
"COMG54ZH8A3KHCQP","Lenovo Ideapad Slim 3i (2021) Intel Core i3 10th Gen 1135G7 - (4 GB/256 GB SSD/Windows 10 Home) Ideapa...","Lenovo","Intel Core i3 Processor (10th Gen)","4 GB DDR4 RAM","256 GB SSD","39.62 cm (15.6 Inch) Display","nan","64 bit Windows 10 Operating System","1 Year Onsite Warranty","竄ｹ33,500","竄ｹ50,990","34","3.9","51","1","No","https://www.flipkart.com/lenovo-ideapad-slim-3i-2021-intel-core-i3-10th-gen-1135g7-4-gb-256-gb-ssd-windows-10-home-3-15iml05-thin-light-laptop/p/itmb451b786fbcd7","https://rukminim2.flixcart.com/image/312/312/kpft18w0/computer/4/v/p/ideapad-5-15itl05-thin-and-light-laptop-lenovo-original-imag3zgjzafrkbtg.jpeg?q=70","1648"
"COMGP22NC2NJPFT7","Lenovo Workstation P15v Intel Core i7 12th Gen 12800H - (16 GB/1 TB SSD/Windows 11 Pro/4 GB Graphics) ...","Lenovo","Intel Core i7 Processor (12th Gen)","16 GB DDR5 RAM","1 TB SSD","39.62 cm (15.6 Inch) Display","nan","Windows 11 Operating System","nan","竄ｹ1,37,999","竄ｹ1,94,304","28",\N,\N,\N,"No","https://www.flipkart.com/lenovo-workstation-p15v-intel-core-i7-12th-gen-12800h-16-gb-1-tb-ssd-windows-11-pro-4-gb-graphics-tp-gen3-laptop/p/itm4db050f31d127","https://rukminim2.flixcart.com/image/312/312/xif0q/computer/k/z/t/-original-imahcd9nbhepzun6.jpeg?q=70","1649"
"COMGEMAYFYVKMKBK","Lenovo Legion 5 Intel Intel Core i5 10th Gen 10500H - (8 GB/512 GB SSD/Windows 11 Home/4 GB Graphics/N...","Lenovo","Intel Core i5 Processor (10th Gen)","8 GB DDR4 RAM","512 GB SSD","39.62 cm (15.6 inch) Display","nan","64 bit Windows 11 Operating System","1 Year Onsite・ｽWarranty・ｽ+ 1 Year Legion Ultimate Support + 1 Year Accidental Damage Protection","竄ｹ66,290","竄ｹ1,03,490","35","4.5","61","8","No","https://www.flipkart.com/lenovo-legion-5-intel-core-i5-10th-gen-10500h-8-gb-512-gb-ssd-windows-11-home-4-graphics-nvidia-geforce-rtx-3050-120-hz-15imh6-gaming-laptop/p/itm043bbc57b0a10","https://rukminim2.flixcart.com/image/312/312/ksj9dow0/computer/n/i/p/na-gaming-laptop-lenovo-original-imag6345sb2jfu2a.jpeg?q=70","1652"
"COMFW3FVGFJGECKR","Lenovo Intel Core i7 8th Gen 8665U - (16 GB/512 GB SSD/Windows 10 Pro/2 GB Graphics) Thinkpad P43s Thi...","Lenovo","Intel Core i7 Processor (8th Gen)","16 GB DDR4 RAM","512 GB SSD","35.56 cm (14 inch) Display","nan","64 bit Windows 10 Operating System","3 Year Onsite Warranty","竄ｹ2,19,999","竄ｹ2,44,801","10",\N,\N,\N,"No","https://www.flipkart.com/lenovo-intel-core-i7-8th-gen-8665u-16-gb-512-gb-ssd-windows-10-pro-2-graphics-thinkpad-p43s-thin-light-laptop/p/itm7ef1ae75f6dd3","https://rukminim2.flixcart.com/image/312/312/kynb6vk0/computer/s/7/y/thinkpad-p43s-thin-and-light-laptop-lenovo-original-imagau8rwey9zabh.jpeg?q=70","1654"
"COMG3TZGFAEPVFGF","Lenovo IdeaPad Flex 5 AMD Ryzen 5 Hexa Core 5500U - (8 GB/512 GB SSD/Windows 10 Home) 14 ALC 05 2 in 1...","Lenovo","AMD Ryzen 5 Hexa Core Processor","8 GB DDR4 RAM","512 GB SSD","35.56 cm (14 inch) Touchscreen Display","nan","64 bit Windows 10 Operating System","1 Year Onsite Warranty","竄ｹ69,999","竄ｹ85,000","17","4.6","60","13","No","https://www.flipkart.com/lenovo-ideapad-flex-5-amd-ryzen-hexa-core-5500u-8-gb-512-gb-ssd-windows-10-home-14-alc-05-2-1-laptop/p/itm64b976c55190b","https://rukminim2.flixcart.com/image/312/312/kq18n0w0/computer/f/2/x/na-2-in-1-laptop-lenovo-original-imag45fuefmprgsq.jpeg?q=70","1655"
"COMGPYZR5ZW5HFGD","Lenovo IdeaPad Slim 5 Intel Core i7 12th Gen 1255U - (16 GB/512 GB SSD/Windows 11 Home) 15IAL7 Thin an...","Lenovo","Intel Core i7 Processor (12th Gen)","16 GB DDR4 RAM","512 GB SSD","39.62 cm (15.6 Inch) Display","nan","Windows 11 Operating System","1 Year Onsite Warranty + 1 Year Premium Care + 1 Year ADP","竄ｹ95,990","竄ｹ1,15,000","16","4","25","3","No","https://www.flipkart.com/lenovo-ideapad-slim-5-intel-core-i7-12th-gen-1255u-16-gb-512-gb-ssd-windows-11-home-15ial7-thin-light-laptop/p/itm9aa81808b07b4","https://rukminim2.flixcart.com/image/312/312/xif0q/computer/i/k/d/15ial7-thin-and-light-laptop-lenovo-original-imah3csbcdf3tcbs.jpeg?q=70","1658"
"COMH8ZR9GUFJQRBZ","Lenovo Intel Core i5 13th Gen - (16 GB/512 GB SSD/Windows 11 Pro) E14 Business Laptop","Lenovo","Intel Core i5 Processor (13th Gen)","16 GB DDR4 RAM","512 GB SSD","90.32 cm (35.56 inch) Display","nan","Windows 11 Home Operating System","3 year Onsite Warranty","竄ｹ69,990","竄ｹ92,990","24",\N,\N,\N,"No","https://www.flipkart.com/lenovo-intel-core-i5-13th-gen-16-gb-512-gb-ssd-windows-11-pro-e14-business-laptop/p/itm958303fdf00bc","https://rukminim2.flixcart.com/image/312/312/xif0q/computer/i/f/t/thinkpad-business-laptop-lenovo-original-imah2uubnx9zvavy.jpeg?q=70","1659"
"COMHCV839DAGVHYN","Lenovo Ideapad Slim 3 AMD Ryzen 3 Quad Core 7320U - (8 GB/512 GB SSD/Windows 11 Home) 15AMN8 Thin and ...","Lenovo","AMD Ryzen 3 Quad Core Processor","8 GB DDR5 RAM","512 GB SSD","39.62 cm (15.6 inch) Display","nan","Windows 11 Home Operating System","1Yr Warranty and 1 Yr Accidental Damage Protection","竄ｹ32,598","竄ｹ38,990","16",\N,\N,\N,"No","https://www.flipkart.com/lenovo-ideapad-slim-3-amd-ryzen-quad-core-7320u-8-gb-512-gb-ssd-windows-11-home-15amn8-thin-light-laptop/p/itmf4bdecc9538e5","https://rukminim2.flixcart.com/image/312/312/xif0q/computer/e/n/d/15amn8-thin-and-light-laptop-lenovo-original-imahch8qxnacjujs.jpeg?q=70","1662"
"COMG62ZCYXBHRFZF","Lenovo Legion 5 Intel Core i7 11th Gen 11800H - (16 GB/512 GB SSD/Windows 11 Home/4 GB Graphics/NVIDIA...","Lenovo","Intel Core i7 Processor (11th Gen)","16 GB DDR4 RAM","512 GB SSD","39.62 cm (15.6 inch) Display","nan","64 bit Windows 11 Operating System","1 Year Onsite Warranty + 1 Year Legion Ultimate Support + 1 Year Accidental Damage Protection","竄ｹ1,25,000","竄ｹ1,45,000","13","4","87","15","No","https://www.flipkart.com/lenovo-legion-5-intel-core-i7-11th-gen-11800h-16-gb-512-gb-ssd-windows-11-home-4-graphics-nvidia-geforce-rtx-3050-120-hz-15ith6-gaming-laptop/p/itm043bbc57b0a10","https://rukminim2.flixcart.com/image/312/312/xif0q/computer/v/r/2/na-gaming-laptop-lenovo-original-imah28snhzm8kbss.jpeg?q=70","1663"
"COMGN2YDH9WVHY2H","Lenovo Legion 5 AMD Ryzen 7 Octa Core 5800H - (16 GB/512 GB SSD/Windows 11 Home/4 GB Graphics/NVIDIA G...","Lenovo","AMD Ryzen 7 Octa Core Processor","16 GB DDR4 RAM","512 GB SSD","39.62 cm (15.6 Inch) Display","nan","Windows 11 Operating System","1 Year Carry-in Warranty","竄ｹ1,15,990","竄ｹ1,30,000","10","4.3","167","25","No","https://www.flipkart.com/lenovo-legion-5-amd-ryzen-7-octa-core-5800h-16-gb-512-gb-ssd-windows-11-home-4-graphics-nvidia-geforce-rtx-3050-120-hz-15ach6-gaming-laptop/p/itm043bbc57b0a10","https://rukminim2.flixcart.com/image/312/312/xif0q/computer/v/r/2/na-gaming-laptop-lenovo-original-imah28snhzm8kbss.jpeg?q=70","1664"
"COMG62ZASBMGDC5M","Lenovo Lenovo Legion 5 AMD Ryzen 7 Octa Core 5800H - (16 GB/512 GB SSD/Windows 10 Home/4 GB Graphics/N...","Lenovo","AMD Ryzen 7 Octa Core Processor","16 GB DDR4 RAM","512 GB SSD","39.62 cm (15.6 inch) Display","nan","64 bit Windows 10 Operating System","1 Year Warranty + 1 Year Legion Ultimate Support + 1 Year ADP","竄ｹ1,11,990","竄ｹ1,38,490","19","4.5","39","4","No","https://www.flipkart.com/lenovo-legion-5-amd-ryzen-7-octa-core-5800h-16-gb-512-gb-ssd-windows-10-home-4-graphics-nvidia-geforce-rtx-3050-15ach6-gaming-laptop/p/itm043bbc57b0a10","https://rukminim2.flixcart.com/image/312/312/ks99aq80/computer/o/h/g/na-gaming-laptop-lenovo-original-imag5ve2rpxqp3ac.jpeg?q=70","1665"
"COMGRC9RPSRGEWRT","Lenovo LOQ AI Powered AMD Ryzen 7 Octa Core 7840HS - (16 GB/512 GB SSD/Windows 11 Home/6 GB Graphics/N...","Lenovo","AMD Ryzen 7 Octa Core Processor","16 GB DDR5 RAM","512 GB SSD","39.62 cm (15.6 Inch) Display","nan","Windows 11 Operating System","1Yr Warranty and 1 Yr Accidental Damage Protection","竄ｹ76,491","竄ｹ1,17,490","34","4.2","72","11","No","https://www.flipkart.com/lenovo-loq-ai-powered-amd-ryzen-7-octa-core-7840hs-16-gb-512-gb-ssd-windows-11-home-6-graphics-nvidia-geforce-rtx-3050-15aph8d2-gaming-laptop/p/itm21f19c8b9bf94","https://rukminim2.flixcart.com/image/312/312/xif0q/computer/y/n/y/-original-imahcd9jdvhsqec7.jpeg?q=70","1668"
"COMFU7ANQZYJGA9N","Lenovo Legion 7i Intel Core i7 10th Gen 10875H - (16 GB/1 TB SSD/Windows 10 Home/8 GB Graphics/NVIDIA ...","Lenovo","Intel Core i7 Processor (10th Gen)","16 GB DDR4 RAM","1 TB SSD","39.62 cm (15.6 inch) Display","nan","64 bit Windows 10 Operating System","3 Years Warranty + 1 Year Legion Ultimate Support + 1 Year ADP","竄ｹ1,43,999","竄ｹ3,49,890","58",\N,"4","0","No","https://www.flipkart.com/lenovo-legion-7i-intel-core-i7-10th-gen-10875h-16-gb-1-tb-ssd-windows-10-home-8-gb-graphics-nvidia-geforce-rtx-2080-super-max-q-144-hz-15imhg05-gaming-laptop/p/itm48b72e2122ecd","https://rukminim2.flixcart.com/image/312/312/kdyus280/computer/t/w/3/lenovo-na-gaming-laptop-original-imafuqwpncg3bzhx.jpeg?q=70","1669"
"COMHY24RNAZZBJCZ","Lenovo Yoga 7 OLED AI PC Intel Core Ultra 5 125H - (16 GB/1 TB SSD/Windows 11 Home) 14IML9 2 in 1 Lapt...","Lenovo","Intel Core Ultra 5 Processor","16 GB LPDDR5X RAM","1 TB SSD","35.56 cm (14 Inch) Touchscreen Display","nan","Windows 11 Operating System","1Yr Warranty + 1 Yr Premium Care and 1 Yr Accidental Damage Protection","竄ｹ1,11,999","竄ｹ1,40,000","20","4.1","24","3","No","https://www.flipkart.com/lenovo-yoga-7-oled-ai-pc-intel-core-ultra-5-125h-16-gb-1-tb-ssd-windows-11-home-14iml9-2-1-laptop/p/itm1ef35128279ee","https://rukminim2.flixcart.com/image/312/312/xif0q/computer/y/p/2/-original-imahcsn6uymcdw2r.jpeg?q=70","1673"
"COMGHMH6E26ZGKGJ","Lenovo IdeaPad 3 Intel Intel Core i5 11th Gen 1135G7 - (8 GB/512 GB SSD/Windows 11 Home) 15ITL6 Thin a...","Lenovo","Intel Core i5 Processor (11th Gen)","8 GB DDR4 RAM","512 GB SSD","39.62 cm (15.6 Inch) Display","nan","64 bit Windows 11 Operating System","2 Yr Warranty","竄ｹ51,291","竄ｹ97,890","47","4","37","5","No","https://www.flipkart.com/lenovo-ideapad-3-intel-core-i5-11th-gen-1135g7-8-gb-512-gb-ssd-windows-11-home-15itl6-thin-light-laptop/p/itmf495cb59eb6fc","https://rukminim2.flixcart.com/image/312/312/xif0q/computer/v/r/e/-original-imagg5jspqht3hym.jpeg?q=70","1674"
"COMH8AK5HNFHBHPV","Lenovo Intel Core i3 13th Gen - (8 GB/512 GB HDD/512 GB SSD/Windows 11 Home/8 GB Graphics) 82X700C7IN ...","Lenovo","Intel Core i3 Processor (13th Gen)","8 GB DDR4 RAM","512 GB HDD|512 GB SS","39.62 cm (15.6 inch) Display","nan","Windows 11 Home Operating System","1 Year Warranty","竄ｹ39,399","竄ｹ58,190","32",\N,\N,\N,"No","https://www.flipkart.com/lenovo-intel-core-i3-13th-gen-8-gb-512-gb-hdd-512-ssd-windows-11-home-8-graphics-82x700c7in-laptop/p/itmcc408a4a6cd0b","https://rukminim2.flixcart.com/image/312/312/xif0q/computer/v/m/d/ideapad-slim-3-gaming-laptop-lenova-original-imah8agdaz8f6fmq.jpeg?q=70","1678"
"COMGQRD7RWHUM9QH","Lenovo ThinkPad E14 AMD Ryzen 5 Hexa Core 7530U - (8 GB/512 GB SSD/Windows 11 Home) TP E14 Gen 5 Thin ...","Lenovo","AMD Ryzen 5 Hexa Core Processor","8 GB DDR4 RAM","512 GB SSD","35.56 cm (14 Inch) Display","nan","Windows 11 Operating System","1 Year Onsite Warranty","竄ｹ50,000","竄ｹ91,000","45","4.1","46","5","No","https://www.flipkart.com/lenovo-thinkpad-e14-amd-ryzen-5-hexa-core-7530u-8-gb-512-gb-ssd-windows-11-home-tp-gen-thin-light-laptop/p/itmbbd4542d7f75b","https://rukminim2.flixcart.com/image/312/312/xif0q/computer/p/z/h/-original-imahcd9njrqdezpp.jpeg?q=70","1682"
"COMG23RKF7NBG699","Lenovo IdeaPad 3 Intel Core i5 10th Gen 1035G7 - (8 GB/1 TB HDD/Windows 10 Home) 15IIL05 Laptop","Lenovo","Intel Core i5 Processor (10th Gen)","8 GB DDR4 RAM","1 TB HDD","39.62 cm (15.6 inch) Display","nan","64 bit Windows 10 Operating System","1 Year Onsite Warranty","竄ｹ44,990","竄ｹ63,790","29","4","411","36","No","https://www.flipkart.com/lenovo-ideapad-3-intel-core-i5-10th-gen-1035g7-8-gb-1-tb-hdd-windows-10-home-15iil05-laptop/p/itm6976e7038f4ba","https://rukminim2.flixcart.com/image/312/312/keaaavk0/computer/x/m/y/lenovo-na-laptop-original-imafuzt8r5jqppfn.jpeg?q=70","1683"
"COMHAZFGDYZWUP4W","Lenovo IdeaPad Slim 3 Intel Core 5 14th Gen 120U - (16 GB/512 GB SSD/Windows 11 Home) IdeaPad Slim 3 1...","Lenovo","Intel Core 5 Processor (14th Gen)","16 GB DDR5 RAM","512 GB SSD","39.62 cm (15.6 Inch) Display","nan","Windows 11 Home Operating System","1 Year Onsite Warranty","竄ｹ56,990","竄ｹ89,980","36",\N,\N,\N,"Yes","https://www.flipkart.com/lenovo-ideapad-slim-3-intel-core-5-14th-gen-120u-16-gb-512-gb-ssd-windows-11-home-15iru9-thin-light-laptop/p/itme559cb9439d28","https://rukminim2.flixcart.com/image/312/312/xif0q/computer/y/a/o/15iru9-thin-and-light-laptop-lenovo-original-imah4dhfnzs6hgzc.jpeg?q=70","1684"
"COMGHMH6GVJ79VCH","Lenovo IdeaPad Slim 3 Intel Core i3 11th Gen 1115G4 - (8 GB/512 GB SSD/Windows 11 Home) 14ITL6 Thin an...","Lenovo","Intel Core i3 Processor (11th Gen)","8 GB DDR4 RAM","512 GB SSD","35.56 cm (14 Inch) Display","nan","64 bit Windows 11 Operating System","2 Yr Warranty","竄ｹ34,191","竄ｹ61,390","44","4.1","252","16","No","https://www.flipkart.com/lenovo-ideapad-slim-3-intel-core-i3-11th-gen-1115g4-8-gb-512-gb-ssd-windows-11-home-14itl6-thin-light-laptop/p/itmc8cde945d4650","https://rukminim2.flixcart.com/image/312/312/xif0q/computer/s/0/c/-original-imaguyhz4a9nthke.jpeg?q=70","1688"
"COMGTTAW7HZNZZXR","Lenovo Intel Core i3 12th Gen - (8 GB/512 GB SSD/Windows 11 Home) 82RK00VWIN Thin and Light Laptop","Lenovo","Intel Core i3 Processor (12th Gen)","8 GB DDR4 RAM","512 GB SSD","39.62 cm (15.6 inch) Display","nan","Windows 11 Operating System","nan","竄ｹ32,490","竄ｹ55,190","41","4","20","0","Yes","https://www.flipkart.com/lenovo-intel-core-i3-12th-gen-8-gb-512-gb-ssd-windows-11-home-82rk00vwin-thin-light-laptop/p/itm09d699c84f79a","https://rukminim2.flixcart.com/image/312/312/xif0q/computer/i/8/y/ideapad-slim-3i-thin-and-light-laptop-lenovo-original-imagttawwczzyzcz.jpeg?q=70","1689"
"COMFZS9HEZMHJZXB","Lenovo Ideapad Slim 3i Intel Core i3 10th Gen 1005G1 - (8 GB/256 GB SSD/Windows 10 Home) 14IIL05 Thin ...","Lenovo","Intel Core i3 Processor (10th Gen)","8 GB DDR4 RAM","256 GB SSD","35.56 cm (14 inch) Display","nan","64 bit Windows 10 Operating System","1 Year Onsite Warranty","竄ｹ35,900","竄ｹ55,000","34","4.3","398","42","No","https://www.flipkart.com/lenovo-ideapad-slim-3i-intel-core-i3-10th-gen-1005g1-8-gb-256-gb-ssd-windows-10-home-14iil05-thin-light-laptop/p/itm2922c34f97f17","https://rukminim2.flixcart.com/image/312/312/keaaavk0/computer/c/q/t/lenovo-na-thin-and-light-laptop-original-imafuzt873zgp9xe.jpeg?q=70","1693"
"COMGQRD7EGPUUGGH","Lenovo IdeaPad Slim 3 AMD Ryzen 7 Octa Core 5700U - (16 GB/512 GB SSD/Windows 11 Home) 15ALC6 Thin and...","Lenovo","AMD Ryzen 7 Octa Core Processor","16 GB DDR4 RAM","512 GB SSD","39.62 cm (15.6 Inch) Display","nan","Windows 11 Operating System","nan","竄ｹ51,990","竄ｹ71,990","27","4.2","639","58","No","https://www.flipkart.com/lenovo-ideapad-slim-3-amd-ryzen-7-octa-core-5700u-16-gb-512-gb-ssd-windows-11-home-15alc6-thin-light-laptop/p/itm79cd6c84ebdb4","https://rukminim2.flixcart.com/image/312/312/xif0q/computer/2/g/m/-original-imahcd9nmyyygx4z.jpeg?q=70","1694"
"COMG6VRPHFKDDJCW","Lenovo Intel Core i3 11th Gen 1115G4 - (4 GB/256 GB SSD/Windows 10 Home) V15 ITL G2 Thin and Light Lap...","Lenovo","Intel Core i3 Processor (11th Gen)","4 GB DDR4 RAM","256 GB SSD","38.1 cm (15 inch) Display","nan","64 bit Windows 10 Operating System","1 Year Onsite Warranty","竄ｹ31,990","竄ｹ49,096","34","4.3","226","28","No","https://www.flipkart.com/lenovo-intel-core-i3-11th-gen-1115g4-4-gb-256-gb-ssd-windows-10-home-v15-itl-g2-thin-light-laptop/p/itma6c69c898e299","https://rukminim2.flixcart.com/image/312/312/ku2zjww0/computer/a/v/d/v15-itl-gen-2-thin-and-light-laptop-lenovo-original-imag7a2u2utbgmew.jpeg?q=70","1698"
"COMGFX4JGJ66DYYG","Lenovo IdeaPad 3 Intel Intel Core i3 11th Gen - (8 GB/512 GB SSD/Windows 11 Home) 81X800LAIN Thin and ...","Lenovo","Intel Core i3 Processor (11th Gen)","8 GB DDR4 RAM","512 GB SSD","39.62 cm (15.6 inch) Display","nan","Windows 11 Operating System","2 Yr Warranty","竄ｹ35,490","竄ｹ57,990","38","4.2","841","56","Yes","https://www.flipkart.com/lenovo-ideapad-3-intel-core-i3-11th-gen-8-gb-512-gb-ssd-windows-11-home-81x800lain-thin-light-laptop/p/itm118bd5b99bc51","https://rukminim2.flixcart.com/image/312/312/xif0q/computer/p/m/w/-original-imagg5jscr4hcuqc.jpeg?q=70","1699"
"COMHBGU8TJECNUYQ","Lenovo IdeaPad Intel Core i5 12th Gen 12450H - (8 GB/512 GB SSD/Windows 11 Home) 83ER00M2IN Laptop","Lenovo","Intel Core i5 Processor (12th Gen)","8 GB LPDDR5 RAM","512 GB SSD","39.62 cm (15.6 inch) Display","nan","Windows 11 Operating System","1 Year warranty","竄ｹ48,390","竄ｹ51,999","6",\N,\N,\N,"No","https://www.flipkart.com/lenovo-ideapad-intel-core-i5-12th-gen-12450h-8-gb-512-gb-ssd-windows-11-home-83er00m2in-laptop/p/itm53cc1be006d97","https://rukminim2.flixcart.com/image/312/312/xif0q/computer/x/p/3/ideapad-laptop-lenova-original-imah8ah2hy9wzmhb.jpeg?q=70","1702"
"COMHAQ3V6HXHZDBF","Lenovo LOQ 15ARP9 AMD Ryzen 5 Quad Core 7235HS - (12 GB/512 GB SSD/Windows 11 Home/6 GB Graphics/NVIDI...","Lenovo","AMD Ryzen 5 Quad Core Processor","12 GB DDR5 RAM","512 GB SSD","39.62 cm (15.6 Inch) Display","nan","Windows 11 Home Operating System","1 Year Onsite Warranty","竄ｹ76,590","nan",\N,\N,\N,\N,"No","https://www.flipkart.com/lenovo-loq-15arp9-amd-ryzen-5-quad-core-7235hs-12-gb-512-gb-ssd-windows-11-home-6-graphics-nvidia-geforce-rtx-3050-144-hz-gaming-laptop/p/itm1ba40acbd856c","https://rukminim2.flixcart.com/image/312/312/xif0q/computer/f/r/w/-original-imah2h5m6ykrzarz.jpeg?q=70","1703"
"COMGN29YGMXF5DNH","Lenovo IdeaPad Slim 3 Intel Core i3 11th Gen 1115G4 - (8 GB/256 GB SSD/Windows 11 Home) 15ITL05 Thin a...","Lenovo","Intel Core i3 Processor (11th Gen)","8 GB DDR4 RAM","256 GB SSD","39.62 cm (15.6 Inch) Display","nan","Windows 11 Operating System","2 Yr Warranty","竄ｹ36,200","竄ｹ59,390","39","4.2","841","56","No","https://www.flipkart.com/lenovo-ideapad-slim-3-intel-core-i3-11th-gen-1115g4-8-gb-256-gb-ssd-windows-11-home-15itl05-thin-light-laptop/p/itm388be1af70e53","https://rukminim2.flixcart.com/image/312/312/xif0q/computer/l/l/p/-original-imahcd9zfujduesx.jpeg?q=70","1704"
"COMH7NDQBYSCBGNF","Lenovo Intel Core i5 12th Gen 1235U - (8 GB/512 GB SSD/Windows 11 Home) G3 IAP Thin and Light Laptop","Lenovo","Intel Core i5 Processor (12th Gen)","8 GB DDR4 RAM","512 GB SSD","39.62 cm (15.6 inch) Display","nan","Windows 11 Home Operating System","1 Year Onsite Warranty","竄ｹ43,990","竄ｹ88,414","50","4.3","56","7","Yes","https://www.flipkart.com/lenovo-intel-core-i5-12th-gen-1235u-8-gb-512-gb-ssd-windows-11-home-g3-iap-thin-light-laptop/p/itm930d2b10f8362","https://rukminim2.flixcart.com/image/312/312/xif0q/computer/h/e/g/v15-thin-and-light-laptop-lenovo-original-imah86y2fsvhjvex.jpeg?q=70","1706"
"COMGTTBFCYKUHQEG","Lenovo AMD Ryzen 5 Ryzen邃｢ 5 - (8 GB/512 GB SSD/Windows 11 Home) 82R400BGIN Thin and Light Laptop","Lenovo","AMD Ryzen 5 Processor","8 GB DDR4 RAM","512 GB SSD","39.62 cm (15.6 inch) Display","nan","Windows 11 Operating System","nan","竄ｹ37,999","竄ｹ55,126","31","4.3","12","0","No","https://www.flipkart.com/lenovo-amd-ryzen-5-ryzen-8-gb-512-gb-ssd-windows-11-home-82r400bgin-thin-light-laptop/p/itm09d699c84f79a","https://rukminim2.flixcart.com/image/312/312/xif0q/computer/g/y/e/ideapad-slim-1i-thin-and-light-laptop-lenovo-original-imagufavnfjferxf.jpeg?q=70","1707"
"COMGVQ2YW7SCHT9Y","Lenovo IdeaPad Slim 5 WUXGA OLED Intel Core i5 13th Gen 13420H - (16 GB/1 TB SSD/Windows 11 Home) 14IR...","Lenovo","Intel Core i5 Processor (13th Gen)","16 GB LPDDR5 RAM","1 TB SSD","35.56 cm (14 Inch) Display","nan","Windows 11 Operating System","1Yr Warranty + 1 Yr Premium Care and 1 Yr Accidental Damage Protection","竄ｹ80,900","竄ｹ95,790","15","4.2","163","18","No","https://www.flipkart.com/lenovo-ideapad-slim-5-wuxga-oled-intel-core-i5-13th-gen-13420h-16-gb-1-tb-ssd-windows-11-home-14irl8-thin-light-laptop/p/itmf2dfeb9f35d07","https://rukminim2.flixcart.com/image/312/312/xif0q/computer/3/d/t/-original-imahfbdnhut4vg6b.jpeg?q=70","1711"
"COMGSBSFMJVGPZ3J","Lenovo V14 AMD Ryzen 3 Dual Core 11th Gen - (8 GB/512 GB SSD/DOS) V14 Gen-4 Business Laptop","Lenovo","AMD Ryzen 3 Dual Core Processor (11th Gen)","8 GB DDR4 RAM","512 GB SSD","35.56 cm (14 inch) Display","nan","64 bit DOS Operating System","3 Years Manufacturer Warranty","竄ｹ29,599","竄ｹ38,999","24",\N,\N,\N,"No","https://www.flipkart.com/lenovo-v14-amd-ryzen-3-dual-core-11th-gen-8-gb-512-gb-ssd-dos-gen-4-business-laptop/p/itm8d20bbd6f3388","https://rukminim2.flixcart.com/image/312/312/xif0q/computer/z/t/o/v14-business-laptop-lenovo-original-imagsf9z7e3yedhc.jpeg?q=70","1712"
"COMHBGVMNM8DKR9P","Lenovo IdeaPad Slim Intel Core i3 13th Gen 1315U - (8 GB/512 GB SSD/Windows 11 Home) 82X700E0IN Laptop","Lenovo","Intel Core i3 Processor (13th Gen)","8 GB LPDDR5 RAM","512 GB SSD","39.62 cm (15.6 inch) Display","nan","Windows 11 Operating System","1 Year warranty","竄ｹ39,999","竄ｹ58,190","31",\N,\N,\N,"No","https://www.flipkart.com/lenovo-ideapad-slim-intel-core-i3-13th-gen-1315u-8-gb-512-gb-ssd-windows-11-home-82x700e0in-laptop/p/itmf41448c18ce0c","https://rukminim2.flixcart.com/image/312/312/xif0q/computer/2/1/s/ideapad-slim-3-laptop-lenovo-original-imahbkc8r75hzgzj.jpeg?q=70","1713"
"COMG7EJFQHPFHG8Q","Lenovo IdeaPad 3 Intel Intel Core i3 10th Gen - (4 GB/256 GB SSD/Windows 10 Home) 81WB010XIN Laptop","Lenovo","Intel Core i3 Processor (10th Gen)","4 GB DDR4 RAM","256 GB SSD","39.62 cm (15.6 inch) Display","nan","Windows 10 Operating System","1 Year Onsite Warranty","竄ｹ34,990","竄ｹ49,999","30","5","1","1","No","https://www.flipkart.com/lenovo-ideapad-3-intel-core-i3-10th-gen-4-gb-256-gb-ssd-windows-10-home-81wb010xin-laptop/p/itmf7468c9543cbe","https://rukminim2.flixcart.com/image/312/312/krf91u80/computer/z/0/m/ideapad-slim-laptop-lenovo-original-imag57x3p7bw8y8b.jpeg?q=70","1717"
"COMHAF73KBHEEFJS","Lenovo IdeaPad Slim 5 Intel Core i5 13th Gen 13420H - (16 GB/1 TB SSD/Windows 11 Home) Slim 5 Thin and...","Lenovo","Intel Core i5 Processor (13th Gen)","16 GB DDR5 RAM","1 TB SSD","35.56 cm (14 inch) Display","nan","Windows 11 Home Operating System","1 Year Carry-in Warranty","竄ｹ73,190","竄ｹ97,290","24",\N,\N,\N,"No","https://www.flipkart.com/lenovo-ideapad-slim-5-intel-core-i5-13th-gen-13420h-16-gb-1-tb-ssd-windows-11-home-thin-light-laptop/p/itm2225ca67c1b2e","https://rukminim2.flixcart.com/image/312/312/xif0q/computer/x/r/j/-original-imahbqymzdjfrjzg.jpeg?q=70","1718"
"COMGAM8DBX2NHBQR","Lenovo Ideapad 3 Intel Core i5 11th Gen 1135G7 - (8 GB/512 GB SSD/Windows 11 Home) IdeaPad 3 15ITL6 Th...","Lenovo","Intel Core i5 Processor (11th Gen)","8 GB DDR4 RAM","512 GB SSD","39.62 cm (15.6 inch) Display","nan","64 bit Windows 11 Operating System","2 Years Warranty","竄ｹ48,999","竄ｹ84,190","41",\N,\N,\N,"Yes","https://www.flipkart.com/lenovo-ideapad-3-intel-core-i5-11th-gen-1135g7-8-gb-512-gb-ssd-windows-11-home-15itl6-thin-light-laptop/p/itme603a3b75554d","https://rukminim2.flixcart.com/image/312/312/xif0q/computer/p/r/p/-original-imahcd9mxehqvmzj.jpeg?q=70","1721"
"COMGQ2PC99TPSYF7","Lenovo V15 AMD Ryzen 5 Hexa Core 5500U - (8 GB/512 GB SSD/DOS) V15 G2 ALC Thin and Light Laptop","Lenovo","AMD Ryzen 5 Hexa Core Processor","8 GB DDR4 RAM","512 GB SSD","39.62 cm (15.6 Inch) Display","nan","DOS Operating System","1 Year Onsite Warranty","竄ｹ37,990","竄ｹ66,744","43","4.1","48","10","No","https://www.flipkart.com/lenovo-v15-amd-ryzen-5-hexa-core-5500u-8-gb-512-gb-ssd-dos-g2-alc-thin-light-laptop/p/itmffee359f96c0e","https://rukminim2.flixcart.com/image/312/312/xif0q/computer/8/g/k/v15-g2-alc-thin-and-light-laptop-lenovo-original-imagq9kbmghqupaa.jpeg?q=70","1722"
"COMG8ZHBWGT78TUY","Lenovo IdeaPad 3 Intel Intel Core i3 11th Gen 1115G4 - (8 GB/256 GB SSD/Windows 11 Home) IdeaPad 3 15I...","Lenovo","Intel Core i3 Processor (11th Gen)","8 GB DDR4 RAM","256 GB SSD","39.62 cm (15.6 inch) Display","nan","64 bit Windows 11 Operating System","2 Years Warranty","竄ｹ35,658","竄ｹ62,038","42","4.3","859","98","No","https://www.flipkart.com/lenovo-ideapad-3-intel-core-i3-11th-gen-1115g4-8-gb-256-gb-ssd-windows-11-home-15itl6-ub-thin-light-laptop/p/itme603a3b75554d","https://rukminim2.flixcart.com/image/312/312/kruyw7k0/computer/f/i/u/na-thin-and-light-laptop-lenovo-original-imag5jy6fsm2yx4q.jpeg?q=70","1723"
"COMG6AKVCAGQZBW8","Lenovo IdeaPad 3 Intel Core i5 11th Gen 1135G7 - (8 GB/512 GB SSD/Windows 11 Home) 15ITL6 Thin and Lig...","Lenovo","Intel Core i5 Processor (11th Gen)","8 GB DDR4 RAM","512 GB SSD","39.62 cm (15.6 inch) Display","nan","64 bit Windows 11 Operating System","2 Year Onsite・ｽWarranty","竄ｹ49,000","竄ｹ83,999","41","4.3","319","29","No","https://www.flipkart.com/lenovo-ideapad-3-intel-core-i5-11th-gen-1135g7-8-gb-512-gb-ssd-windows-11-home-15itl6-thin-light-laptop/p/itme603a3b75554d","https://rukminim2.flixcart.com/image/312/312/xif0q/computer/6/o/h/-original-imahcd9n575efzht.jpeg?q=70","1724"
"COMHYVZSZUK2HCEJ","Lenovo Yoga AI PC Intel Core Ultra 7 155H - (32 GB/1 TB SSD/Windows 11 Home) 14IMH9 2 in 1 Laptop","Lenovo","Intel Core Ultra 7 Processor","32 GB LPDDR5X RAM","1 TB SSD","35.56 cm (14 inch) Touchscreen Display","nan","Windows 11 Operating System","1 Year Carry-in Warranty","竄ｹ1,80,190","竄ｹ2,44,890","26",\N,\N,\N,"No","https://www.flipkart.com/lenovo-yoga-ai-pc-intel-core-ultra-7-155h-32-gb-1-tb-ssd-windows-11-home-14imh9-2-1-laptop/p/itm71c2402890726","https://rukminim2.flixcart.com/image/312/312/xif0q/computer/y/s/z/-original-imahcsn6gntshbhc.jpeg?q=70","1731"
"COMGADGHNBK494MP","Lenovo Ideapad AMD AMD Ryzen 5 Hexa Core 5500U - (8 GB/512 GB SSD/Windows 11 Home) 15ALC6 Laptop","Lenovo","AMD Ryzen 5 Hexa Core Processor","8 GB DDR4 RAM","512 GB SSD","39.62 cm (15.6 inch) Display","nan","Windows 11 Operating System","nan","竄ｹ37,490","竄ｹ59,990","37","4.6","25","4","No","https://www.flipkart.com/lenovo-ideapad-amd-ryzen-5-hexa-core-5500u-8-gb-512-gb-ssd-windows-11-home-15alc6-laptop/p/itme603a3b75554d","https://rukminim2.flixcart.com/image/312/312/kxuqdu80/computer/o/u/j/lenovo-core-i5-laptop-lenovo-original-imaga7u8ehmnfggx.jpeg?q=70","1732"
"COMGKC6YXBYAVU4F","Lenovo IdeaPad Gaming 3 Intel Core i5 12th Gen 12450H - (16 GB/512 GB SSD/Windows 11 Home/4 GB Graphic...","Lenovo","Intel Core i5 Processor (12th Gen)","16 GB DDR4 RAM","512 GB SSD","39.62 cm (15.6 Inch) Display","nan","Windows 11 Operating System","1Year Onsite warranty","竄ｹ67,990","竄ｹ90,000","24","4.3","522","63","No","https://www.flipkart.com/lenovo-ideapad-gaming-3-intel-core-i5-12th-gen-12450h-16-gb-512-gb-ssd-windows-11-home-4-graphics-nvidia-geforce-rtx-3050-85-w-15iah7-laptop/p/itm8d177089b8e01","https://rukminim2.flixcart.com/image/312/312/xif0q/computer/b/4/z/-original-imahcyp8qnekzufx.jpeg?q=70","1733"
"COMG3HHRJNHEQ4HY","Lenovo Ideapad Slim 3i Intel Intel Core i3 11th Gen 1115G4 - (8 GB/256 GB SSD/Windows 10 Home) IdeaPad...","Lenovo","Intel Core i3 Processor (11th Gen)","8 GB DDR4 RAM","256 GB SSD","35.56 cm (14 Inch) Display","nan","64 bit Windows 10 Operating System","1 Year Onsite Warranty","竄ｹ38,990","竄ｹ58,890","33","4.4","190","31","No","https://www.flipkart.com/lenovo-ideapad-slim-3i-intel-core-i3-11th-gen-1115g4-8-gb-256-gb-ssd-windows-10-home-3-14itl6-thin-light-laptop/p/itm99a2ed0c4579e","https://rukminim2.flixcart.com/image/312/312/kpft18w0/computer/h/q/n/na-thin-and-light-laptop-lenovo-original-imag3zc8tzvqd26n.jpeg?q=70","1737"
"COMGF42G9RJGJYJH","Lenovo ThinkPad E15 Intel Intel Core i5 11th Gen 1135G7 - (8 GB/512 GB SSD/Windows 10 Home) E15 Laptop","Lenovo","Intel Core i5 Processor (11th Gen)","8 GB DDR4 RAM","512 GB SSD","39.62 cm (15.6 inch) Display","nan","64 bit Windows 10 Operating System","1 Year Onsite Warranty","竄ｹ69,700","竄ｹ85,000","18","4.2","102","8","No","https://www.flipkart.com/lenovo-thinkpad-e15-intel-core-i5-11th-gen-1135g7-8-gb-512-gb-ssd-windows-10-home-laptop/p/itm3ccb6041a0702","https://rukminim2.flixcart.com/image/312/312/kngd0nk0/computer/k/q/5/na-laptop-lenovo-original-imag24kvhrgqvjut.jpeg?q=70","1738"
"COMGEMAYUDWNRA3V","Lenovo Lenovo IdeaPad Gaming 3 Intel Intel Core i5 11th Gen 11300H - (8 GB/1 TB HDD/256 GB SSD/Windows...","Lenovo","Intel Core i5 Processor (11th Gen)","8 GB DDR4 RAM","1 TB HDD|256 GB SSD","39.62 cm (15.6 inch) Display","nan","64 bit Windows 11 Operating System","1 Year Onsite・ｽWarranty・ｽ+ 1 Year Premium Care + 1 Year Accidental Damage Protection","竄ｹ66,490","竄ｹ79,739","16","4.3","288","29","No","https://www.flipkart.com/lenovo-ideapad-gaming-3-intel-core-i5-11th-gen-11300h-8-gb-1-tb-hdd-256-gb-ssd-windows-11-home-4-graphics-nvidia-geforce-rtx-3050-120-hz-15ihu6-laptop/p/itm2db73402169ba","https://rukminim2.flixcart.com/image/312/312/xif0q/computer/b/d/a/-original-imagufyhnrhatfrp.jpeg?q=70","1742"
"COMG62ZCTJUXHKKZ","Lenovo IdeaPad 3 Intel Core i3 11th Gen 1115G4 - (8 GB/512 GB SSD/Windows 10 Home) 15ITL6 Thin and Lig...","Lenovo","Intel Core i3 Processor (11th Gen)","8 GB DDR4 RAM","512 GB SSD","39.62 cm (15.6 inch) Display","nan","64 bit Windows 10 Operating System","2 Years Warranty","竄ｹ33,990","竄ｹ63,999","46","4.4","1101","114","No","https://www.flipkart.com/lenovo-ideapad-3-intel-core-i3-11th-gen-1115g4-8-gb-512-gb-ssd-windows-10-home-15itl6-thin-light-laptop/p/itm99a2ed0c4579e","https://rukminim2.flixcart.com/image/312/312/ksj9dow0/computer/t/u/y/na-thin-and-light-laptop-lenovo-original-imag6345xr8bmahm.jpeg?q=70","1743"
"COMGMZG3WFTRCNTM","Lenovo Intel Core i3 11th Gen - (4 GB/1 TB HDD/DOS) 82KB00JEIH Laptop","Lenovo","Intel Core i3 Processor (11th Gen)","4 GB DDR4 RAM","1 TB HDD","39.62 cm (15.6 inch) Display","nan","DOS Operating System","Domestic Warranty","竄ｹ33,500","竄ｹ52,000","35",\N,\N,\N,"No","https://www.flipkart.com/lenovo-intel-core-i3-11th-gen-4-gb-1-tb-hdd-dos-82kb00jeih-laptop/p/itmf1767e24f3e5f","https://rukminim2.flixcart.com/image/312/312/xif0q/computer/p/s/x/v15-itl-gen-2-laptop-lenovo-original-imagmzh7qw3nudse.jpeg?q=70","1746"
"COMGSZCF5MRPXMQG","Lenovo IdeaPad Slim 3 15AMN8 AMD Ryzen 5 7th Gen - (8 GB/512 GB SSD/Windows 11 Home) 82XQ008TIN Notebo...","Lenovo","AMD Ryzen 5 Processor (7th Gen)","8 GB LPDDR5 RAM","512 GB SSD","39.62 cm (15.6 inch) Display","nan","Windows 11 Operating System","1-year warranty","竄ｹ45,500","竄ｹ70,400","35",\N,\N,\N,"No","https://www.flipkart.com/lenovo-ideapad-slim-3-15amn8-amd-ryzen-5-7th-gen-8-gb-512-gb-ssd-windows-11-home-82xq008tin-notebook/p/itm86b0802816a27","https://rukminim2.flixcart.com/image/312/312/xif0q/computer/7/n/q/ideapad-3-15amn8-laptop-lenovo-original-imagsp3mhg2rzwzg.jpeg?q=70","1747"
"COMGRT5DGKBAED3Q","Lenovo Yoga Book 9 Intel Evo Intel Core i7 13th Gen 1355U - (16 GB/1 TB SSD/Windows 11 Home) 13IRU8 2 ...","Lenovo","Intel Core i7 Processor (13th Gen)","16 GB LPDDR5X RAM","1 TB SSD","33.78 cm (13.3 Inch) Touchscreen Display","nan","Windows 11 Operating System","1 Year Carry-in Warranty","竄ｹ1,74,900","竄ｹ3,14,890","44",\N,\N,\N,"No","https://www.flipkart.com/lenovo-yoga-book-9-intel-evo-core-i7-13th-gen-1355u-16-gb-1-tb-ssd-windows-11-home-13iru8-2-1-laptop/p/itm94ad8163feb26","https://rukminim2.flixcart.com/image/312/312/xif0q/computer/m/e/1/-original-imahcd9zcggzwgpf.jpeg?q=70","1750"
"COMG6VRPHC3TYFZX","Lenovo Intel Core i3 10th Gen 1005G1 - (4 GB/1 TB HDD/DOS) V15 IIL Laptop","Lenovo","Intel Core i3 Processor (10th Gen)","4 GB DDR4 RAM","1 TB HDD","38.1 cm (15 inch) Display","nan","64 bit DOS Operating System","1 Year Onsite Warranty","竄ｹ36,000","竄ｹ45,999","21","3.7","70","6","No","https://www.flipkart.com/lenovo-intel-core-i3-10th-gen-1005g1-4-gb-1-tb-hdd-dos-v15-iil-laptop/p/itm128af8b1e1a32","https://rukminim2.flixcart.com/image/312/312/ktop5e80/computer/v/m/w/v15-iil-laptop-lenovo-original-imag6zenhnzvuhqf.jpeg?q=70","1751"
"COMFWP5CPSGCVBGY","Lenovo V15 Intel Core i3 10th Gen 1035G1 - (4 GB/1 TB HDD/Windows 11 Home) V15-IIL Thin and Light Lapt...","Lenovo","Intel Core i3 Processor (10th Gen)","4 GB DDR4 RAM","1 TB HDD","39.62 cm (15.6 inch) Display","nan","64 bit Windows 11 Operating System","1 Year Onsite Warranty","竄ｹ33,500","竄ｹ43,336","22","3.9","128","13","No","https://www.flipkart.com/lenovo-v15-intel-core-i3-10th-gen-1035g1-4-gb-1-tb-hdd-windows-11-home-v15-iil-thin-light-laptop/p/itm128af8b1e1a32","https://rukminim2.flixcart.com/image/312/312/xif0q/computer/v/e/8/v15-thin-and-light-laptop-lenovo-original-imah44pzgf7vqy8a.jpeg?q=70","1752"
"COMGPZJQFPHBMJHG","Lenovo Intel Core i7 11th Gen - (8 GB/512 GB SSD/Windows 11 Home) 82H803B6IN Thin and Light Laptop","Lenovo","Intel Core i7 Processor (11th Gen)","8 GB DDR4 RAM","512 GB SSD","39.62 cm (15.6 inch) Display","nan","Windows 11 Operating System","2 Yr Warranty","竄ｹ61,000","竄ｹ64,990","6","4.8","5","0","No","https://www.flipkart.com/lenovo-intel-core-i7-11th-gen-8-gb-512-gb-ssd-windows-11-home-82h803b6in-thin-light-laptop/p/itm8bbee35311c52","https://rukminim2.flixcart.com/image/312/312/xif0q/computer/m/f/m/ideapad-slim-3-thin-and-light-laptop-lenovo-original-imah3t2rd6csgvze.jpeg?q=70","1753"
"COMGHMH6V9G5BHAX","Lenovo IdeaPad Flex 5 Intel Intel Core i3 12th Gen 1215U - (8 GB/512 GB SSD/Windows 11 Home) 14IAU7 Th...","Lenovo","Intel Core i3 Processor (12th Gen)","8 GB LPDDR4X RAM","512 GB SSD","35.56 cm (14 Inch) Touchscreen Display","nan","64 bit Windows 11 Operating System","1 Year Onsite Warranty + 1 Year Premium Care + 1 Year Accidental Damage Protection","竄ｹ57,990","竄ｹ84,990","31","4","11","2","No","https://www.flipkart.com/lenovo-ideapad-flex-5-intel-core-i3-12th-gen-1215u-8-gb-512-gb-ssd-windows-11-home-14iau7-thin-light-laptop/p/itm2e70fa64d7a76","https://rukminim2.flixcart.com/image/312/312/xif0q/computer/9/z/x/14alc7-thin-and-light-laptop-lenovo-original-imaggujjhgppfkfg.jpeg?q=70","1756"
"COMGBG4ABK9BAGQY","Lenovo Intel Core i5 11th Gen - (8 GB/512 GB SSD/Windows 11 Home) 15ITL6 Laptop","Lenovo","Intel Core i5 Processor (11th Gen)","8 GB DDR4 RAM","512 GB SSD","39.62 cm (15.6 inch) Display","nan","Windows 11 Operating System","nan","竄ｹ46,990","竄ｹ82,990","43",\N,\N,\N,"No","https://www.flipkart.com/lenovo-intel-core-i5-11th-gen-8-gb-512-gb-ssd-windows-11-home-15itl6-laptop/p/itme603a3b75554d","https://rukminim2.flixcart.com/image/312/312/kzfvzww0/computer/q/g/h/ideapad-3-laptop-lenovo-original-imagbge6ygtpxbqz.jpeg?q=70","1757"
"COMHY9Z85FJAMAGX","Lenovo IdeaPad Slim 5 WUXGA OLED Intel Core i5 13th Gen 13420H - (16 GB/512 GB SSD/Windows 11 Home) 14...","Lenovo","Intel Core i5 Processor (13th Gen)","16 GB LPDDR5 RAM","512 GB SSD","35.56 cm (14 Inch) Display","nan","Windows 11 Operating System","1Yr Warranty + 1 Yr Premium Care and 1 Yr Accidental Damage Protection","竄ｹ81,999","竄ｹ90,723","9","4","22","0","No","https://www.flipkart.com/lenovo-ideapad-slim-5-wuxga-oled-intel-core-i5-13th-gen-13420h-16-gb-512-gb-ssd-windows-11-home-14irl8-thin-light-laptop/p/itm41c054c8ba443","https://rukminim2.flixcart.com/image/312/312/xif0q/computer/z/i/l/-original-imah5uhqphceghab.jpeg?q=70","1760"
"COMGRMKZXXYT3XGM","Lenovo Intel Core i3 11th Gen - (8 GB/512 GB SSD/Windows 11 Home) 15ITL05 Thin and Light Laptop","Lenovo","Intel Core i3 Processor (11th Gen)","8 GB DDR4 RAM","512 GB SSD","39.62 cm (15.6 inch) Display","nan","Windows 11 Operating System","2 Yr Warranty","竄ｹ35,990","竄ｹ67,090","46",\N,\N,\N,"Yes","https://www.flipkart.com/lenovo-intel-core-i3-11th-gen-8-gb-512-gb-ssd-windows-11-home-15itl05-thin-light-laptop/p/itmb0c26e7955864","https://rukminim2.flixcart.com/image/312/312/xif0q/computer/v/o/z/ideapad-slim-3-laptop-lenovo-original-imagrmknrmhe2e4t.jpeg?q=70","1761"
"COMGGTQ3XCDXZTW2","Lenovo IdeaPad 3 Intel Intel Core i5 12th Gen - (8 GB/512 GB SSD/Windows 11 Home) 15IAU7 Thin and Ligh...","Lenovo","Intel Core i5 Processor (12th Gen)","8 GB DDR4 RAM","512 GB SSD","39.62 cm (15.6 inch) Display","nan","64 bit Windows 11 Operating System","1 Year Manufacturer Warranty","竄ｹ66,990","竄ｹ75,000","10","4.2","6","0","No","https://www.flipkart.com/lenovo-ideapad-3-intel-core-i5-12th-gen-8-gb-512-gb-ssd-windows-11-home-15iau7-thin-light-laptop/p/itm92a3c735e5f0c","https://rukminim2.flixcart.com/image/312/312/xif0q/computer/b/1/a/ideapad-3-thin-and-light-laptop-lenovo-original-imaggtq3hzzth5dk.jpeg?q=70","1762"
"COMGGR9SQP6QHU64","Lenovo IdeaPad Slim 5 Intel Core i5 12th Gen 1235U - (16 GB/512 GB SSD/Windows 11 Home) 15IAL7 Thin an...","Lenovo","Intel Core i5 Processor (12th Gen)","16 GB DDR4 RAM","512 GB SSD","39.62 cm (15.6 inch) Display","nan","64 bit Windows 11 Operating System","1 Year Onsite warranty + 1 Year Accidental Damage Protection + 1 Year Premium Care","竄ｹ58,491","竄ｹ97,890","40","3.7","75","6","No","https://www.flipkart.com/lenovo-ideapad-slim-5-intel-core-i5-12th-gen-1235u-16-gb-512-gb-ssd-windows-11-home-15ial7-thin-light-laptop/p/itmcc25f14f7409a","https://rukminim2.flixcart.com/image/312/312/xif0q/computer/a/n/h/15ial7-thin-and-light-laptop-lenovo-original-imah3csbrkfnfygx.jpeg?q=70","1763"
"COMHF6WHF8XK3HET","Lenovo Yoga Pro 9 3.2K IPS AI PC Intel Core Ultra 9 185H - (32 GB/1 TB SSD/Windows 11 Home/6 GB Graphi...","Lenovo","Intel Core Ultra 9 Processor","32 GB LPDDR5X RAM","1 TB SSD","40.64 cm (16 inch) Touchscreen Display","nan","Windows 11 Home Operating System","1 Year Carry-in Warranty","竄ｹ1,82,190","竄ｹ2,51,890","27",\N,\N,\N,"No","https://www.flipkart.com/lenovo-yoga-pro-9-3-2k-ips-ai-pc-intel-core-ultra-185h-32-gb-1-tb-ssd-windows-11-home-6-gb-graphics-16imh9-laptop/p/itm81d90e4903fcb","https://rukminim2.flixcart.com/image/312/312/xif0q/computer/p/w/f/-original-imahcsn6has9sy3p.jpeg?q=70","1766"
"COMHA9FK5XHYYAZJ","Lenovo IdeaPad Slim 3 15IRH10 Intel Core i5 13th Gen 13420H - (16 GB/512 GB SSD/Windows 11 Home) 83K10...","Lenovo","Intel Core i5 Processor (13th Gen)","16 GB DDR5 RAM","512 GB SSD","38.86 cm (15.3 Inch) Display","nan","Windows 11 Home Operating System","1 Year Carry-in Warranty","竄ｹ61,190","竄ｹ81,390","24",\N,\N,\N,"No","https://www.flipkart.com/lenovo-ideapad-slim-3-15irh10-intel-core-i5-13th-gen-13420h-16-gb-512-gb-ssd-windows-11-home-83k100cgin-thin-light-laptop/p/itme970084c90165","https://rukminim2.flixcart.com/image/312/312/xif0q/computer/o/a/w/-original-imahb85kfwupn2ay.jpeg?q=70","1767"
"COMGP22NMZQ5JN6T","Lenovo Workstation P14s Intel Core i7 12th Gen 1260P - (16 GB/512 GB SSD/Windows 11 Pro/4 GB Graphics)...","Lenovo","Intel Core i7 Processor (12th Gen)","16 GB DDR4 RAM","512 GB SSD","35.56 cm (14 Inch) Display","nan","Windows 11 Operating System","nan","竄ｹ1,05,999","竄ｹ1,49,845","29",\N,\N,\N,"No","https://www.flipkart.com/lenovo-workstation-p14s-intel-core-i7-12th-gen-1260p-16-gb-512-gb-ssd-windows-11-pro-4-graphics-tp-gen3-thin-light-laptop/p/itm275ea4a5ddc7f","https://rukminim2.flixcart.com/image/312/312/xif0q/computer/z/c/z/-original-imahcd9zbfetub3u.jpeg?q=70","1770"
"COMGWG93NCKBZTEF","Lenovo IdeaPad Slim 3 Intel Core i7 11th Gen 1165G7 - (16 GB/512 GB SSD/Windows 11 Home) 82H803LNIN Th...","Lenovo","Intel Core i7 Processor (11th Gen)","16 GB DDR4 RAM","512 GB SSD","39.62 cm (15.6 inch) Display","nan","64 bit Windows 11 Operating System","nan","竄ｹ67,490","竄ｹ79,990","15","4.8","5","0","No","https://www.flipkart.com/lenovo-ideapad-slim-3-intel-core-i7-11th-gen-1165g7-16-gb-512-gb-ssd-windows-11-home-82h803lnin-thin-light-laptop/p/itm8bbee35311c52","https://rukminim2.flixcart.com/image/312/312/xif0q/computer/m/f/m/ideapad-slim-3-thin-and-light-laptop-lenovo-original-imah3t2rd6csgvze.jpeg?q=70","1771"
"COMGJ4WRJU8XUH93","Lenovo IdeaPad Slim 5 Intel Core i5 12th Gen Integrated Intel Iris Xe Graphics - (16 GB/512 GB SSD/Win...","Lenovo","Intel Core i5 Processor (12th Gen)","16 GB DDR4 RAM","512 GB SSD","39.62 cm (15.6 inch) Display","nan","64 bit Windows 11 Operating System","1 Year Warranty","竄ｹ64,340","竄ｹ79,990","19","4.7","3","0","No","https://www.flipkart.com/lenovo-ideapad-slim-5-intel-core-i5-12th-gen-integrated-iris-xe-graphics-16-gb-512-gb-ssd-windows-11-home-82sf004win-thin-light-laptop/p/itm8bbee35311c52","https://rukminim2.flixcart.com/image/312/312/xif0q/computer/z/v/f/ideapad-slim-5-laptop-lenovo-original-imaghztkffcgqfn3.jpeg?q=70","1772"
"COMF7US7QH7WHGA5","Lenovo Ideapad 720S Intel Core i5 8th Gen 8250U - (8 GB/512 GB SSD/Windows 10 Home) 720S-13IKB Thin an...","Lenovo","Intel Core i5 Processor (8th Gen)","8 GB DDR4 RAM","512 GB SSD","33.78 cm (13.3 inch) Display","nan","64 bit Windows 10 Operating System","1 Year Onsite Warranty","竄ｹ66,999","竄ｹ83,458","19","3.3","3","1","No","https://www.flipkart.com/lenovo-ideapad-720s-intel-core-i5-8th-gen-8250u-8-gb-512-gb-ssd-windows-10-home-720s-13ikb-thin-light-laptop/p/itme82f9ae696ed5","https://rukminim2.flixcart.com/image/312/312/jmkwya80/computer/g/a/5/lenovo-na-thin-and-light-laptop-original-imaf9gh6stqkvph3.jpeg?q=70","1773"
"COMGYZQTXJYDQYRH","Lenovo IdeaPad Flex 5 Intel Core i7 11th Gen - (16 GB/512 GB SSD/Windows 10 Home) 14ITL05 2 in 1 Lapto...","Lenovo","Intel Core i7 Processor (11th Gen)","16 GB DDR4 RAM","512 GB SSD","35.56 cm (14 inch) Touchscreen Display","nan","64 bit Windows 10 Operating System","1 Year Warranty + 1 Year Premium Care + 1 Year ADP","竄ｹ84,000","竄ｹ1,10,000","23","4.5","93","10","No","https://www.flipkart.com/lenovo-ideapad-flex-5-intel-core-i7-11th-gen-16-gb-512-gb-ssd-windows-10-home-14itl05-2-1-laptop/p/itm507ec6d357052","https://rukminim2.flixcart.com/image/312/312/ku5ufm80/computer/a/x/a/na-2-in-1-laptop-lenovo-original-imag7cmytyfjazq4.jpeg?q=70","1777"
"COMHF6WHVVVGVHT8","Lenovo Yoga Pro 7 2.8K OLED AI PC Intel Core Ultra 7 155H - (16 GB/1 TB SSD/Windows 11 Home/6 GB Graph...","Lenovo","Intel Core Ultra 7 Processor","16 GB LPDDR5X RAM","1 TB SSD","36.83 cm (14.5 inch) Display","nan","Windows 11 Home Operating System","1Yr Warranty + 1 Yr Premium Care and 1 Yr Accidental Damage Protection","竄ｹ1,41,190","竄ｹ2,02,890","30","3.7","3","0","No","https://www.flipkart.com/lenovo-yoga-pro-7-2-8k-oled-ai-pc-intel-core-ultra-155h-16-gb-1-tb-ssd-windows-11-home-6-gb-graphics-14imh9-thin-light-laptop/p/itmd605582107338","https://rukminim2.flixcart.com/image/312/312/xif0q/computer/z/9/s/-original-imahcsn6cbnvxzsg.jpeg?q=70","1780"
"COMGCFNZHZBNGR9E","Lenovo IdeaPad 3 Intel Intel Core i3 11th Gen 1115G4 - (8 GB/512 GB SSD/Windows 11 Home) IdeaPad 3 14I...","Lenovo","Intel Core i3 Processor (11th Gen)","8 GB DDR4 RAM","512 GB SSD","35.56 cm (14 Inch) Display","nan","64 bit Windows 11 Operating System","2 Year Onsite・ｽWarranty","竄ｹ38,990","竄ｹ59,990","35","4.1","173","15","No","https://www.flipkart.com/lenovo-ideapad-3-intel-core-i3-11th-gen-1115g4-8-gb-512-gb-ssd-windows-11-home-14itl6-thin-light-laptop/p/itmf47e2a5bdd8eb","https://rukminim2.flixcart.com/image/312/312/kruyw7k0/computer/a/w/e/na-thin-and-light-laptop-lenovo-original-imag5k4qyjacgkuh.jpeg?q=70","1781"
"COMGFM5BDH8MBRDH","Lenovo IdeaPad Gaming 3 AMD Ryzen 7 Octa Core 5800H - (16 GB/512 GB SSD/Windows 11 Home/6 GB Graphics/...","Lenovo","AMD Ryzen 7 Octa Core Processor","16 GB DDR4 RAM","512 GB SSD","39.62 cm (15.6 Inch) Display","nan","64 bit Windows 11 Operating System","1 Year Onsite Warranty + 1 Year Premium Care + 1 Year Accidentaly Damage Protection","竄ｹ83,990","竄ｹ1,35,690","38","4.4","17","2","No","https://www.flipkart.com/lenovo-ideapad-gaming-3-amd-ryzen-7-octa-core-5800h-16-gb-512-gb-ssd-windows-11-home-6-graphics-nvidia-geforce-rtx-3060-15ach6-15ach6db-laptop/p/itm126419272e961","https://rukminim2.flixcart.com/image/312/312/xif0q/computer/3/v/i/15ach6-gaming-laptop-lenovo-original-imah3zuy4qrh5ms4.jpeg?q=70","1782"
"COMGQRD7TPH5NHHT","Lenovo Ideapad Gaming 3 Intel Core i5 11th Gen 11320H - (16 GB/512 GB SSD/Windows 11 Home/4 GB Graphic...","Lenovo","Intel Core i5 Processor (11th Gen)","16 GB DDR4 RAM","512 GB SSD","39.62 cm (15.6 inch) Display","nan","Windows 11 Operating System","1 Year Onsite warranty","竄ｹ69,590","竄ｹ70,000",\N,"4.3","333","28","No","https://www.flipkart.com/lenovo-ideapad-gaming-3-intel-core-i5-11th-gen-11320h-16-gb-512-gb-ssd-windows-11-home-4-graphics-nvidia-geforce-gtx-1650-15ihu6-laptop/p/itm2db73402169ba","https://rukminim2.flixcart.com/image/312/312/xif0q/computer/9/b/x/15ihu6-gaming-laptop-lenovo-original-imah27vezj87bgzc.jpeg?q=70","1783"
"COMG6ZFCQGXNT3KR","Lenovo IdeaPad Gaming 3 Intel Intel Core i5 11th Gen 11300H - (8 GB/512 GB SSD/Windows 10 Home/4 GB Gr...","Lenovo","Intel Core i5 Processor (11th Gen)","8 GB DDR4 RAM","512 GB SSD","39.62 cm (15.6 inch) Display","nan","64 bit Windows 10 Operating System","1 Year Warranty + 1 Year Premium Care + 1 Year ADP","竄ｹ73,393","竄ｹ85,000","13","4.1","48","10","No","https://www.flipkart.com/lenovo-ideapad-gaming-3-intel-core-i5-11th-gen-11300h-8-gb-512-gb-ssd-windows-10-home-4-graphics-nvidia-geforce-gtx-1650-120-hz-15ihu6-laptop/p/itm9a3d107bf049c","https://rukminim2.flixcart.com/image/312/312/ks99aq80/computer/y/z/7/na-gaming-laptop-lenovo-original-imag5ve3jvhgvsnx.jpeg?q=70","1787"
"COMGSVFE3SQMGPVZ","Lenovo Legion Slim 5 AI Powered AMD Ryzen 7 Octa Core 7840HS - (16 GB/512 GB SSD/Windows 11 Home/6 GB ...","Lenovo","AMD Ryzen 7 Octa Core Processor","16 GB DDR5 RAM","512 GB SSD","40.64 cm (16 inch) Display","nan","Windows 11 Operating System","1Yr Warranty + 1 Yr Legion Ultimate Support and 1 Yr Accidental Damage Protection","竄ｹ93,990","竄ｹ1,43,090","34","4","62","7","No","https://www.flipkart.com/lenovo-legion-slim-5-ai-powered-amd-ryzen-7-octa-core-7840hs-16-gb-512-gb-ssd-windows-11-home-6-graphics-nvidia-geforce-rtx-4050-16aph8-gaming-laptop/p/itm244a900efce6a","https://rukminim2.flixcart.com/image/312/312/xif0q/computer/e/y/u/-original-imahcd9mpdsbgzfb.jpeg?q=70","1790"
"COMGVKM86GMECGZZ","Lenovo Intel Core i5 13th Gen 13500H - (16 GB/1 TB SSD/Windows 11 Home) 82XF0077IN Thin and Light Lapt...","Lenovo","Intel Core i5 Processor (13th Gen)","16 GB LPDDR5 RAM","1 TB SSD","40.64 cm (16 inch) Display","nan","Windows 11 Operating System","1 Year warranty","竄ｹ79,490","竄ｹ1,07,990","26",\N,\N,\N,"No","https://www.flipkart.com/lenovo-intel-core-i5-13th-gen-13500h-16-gb-1-tb-ssd-windows-11-home-82xf0077in-thin-light-laptop/p/itma87912f92de1d","https://rukminim2.flixcart.com/image/312/312/xif0q/computer/y/o/a/ideapad-slim-5i-thin-and-light-laptop-lenovo-original-imagvkm7ewbyhnmd.jpeg?q=70","1791"
"COMGCFNZUUHGWNRZ","Lenovo IdeaPad Gaming 3 AMD Ryzen 7 Octa Core AMD R7-5800H - (16 GB/512 GB SSD/Windows 11 Home/4 GB Gr...","Lenovo","AMD Ryzen 7 Octa Core Processor","16 GB DDR4 RAM","512 GB SSD","39.62 cm (15.6 Inch) Display","nan","64 bit Windows 11 Operating System","1 Year Onsite・ｽWarranty・ｽ+ 1 Year Premium Care + 1 Year Accidental Damage Protection","竄ｹ74,673","竄ｹ1,18,890","37","4.4","182","15","No","https://www.flipkart.com/lenovo-ideapad-gaming-3-amd-ryzen-7-octa-core-r7-5800h-16-gb-512-gb-ssd-windows-11-home-4-graphics-nvidia-geforce-rtx-3050-15ach6-15ach6d1-laptop/p/itm126419272e961","https://rukminim2.flixcart.com/image/312/312/xif0q/computer/q/t/r/-original-imahcd9nruegpaxq.jpeg?q=70","1792"
"COMF7US7KEMVSBYH","Lenovo Ideapad 720S Intel Core i7 8th Gen 8550U - (8 GB/512 GB SSD/Windows 10 Home) 720S-13IKB Thin an...","Lenovo","Intel Core i7 Processor (8th Gen)","8 GB DDR4 RAM","512 GB SSD","33.78 cm (13.3 inch) Display","nan","64 bit Windows 10 Operating System","1 Year Onsite Warranty","竄ｹ76,999","竄ｹ86,000","10",\N,"3","0","No","https://www.flipkart.com/lenovo-ideapad-720s-intel-core-i7-8th-gen-8550u-8-gb-512-gb-ssd-windows-10-home-720s-13ikb-thin-light-laptop/p/itme82f9ae696ed5","https://rukminim2.flixcart.com/image/312/312/jmkwya80/computer/b/y/h/lenovo-na-thin-and-light-laptop-original-imaf9gh6z9fhaufa.jpeg?q=70","1795"
"COMG9VHHHUJWMFR2","Lenovo Intel Core i3 10th Gen 10110U - (8 GB/1 TB HDD/Windows 11 Home) 81WB018UIN | 81WB01E7IN Thin an...","Lenovo","Intel Core i3 Processor (10th Gen)","8 GB DDR4 RAM","1 TB HDD","39.62 cm (15.6 inch) Display","nan","64 bit Windows 11 Operating System","2 Years Warranty","竄ｹ34,939","竄ｹ57,999","39","3.7","450","54","No","https://www.flipkart.com/lenovo-intel-core-i3-10th-gen-10110u-8-gb-1-tb-hdd-windows-11-home-81wb018uin-81wb01e7in-thin-light-laptop/p/itm6976e7038f4ba","https://rukminim2.flixcart.com/image/312/312/keaaavk0/computer/x/m/y/lenovo-na-laptop-original-imafuzt8r5jqppfn.jpeg?q=70","1796"
"COMHCYGTDF5GYHFX","Lenovo Intel Core i5 12th Gen - (16 GB/512 GB SSD/Windows 11 Home) 83ER00KSIN Laptop","Lenovo","Intel Core i5 Processor (12th Gen)","16 GB DDR4 RAM","512 GB SSD","39.62 cm (15.6 inch) Display","nan","Windows 11 Home Operating System","1 Year Warranty","竄ｹ55,500","竄ｹ69,000","19",\N,\N,\N,"No","https://www.flipkart.com/lenovo-intel-core-i5-12th-gen-16-gb-512-gb-ssd-windows-11-home-83er00ksin-laptop/p/itm987f88152fe20","https://rukminim2.flixcart.com/image/312/312/xif0q/computer/c/t/s/83er00ksin-laptop-lenovo-original-imahcygspmpnhfhz.jpeg?q=70","1799"
"COMGTGMTQTHP4R9A","Lenovo Yoga Slim 7 Intel Core i7 13th Gen 1360P - (16 GB/1 TB SSD/Windows 11 Home) 13IRP8 Thin and Lig...","Lenovo","Intel Core i7 Processor (13th Gen)","16 GB LPDDR5 RAM","1 TB SSD","33.78 cm (13.3 Inch) Touchscreen Display","nan","Windows 11 Operating System","1 Year Carry-in Warranty","竄ｹ1,23,390","竄ｹ1,74,890","29",\N,\N,\N,"No","https://www.flipkart.com/lenovo-yoga-slim-7-intel-core-i7-13th-gen-1360p-16-gb-1-tb-ssd-windows-11-home-13irp8-thin-light-laptop/p/itm1117c330c932e","https://rukminim2.flixcart.com/image/312/312/xif0q/computer/n/c/y/-original-imahcd9zgg5hcrfb.jpeg?q=70","1802"
"COMFTPG2YP7ZP24T","Lenovo Ideapad S145 Intel Core i3 10th Gen 1005G1 - (4 GB/1 TB HDD/Windows 10 Home) S145-15IIL Laptop","Lenovo","Intel Core i3 Processor (10th Gen)","4 GB DDR4 RAM","1 TB HDD","39.62 cm (15.6 inch) Display","nan","64 bit Windows 10 Operating System","1 Year Onsite Warranty","竄ｹ25,780","竄ｹ40,423","36","3.8","2345","290","No","https://www.flipkart.com/lenovo-ideapad-s145-intel-core-i3-10th-gen-1005g1-4-gb-1-tb-hdd-windows-10-home-s145-15iil-laptop/p/itm9bf154901afbf","https://rukminim2.flixcart.com/image/312/312/kd4uj680/computer/r/r/w/lenovo-original-imafu3hbjwhdrqxm.jpeg?q=70","1806"
"COMG6EZ2ZFNN6GCW","Lenovo IdeaPad Gaming 3 AMD Ryzen 5 Hexa Core 5600H - (8 GB/512 GB SSD/Windows 11 Home/4 GB Graphics/N...","Lenovo","AMD Ryzen 5 Hexa Core Processor","8 GB DDR4 RAM","512 GB SSD","39.62 cm (15.6 inch) Display","nan","64 bit Windows 11 Operating System","1 Year Warranty Term","竄ｹ69,990","竄ｹ1,04,890","33","3.6","19","5","No","https://www.flipkart.com/lenovo-ideapad-gaming-3-amd-ryzen-5-hexa-core-5600h-8-gb-512-gb-ssd-windows-11-home-4-graphics-nvidia-geforce-rtx-3050-15ach6-laptop/p/itm9a3d107bf049c","https://rukminim2.flixcart.com/image/312/312/xif0q/computer/p/d/g/15ihu6-gaming-laptop-lenovo-original-imah28snxzjujdpq.jpeg?q=70","1809"
"COMHCYB52CD4BCH4","Lenovo Intel Core i3 13th Gen - (8 GB/512 GB SSD/Windows 11 Home) 83B40004IN Laptop","Lenovo","Intel Core i3 Processor (13th Gen)","8 GB DDR4 RAM","512 GB SSD","39.62 cm (15.6 inch) Display","nan","Windows 11 Home Operating System","1 Year Warranty","竄ｹ39,500","竄ｹ54,390","27",\N,\N,\N,"No","https://www.flipkart.com/lenovo-intel-core-i3-13th-gen-8-gb-512-gb-ssd-windows-11-home-83b40004in-laptop/p/itmdb44b0346f4c2","https://rukminim2.flixcart.com/image/312/312/xif0q/computer/v/j/b/83b40004in-laptop-lenovo-original-imahcyb5hvysfedz.jpeg?q=70","1810"
"COMGAKVXDKHHGGCS","Lenovo Legion 5 Intel Intel Core i7 11th Gen 11800H - (16 GB/512 GB SSD/Windows 11 Home/4 GB Graphics)...","Lenovo","Intel Core i7 Processor (11th Gen)","16 GB DDR4 RAM","512 GB SSD","39.62 cm (15.6 Inch) Display","nan","64 bit Windows 11 Operating System","1 Year Carry in Warranty","竄ｹ1,31,990","竄ｹ1,59,290","17",\N,\N,\N,"No","https://www.flipkart.com/lenovo-legion-5-intel-core-i7-11th-gen-11800h-16-gb-512-gb-ssd-windows-11-home-4-graphics-15ith6-thin-light-laptop/p/itm46697ebf65a31","https://rukminim2.flixcart.com/image/312/312/kggviq80/computer/x/6/g/lenovo-original-imafwpajqjvfhrea.jpeg?q=70","1811"
"COMH26TMFRYKCE4B","Lenovo IdeaPad 3 Intel Core i3 12th Gen 1215U - (8 GB/512 GB SSD/Windows 11 Home) 14IAU7 Thin and Ligh...","Lenovo","Intel Core i3 Processor (12th Gen)","8 GB DDR4 RAM","512 GB SSD","35.56 cm (14 Inch) Display","nan","Windows 11 Operating System","nan","竄ｹ49,500","竄ｹ55,190","10","4.3","539","41","No","https://www.flipkart.com/lenovo-ideapad-3-intel-core-i3-12th-gen-1215u-8-gb-512-gb-ssd-windows-11-home-14iau7-thin-light-laptop/p/itm995400ebd2c26","https://rukminim2.flixcart.com/image/312/312/xif0q/computer/t/1/o/-original-imah2h5hxzuukdvw.jpeg?q=70","1812"
"COMGZ2YSBZTUJY59","Lenovo Intel Core i3 1215U - (8 GB/512 GB SSD/Windows 11 Home) 82RJ00F1IN Thin and Light Laptop","Lenovo","Intel Core i3 Processor","8 GB DDR4 RAM","512 GB SSD","35.56 cm (14 inch) Display","nan","Windows 11 Operating System","nan","竄ｹ33,490","竄ｹ49,990","33",\N,\N,\N,"No","https://www.flipkart.com/lenovo-intel-core-i3-1215u-8-gb-512-gb-ssd-windows-11-home-82rj00f1in-thin-light-laptop/p/itm995400ebd2c26","https://rukminim2.flixcart.com/image/312/312/xif0q/computer/g/4/x/-original-imah2h5mewnvacm6.jpeg?q=70","1815"
"COMFVW9TKWBN3ZB8","Lenovo Yoga Intel Core i7 10th Gen 1065G7 - (16 GB/1 TB SSD/Windows 10 Home) Yoga S940-14IIL Thin and ...","Lenovo","Intel Core i7 Processor (10th Gen)","16 GB LPDDR4X RAM","1 TB SSD","35.56 cm (14 inch) Display","nan","64 bit Windows 10 Operating System","3 Years Warranty + 1 Year Premium Care + 1 Year ADP","竄ｹ1,48,999","竄ｹ2,23,890","33",\N,"4","1","No","https://www.flipkart.com/lenovo-yoga-intel-core-i7-10th-gen-1065g7-16-gb-1-tb-ssd-windows-10-home-s940-14iil-thin-light-laptop/p/itma320fbdc4b341","https://rukminim2.flixcart.com/image/312/312/kg9qbgw0/computer/z/b/8/lenovo-original-imafwjhrnjbtfgjk.jpeg?q=70","1818"
"COMH3HEXPDTWFZGE","Lenovo LOQ Intel Core i5 12th Gen 12450HX - (16 GB/512 GB SSD/Windows 11 Home/6 GB Graphics) LOQ 15IAX...","Lenovo","Intel Core i5 Processor (12th Gen)","16 GB DDR5 RAM","512 GB SSD","39.62 cm (15.6 inch) Display","nan","Windows 11 Operating System","1 Year Manufacturer Warranty","竄ｹ72,990","竄ｹ97,772","25","5","4","1","Yes","https://www.flipkart.com/lenovo-loq-intel-core-i5-12th-gen-12450hx-16-gb-512-gb-ssd-windows-11-home-6-graphics-15iax9d2-laptop/p/itmb6b1bda0c3913","https://rukminim2.flixcart.com/image/312/312/xif0q/computer/y/4/r/loq-laptop-lenovo-original-imah3kmaae3pbxdc.jpeg?q=70","1819"
"COMGYSFGSGVCPZKG","Lenovo Legion 5 Intel Core i7 14th Gen 14650HX - (16 GB/1 TB SSD/Windows 11 Home/8 GB Graphics/NVIDIA ...","Lenovo","Intel Core i7 Processor (14th Gen)","16 GB DDR5 RAM","1 TB SSD","40.64 cm (16 Inch) Display","nan","Windows 11 Operating System","1Yr Warranty + 1 Yr Legion Ultimate Support and 1 Yr Accidental Damage Protection","竄ｹ1,65,999","竄ｹ2,38,590","30","4.2","6","0","Yes","https://www.flipkart.com/lenovo-legion-5-intel-core-i7-14th-gen-14650hx-16-gb-1-tb-ssd-windows-11-home-8-gb-graphics-nvidia-geforce-rtx-4070-16irx9-gaming-laptop/p/itm52d4580057187","https://rukminim2.flixcart.com/image/312/312/xif0q/computer/a/9/u/-original-imahcd9gupfktygg.jpeg?q=70","1820"
"COMG99KMN9BS6C7Z","Lenovo IdeaPad 3 AMD Ryzen 5 Hexa Core 5500U - (8 GB/512 GB SSD/Windows 11 Home) ideapad 3 14ALC6UB Th...","Lenovo","AMD Ryzen 5 Hexa Core Processor","8 GB DDR4 RAM","512 GB SSD","35.56 cm (14 inch) Display","nan","64 bit Windows 11 Operating System","2 Years Onsite・ｽWarranty","竄ｹ50,990","竄ｹ60,090","15","4","77","10","No","https://www.flipkart.com/lenovo-ideapad-3-amd-ryzen-5-hexa-core-5500u-8-gb-512-gb-ssd-windows-11-home-14alc6ub-thin-light-laptop/p/itmccbf8db1019eb","https://rukminim2.flixcart.com/image/312/312/xif0q/computer/x/r/l/-original-imahcd9qwzz7b6gp.jpeg?q=70","1821"
"COMH9YN3WFWSSHEY","Lenovo Intel Core i5 12th Gen 12450HX - (16 GB/512 GB SSD/Windows 11 Home/6 GB Graphics/NVIDIA GeForce...","Lenovo","Intel Core i5 Processor (12th Gen)","16 GB DDR5 RAM","512 GB SSD","39.62 cm (15.6 inch) Display","nan","Windows 11 Operating System","1 Year warranty","竄ｹ71,499","竄ｹ1,01,090","29",\N,\N,\N,"No","https://www.flipkart.com/lenovo-intel-core-i5-12th-gen-12450hx-16-gb-512-gb-ssd-windows-11-home-6-graphics-nvidia-geforce-rtx-3050-144-hz-83gs00pjin-2-1-gaming-laptop/p/itmb6b1bda0c3913","https://rukminim2.flixcart.com/image/312/312/xif0q/computer/h/b/r/loq-15iax9-2-in-1-gaming-laptop-lenovo-original-imah9x9zv7f5znzz.jpeg?q=70","1824"
"COMGYSFGW5D4ZGGC","Lenovo Legion 5 Intel Core i7 14th Gen 14650HX - (16 GB/1 TB SSD/Windows 11 Home/8 GB Graphics/NVIDIA ...","Lenovo","Intel Core i7 Processor (14th Gen)","16 GB DDR5 RAM","1 TB SSD","40.64 cm (16 Inch) Display","nan","Windows 11 Operating System","1Yr Warranty + 1 Yr Legion Ultimate Support and 1 Yr Accidental Damage Protection","竄ｹ1,41,990","竄ｹ1,96,990","27","4.1","7","0","No","https://www.flipkart.com/lenovo-legion-5-intel-core-i7-14th-gen-14650hx-16-gb-1-tb-ssd-windows-11-home-8-gb-graphics-nvidia-geforce-rtx-4060-16irx9-gaming-laptop/p/itm52d4580057187","https://rukminim2.flixcart.com/image/312/312/xif0q/computer/t/u/m/-original-imahcd9zkuw4awwc.jpeg?q=70","1825"
"COMHYVZSBYHEWHPC","Lenovo Yoga AI PC Intel Core Ultra 7 155U - (32 GB/1 TB SSD/Windows 11 Home) 13IMU9 2 in 1 Laptop","Lenovo","Intel Core Ultra 7 Processor","32 GB LPDDR5X RAM","1 TB SSD","33.78 cm (13.3 inch) Touchscreen Display","nan","Windows 11 Operating System","1 Year Carry-in Warranty","竄ｹ2,40,190","竄ｹ3,14,890","23",\N,\N,\N,"No","https://www.flipkart.com/lenovo-yoga-ai-pc-intel-core-ultra-7-155u-32-gb-1-tb-ssd-windows-11-home-13imu9-2-1-laptop/p/itm924b2b121f9bd","https://rukminim2.flixcart.com/image/312/312/xif0q/computer/n/y/d/-original-imahcsn6ubnmsrgk.jpeg?q=70","1828"
"COMH2D64RK5T7DRW","Lenovo IdeaPad Gaming 3 AMD Ryzen 5 Hexa Core 7535HS - (16 GB/512 GB SSD/Windows 11 Home/6 GB Graphics...","Lenovo","AMD Ryzen 5 Hexa Core Processor","16 GB DDR5 RAM","512 GB SSD","39.62 cm (15.6 Inch) Display","nan","Windows 11 Operating System","1 Year Carry-in Warranty","竄ｹ70,990","竄ｹ1,10,490","35","4.1","33","5","No","https://www.flipkart.com/lenovo-ideapad-gaming-3-amd-ryzen-5-hexa-core-7535hs-16-gb-512-gb-ssd-windows-11-home-6-graphics-nvidia-geforce-rtx-3050-15arh7-laptop/p/itmb9bd6a559e686","https://rukminim2.flixcart.com/image/312/312/xif0q/computer/m/a/y/-original-imah2h5htzptfg8f.jpeg?q=70","1829"
"COMH3KMAAHGGRZH3","Lenovo LOQ Intel Core i5 13th Gen 13450HX - (24 GB/512 GB SSD/Windows 11 Home/6 GB Graphics) 15IRX9D2 ...","Lenovo","Intel Core i5 Processor (13th Gen)","24 GB DDR5 RAM","512 GB SSD","39.62 cm (15.6 inch) Display","nan","Windows 11 Operating System","1 Year warranty","竄ｹ82,990","竄ｹ1,04,990","20","4.2","5","1","No","https://www.flipkart.com/lenovo-loq-intel-core-i5-13th-gen-13450hx-24-gb-512-gb-ssd-windows-11-home-6-graphics-15irx9d2-laptop/p/itmb6b1bda0c3913","https://rukminim2.flixcart.com/image/312/312/xif0q/computer/y/4/r/loq-laptop-lenovo-original-imah3kmaae3pbxdc.jpeg?q=70","1831"
"COMGT2Y3DHC6QN4R","Lenovo Chromebook Intel Pentium Quad Core N100 - (4 GB/128 GB EMMC Storage/Chrome OS) 14IAN8 Chromeboo...","Lenovo","Intel Pentium Quad Core Processor","4 GB LPDDR5 RAM","nan","35.56 cm (14 Inch) Display","nan","Chrome Operating System","1 Year Carry-in Warranty","竄ｹ18,990","竄ｹ36,690","48","3.9","16","5","No","https://www.flipkart.com/lenovo-chromebook-intel-pentium-quad-core-n100-4-gb-128-gb-emmc-storage-chrome-os-14ian8/p/itm7c0c58320220d","https://rukminim2.flixcart.com/image/312/312/xif0q/computer/v/w/n/-original-imah5uhrz7admz28.jpeg?q=70","1834"
"COMG6AKVN3KXNVY2","Lenovo IdeaPad 3 Chromebook Intel Celeron Dual Core N4020 - (4 GB/64 GB EMMC Storage/Chrome OS) ideapa...","Lenovo","Intel Celeron Dual Core Processor","4 GB LPDDR4 RAM","nan","29.46 cm (11.6 Inch) Display","nan","Chrome Operating System","1Yr Warranty and 1 Yr Accidental Damage Protection","竄ｹ15,990","竄ｹ24,840","35","3.5","2450","239","No","https://www.flipkart.com/lenovo-ideapad-3-chromebook-intel-celeron-dual-core-n4020-4-gb-64-gb-emmc-storage-chrome-os-cb-11igl05-2/p/itmd462d33eff5ef","https://rukminim2.flixcart.com/image/312/312/xif0q/computer/x/9/q/-original-imah5uhqyzdtxdnx.jpeg?q=70","1835"
"COMGKC6YTV54EXE7","Lenovo IdeaPad Slim 3 Chromebook Intel Celeron Dual Core N4020 - (4 GB/64 GB EMMC Storage/Chrome OS) 1...","Lenovo","Intel Celeron Dual Core Processor","4 GB DDR4 RAM","nan","35.56 cm (14 Inch) Display","nan","Chrome Operating System","nan","竄ｹ24,490","竄ｹ34,900","29","3.5","27","3","No","https://www.flipkart.com/lenovo-ideapad-slim-3-chromebook-intel-celeron-dual-core-n4020-4-gb-64-gb-emmc-storage-chrome-os-14igl05/p/itm201a7b6dc7c2c","https://rukminim2.flixcart.com/image/312/312/ku4ezrk0/computer/e/m/k/14igl05-thin-and-light-laptop-lenovo-original-imag7anw833pyzwe.jpeg?q=70","1838"
"COMG6ZFCZUFH5YHR","Lenovo Chromebook Intel Celeron Dual Core 4th Gen N4020 - (4 GB/64 GB EMMC Storage/Chrome OS) 14IGL05 ...","Lenovo","Intel Celeron Dual Core Processor (4th Gen)","4 GB LPDDR4 RAM","nan","35.56 cm (14 inch) Display","nan","Chrome Operating System","1 Year Warranty","竄ｹ17,500","竄ｹ34,900","49","3","106","19","No","https://www.flipkart.com/lenovo-chromebook-intel-celeron-dual-core-4th-gen-n4020-4-gb-64-gb-emmc-storage-chrome-os-14igl05/p/itm201a7b6dc7c2c","https://rukminim2.flixcart.com/image/312/312/ku4ezrk0/computer/e/m/k/14igl05-thin-and-light-laptop-lenovo-original-imag7anw833pyzwe.jpeg?q=70","1839"
"COMHFZYZFVD2MCAB","Acer Aspire 3 Intel Celeron Dual Core N4500 - (8 GB/512 GB SSD/Windows 11 Home) A324-45 Thin and Light...","Acer","Intel Celeron Dual Core Processor","8 GB LPDDR4X RAM","512 GB SSD","35.56 cm (14 Inch) Display","nan","Windows 11 Operating System","1 Year Carry-in Warranty","竄ｹ21,990","竄ｹ32,999","33","3.9","2422","201","No","https://www.flipkart.com/acer-aspire-3-intel-celeron-dual-core-n4500-8-gb-512-gb-ssd-windows-11-home-a324-45-thin-light-laptop/p/itmbbfe217e40d59","https://rukminim2.flixcart.com/image/312/312/xif0q/computer/8/z/d/-original-imahcd9nrwe6hpet.jpeg?q=70","1841"
"COMH7NCZGGGWQC4W","Acer Aspire 3 Intel Celeron Dual Core - (8 GB/128 GB SSD/Windows 11 Home) A311-45 Thin and Light Lapto...","Acer","Intel Celeron Dual Core Processor","8 GB DDR4 RAM","128 GB SSD","29.46 cm (11.6 inch) Display","nan","64 bit Windows 11 Home Operating System","1 Year Warranty","竄ｹ15,990","竄ｹ32,990","51","3.8","1528","179","No","https://www.flipkart.com/acer-aspire-3-intel-celeron-dual-core-8-gb-128-gb-ssd-windows-11-home-a311-45-thin-light-laptop/p/itmad38595c5a902","https://rukminim2.flixcart.com/image/312/312/xif0q/computer/d/i/v/-original-imahcd9kmzztkhgj.jpeg?q=70","1842"
"COMHFZYZHA5YJHS3","Acer Aspire 3 Intel Celeron Dual Core N4500 - (8 GB/256 GB SSD/Windows 11 Home) A324-45 Thin and Light...","Acer","Intel Celeron Dual Core Processor","8 GB LPDDR4X RAM","256 GB SSD","35.56 cm (14 Inch) Display","nan","Windows 11 Operating System","1 Year Carry-in Warranty","竄ｹ20,490","竄ｹ29,999","31","4","1094","105","Yes","https://www.flipkart.com/acer-aspire-3-intel-celeron-dual-core-n4500-8-gb-256-gb-ssd-windows-11-home-a324-45-thin-light-laptop/p/itmbbfe217e40d59","https://rukminim2.flixcart.com/image/312/312/xif0q/computer/8/z/d/-original-imahcd9nrwe6hpet.jpeg?q=70","1843"
"COMH883AGRXJD8SB","Acer Aspire Lite Intel Core i5 12th Gen 12450H - (16 GB/1 TB SSD/Windows 11 Home) AL15-52H Thin and Li...","Acer","Intel Core i5 Processor (12th Gen)","16 GB LPDDR5 RAM","1 TB SSD","39.62 cm (15.6 inch) Display","nan","64 bit Windows 11 Home Operating System","1 Year Onsite warranty","竄ｹ48,990","竄ｹ63,990","23","4.1","711","70","No","https://www.flipkart.com/acer-aspire-lite-intel-core-i5-12th-gen-12450h-16-gb-1-tb-ssd-windows-11-home-al15-52h-thin-light-laptop/p/itmc262e2fa338ce","https://rukminim2.flixcart.com/image/312/312/xif0q/computer/a/a/o/-original-imah7tknwg7brmfv.jpeg?q=70","1844"
"COMH7NCZY2QDJ5Z4","Acer Aspire 3 Intel Celeron Dual Core - (8 GB/512 GB SSD/Windows 11 Home) A311-45 Thin and Light Lapto...","Acer","Intel Celeron Dual Core Processor","8 GB DDR4 RAM","512 GB SSD","29.46 cm (11.6 inch) Display","nan","64 bit Windows 11 Home Operating System","1 Year Warranty","竄ｹ17,990","竄ｹ35,999","50","3.8","1528","179","No","https://www.flipkart.com/acer-aspire-3-intel-celeron-dual-core-8-gb-512-gb-ssd-windows-11-home-a311-45-thin-light-laptop/p/itmad38595c5a902","https://rukminim2.flixcart.com/image/312/312/xif0q/computer/d/i/v/-original-imahcd9kmzztkhgj.jpeg?q=70","1845"
"COMH7NCZ8BARKXFF","Acer Aspire 3 Intel Celeron Dual Core - (8 GB/256 GB SSD/Windows 11 Home) A311-45 Thin and Light Lapto...","Acer","Intel Celeron Dual Core Processor","8 GB DDR4 RAM","256 GB SSD","29.46 cm (11.6 inch) Display","nan","64 bit Windows 11 Home Operating System","1 Year Warranty","竄ｹ15,990","竄ｹ33,399","52","3.8","1528","179","No","https://www.flipkart.com/acer-aspire-3-intel-celeron-dual-core-8-gb-256-gb-ssd-windows-11-home-a311-45-thin-light-laptop/p/itmad38595c5a902","https://rukminim2.flixcart.com/image/312/312/xif0q/computer/d/i/v/-original-imahcd9kmzztkhgj.jpeg?q=70","1846"
"COMGZKFB3ZTQGRT4","Acer Predator Helios Neo 16 Intel Core i7 14th Gen 14700HX - (16 GB/1 TB SSD/Windows 11 Home/6 GB Grap...","Acer","Intel Core i7 Processor (14th Gen)","16 GB DDR5 RAM","1 TB SSD","40.64 cm (16 Inch) Display","nan","Windows 11 Operating System","1 Year Carry-in Warranty","竄ｹ99,990","竄ｹ1,42,999","30","4.5","286","41","Yes","https://www.flipkart.com/acer-predator-helios-neo-16-intel-core-i7-14th-gen-14700hx-16-gb-1-tb-ssd-windows-11-home-6-gb-graphics-nvidia-geforce-rtx-4050-phn16-72-77gz-gaming-laptop/p/itm34f68c296ce65","https://rukminim2.flixcart.com/image/312/312/xif0q/computer/f/0/w/-original-imahcd9jahchgghk.jpeg?q=70","1847"
"COMH59E4MRQZEJEH","Acer Aspire Intel Core i5 12th Gen 12450H - (12 GB/512 GB SSD/Windows 11 Home) AL15-52H Thin and Light...","Acer","Intel Core i5 Processor (12th Gen)","12 GB LPDDR5 RAM","512 GB SSD","39.62 cm (15.6 inch) Display","nan","Windows 11 Home Operating System","1 Year Carry-in Warranty","竄ｹ40,900","竄ｹ59,999","31","4.1","711","70","No","https://www.flipkart.com/acer-aspire-intel-core-i5-12th-gen-12450h-12-gb-512-gb-ssd-windows-11-home-al15-52h-thin-light-laptop/p/itmc262e2fa338ce","https://rukminim2.flixcart.com/image/312/312/xif0q/computer/a/a/o/-original-imah7tknwg7brmfv.jpeg?q=70","1848"
"COMH4B6CGTPNVJW9","Acer Aspire 3 Intel Core i3 13th Gen 1305U - (8 GB/512 GB SSD/Windows 11 Home) A324-53 Thin and Light ...","Acer","Intel Core i3 Processor (13th Gen)","8 GB DDR4 RAM","512 GB SSD","35.56 cm (14 Inch) Display","nan","Windows 11 Operating System","1 Year Carry-in Warranty","竄ｹ31,990","竄ｹ49,999","36","4.2","1763","149","Yes","https://www.flipkart.com/acer-aspire-3-intel-core-i3-13th-gen-1305u-8-gb-512-gb-ssd-windows-11-home-a324-53-thin-light-laptop/p/itma6a6812aa712e","https://rukminim2.flixcart.com/image/312/312/xif0q/computer/f/f/x/-original-imahcd99qffuxkmz.jpeg?q=70","1849"
"COMGZN7ZYP8MDPHR","Acer Nitro V AMD Ryzen 5 Hexa Core 7535HS - (16 GB/512 GB SSD/Windows 11 Home/6 GB Graphics/NVIDIA GeF...","Acer","AMD Ryzen 5 Hexa Core Processor","16 GB DDR5 RAM","512 GB SSD","39.62 cm (15.6 Inch) Display","nan","Windows 11 Operating System","1 Year International Travelers Warranty (ITW)","竄ｹ57,990","竄ｹ85,999","32","4.4","531","49","Yes","https://www.flipkart.com/acer-nitro-v-amd-ryzen-5-hexa-core-7535hs-16-gb-512-gb-ssd-windows-11-home-6-graphics-nvidia-geforce-rtx-3050-anv15-41-gaming-laptop/p/itm6491e522f1157","https://rukminim2.flixcart.com/image/312/312/xif0q/computer/e/h/6/-original-imahcd9bgy6gkaap.jpeg?q=70","1851"
"COMH3G96J7CE6ZPH","Acer Aspire 7 Intel Core i5 13th Gen 13420H - (16 GB/512 GB SSD/Windows 11 Home/4 GB Graphics/NVIDIA G...","Acer","Intel Core i5 Processor (13th Gen)","16 GB DDR4 RAM","512 GB SSD","39.62 cm (15.6 Inch) Display","nan","Windows 11 Operating System","1 Year Onsite Warranty","竄ｹ50,990","竄ｹ84,999","40","4.3","2151","160","Yes","https://www.flipkart.com/acer-aspire-7-intel-core-i5-13th-gen-13420h-16-gb-512-gb-ssd-windows-11-home-4-graphics-nvidia-geforce-rtx-2050-a715-79g-gaming-laptop/p/itm8208102c97f99","https://rukminim2.flixcart.com/image/312/312/xif0q/computer/c/u/v/-original-imahcd9cqb2hnpus.jpeg?q=70","1852"
"COMGU2D9ZAXCAHBU","Acer Aspire Lite AMD Ryzen 5 Hexa Core 5625U - (16 GB/1 TB SSD/Windows 11 Home) AL15-41 Thin and Light...","Acer","AMD Ryzen 5 Hexa Core Processor","16 GB DDR4 RAM","1 TB SSD","39.62 cm (15.6 Inch) Display","nan","Windows 11 Operating System","1 Year Onsite Warranty","竄ｹ37,990","竄ｹ63,999","40","4.1","1161","106","Yes","https://www.flipkart.com/acer-aspire-lite-amd-ryzen-5-hexa-core-5625u-16-gb-1-tb-ssd-windows-11-home-al15-41-thin-light-laptop/p/itm1bc0bcb4598e7","https://rukminim2.flixcart.com/image/312/312/xif0q/computer/b/k/d/-original-imahb2kbf2zdan3z.jpeg?q=70","1853"
"COMH6ZKTTGFFBJZA","Acer Swift Go 14 Next Gen AI PC Snapdragon X Plus - (16 GB/512 GB SSD/Windows 11 Home) SFG14-01-X9C8 T...","Acer","Snapdragon X Plus Processor","16 GB LPDDR5X RAM","512 GB SSD","36.83 cm (14.5 Inch) Display","nan","Windows 11 Operating System","1 Year Carry-in Warranty","竄ｹ54,990","竄ｹ1,08,799","49","4.3","271","43","Yes","https://www.flipkart.com/acer-swift-go-14-next-gen-ai-pc-snapdragon-x-plus-16-gb-512-gb-ssd-windows-11-home-sfg14-01-x9c8-thin-light-laptop/p/itmd59652b059190","https://rukminim2.flixcart.com/image/312/312/xif0q/computer/h/8/t/-original-imahcd9ndzqy8exz.jpeg?q=70","1854"
"COMH59E4SZYVDQUU","Acer Aspire Intel Core i5 12th Gen 12450H - (16 GB/512 GB SSD/Windows 11 Home) AL15-52H Thin and Light...","Acer","Intel Core i5 Processor (12th Gen)","16 GB LPDDR5 RAM","512 GB SSD","39.62 cm (15.6 inch) Display","nan","Windows 11 Home Operating System","1 Year Carry-in Warranty","竄ｹ45,990","竄ｹ56,990","19","4.1","711","70","Yes","https://www.flipkart.com/acer-aspire-intel-core-i5-12th-gen-12450h-16-gb-512-gb-ssd-windows-11-home-al15-52h-thin-light-laptop/p/itmc262e2fa338ce","https://rukminim2.flixcart.com/image/312/312/xif0q/computer/a/a/o/-original-imah7tknwg7brmfv.jpeg?q=70","1855"
"COMH2TPSM9V7V38F","Acer Aspire Lite AMD Ryzen 3 Quad Core 5300U - (8 GB/512 GB SSD/Windows 11 Home) AL15-41 Thin and Ligh...","Acer","AMD Ryzen 3 Quad Core Processor","8 GB DDR4 RAM","512 GB SSD","39.62 cm (15.6 Inch) Display","nan","Windows 11 Operating System","1 Year Carry-in Warranty","竄ｹ29,490","竄ｹ44,990","34","4.2","459","43","No","https://www.flipkart.com/acer-aspire-lite-amd-ryzen-3-quad-core-5300u-8-gb-512-gb-ssd-windows-11-home-al15-41-thin-light-laptop/p/itm1bc0bcb4598e7","https://rukminim2.flixcart.com/image/312/312/xif0q/computer/b/k/d/-original-imahb2kbf2zdan3z.jpeg?q=70","1856"
"COMH28U4WDFBUKP3","Acer Aspire Lite AMD Ryzen 3 Quad Core 5300U - (16 GB/512 GB SSD/Windows 11 Home) AL15-41 Thin and Lig...","Acer","AMD Ryzen 3 Quad Core Processor","16 GB DDR4 RAM","512 GB SSD","39.62 cm (15.6 Inch) Display","nan","Windows 11 Operating System","1 Year Carry-in Warranty","竄ｹ29,990","竄ｹ46,990","36","4.2","459","43","No","https://www.flipkart.com/acer-aspire-lite-amd-ryzen-3-quad-core-5300u-16-gb-512-gb-ssd-windows-11-home-al15-41-thin-light-laptop/p/itm1bc0bcb4598e7","https://rukminim2.flixcart.com/image/312/312/xif0q/computer/b/k/d/-original-imahb2kbf2zdan3z.jpeg?q=70","1857"
"COMH4B6CGZKHKUV3","Acer Aspire 3 Intel Core i5 13th Gen 1334U - (16 GB/512 GB SSD/Windows 11 Home) A324-53 Thin and Light...","Acer","Intel Core i5 Processor (13th Gen)","16 GB DDR4 RAM","512 GB SSD","35.56 cm (14 Inch) Display","nan","Windows 11 Operating System","1 Year Carry-in Warranty","竄ｹ44,990","竄ｹ66,999","32","4.3","252","23","Yes","https://www.flipkart.com/acer-aspire-3-intel-core-i5-13th-gen-1334u-16-gb-512-gb-ssd-windows-11-home-a324-53-thin-light-laptop/p/itm707770fddc7e9","https://rukminim2.flixcart.com/image/312/312/xif0q/computer/p/i/0/-original-imahcfdf4x4zchpg.jpeg?q=70","1858"
"COMH2TPSHCGSZY44","Acer Aspire Lite AMD Ryzen 3 Quad Core 5300U - (16 GB/512 GB SSD/Windows 11 Home) AL15-41 Thin and Lig...","Acer","AMD Ryzen 3 Quad Core Processor","16 GB DDR4 RAM","512 GB SSD","39.62 cm (15.6 Inch) Display","nan","Windows 11 Operating System","1 Year Carry-in Warranty","竄ｹ31,025","竄ｹ52,900","41","4.1","53","9","No","https://www.flipkart.com/acer-aspire-lite-amd-ryzen-3-quad-core-5300u-16-gb-512-gb-ssd-windows-11-home-al15-41-thin-light-laptop/p/itm1bc0bcb4598e7","https://rukminim2.flixcart.com/image/312/312/xif0q/computer/u/p/m/-original-imah2pf2u98xefzx.jpeg?q=70","1859"
"COMGXPH6V5PZNMWU","Acer Aspire Lite AMD Ryzen 5 Hexa Core 5625U - (16 GB/512 GB SSD/Windows 11 Home) AL15-41 Thin and Lig...","Acer","AMD Ryzen 5 Hexa Core Processor","16 GB DDR4 RAM","512 GB SSD","39.62 cm (15.6 inch) Display","nan","Windows 11 Operating System","1 Year Carry-in Warranty","竄ｹ34,490","竄ｹ56,999","39","4.1","1161","106","Yes","https://www.flipkart.com/acer-aspire-lite-amd-ryzen-5-hexa-core-5625u-16-gb-512-gb-ssd-windows-11-home-al15-41-thin-light-laptop/p/itm1bc0bcb4598e7","https://rukminim2.flixcart.com/image/312/312/xif0q/computer/b/k/d/-original-imahb2kbf2zdan3z.jpeg?q=70","1860"
"COMH5WHPWD7GUWGT","Acer Aspire Lite Intel Core i3 13th Gen 1305U - (16 GB/512 GB SSD/Windows 11 Home) AL15-53 Notebook","Acer","Intel Core i3 Processor (13th Gen)","16 GB DDR4 RAM","512 GB SSD","39.62 cm (15.6 inch) Display","nan","64 bit Windows 11 Home Operating System","1 Year Warranty","竄ｹ33,990","竄ｹ46,990","27","4.1","96","10","Yes","https://www.flipkart.com/acer-aspire-lite-intel-core-i3-13th-gen-1305u-16-gb-512-gb-ssd-windows-11-home-al15-53-notebook/p/itm1bc0bcb4598e7","https://rukminim2.flixcart.com/image/312/312/xif0q/computer/i/y/m/-original-imahcqeynxxzdhcy.jpeg?q=70","1861"
"COMH397XW36HUXB8","Acer Aspire 3 Backlit AMD Ryzen 5 Hexa Core 7430U - (16 GB/512 GB SSD/Windows 11 Home) Aspire AS15-42 ...","Acer","AMD Ryzen 5 Hexa Core Processor","16 GB DDR4 RAM","512 GB SSD","39.62 cm (15.6 Inch) Display","nan","Windows 11 Operating System","1 Year Carry-in Warranty","竄ｹ36,990","竄ｹ59,990","38","4.1","1650","215","Yes","https://www.flipkart.com/acer-aspire-3-backlit-amd-ryzen-5-hexa-core-7430u-16-gb-512-gb-ssd-windows-11-home-as15-42-thin-light-laptop/p/itmdaf15e01a1d1a","https://rukminim2.flixcart.com/image/312/312/xif0q/computer/7/2/u/-original-imahcd9czgtgffpz.jpeg?q=70","1862"
"COMHFC9KY8AHGYD3","Acer Chromebook Plus Google AI Intel Core i3 13th Gen 1315U - (8 GB/256 GB SSD/Chrome OS) CB515-2H-34Y...","Acer","Intel Core i3 Processor (13th Gen)","8 GB LPDDR5X RAM","256 GB SSD","39.62 cm (15.6 Inch) Display","nan","Chrome Operating System","1 Year Carry-in Warranty","竄ｹ21,999","竄ｹ52,999","58","3.9","327","33","No","https://www.flipkart.com/acer-chromebook-plus-google-ai-intel-core-i3-13th-gen-1315u-8-gb-256-gb-ssd-chrome-os-cb515-2h-34yl/p/itm5542cc6900ec1","https://rukminim2.flixcart.com/image/312/312/xif0q/computer/4/3/o/-original-imah27qsamfccyxz.jpeg?q=70","1863"
"COMH397XVTZNMYGX","Acer Aspire 3 Backlit AMD Ryzen 5 Hexa Core 7430U - (8 GB/512 GB SSD/Windows 11 Home) A325-42 Thin and...","Acer","AMD Ryzen 5 Hexa Core Processor","8 GB DDR4 RAM","512 GB SSD","39.62 cm (15.6 Inch) Display","nan","Windows 11 Operating System","1 Year Carry-in Warranty","竄ｹ34,990","竄ｹ54,990","36","4.1","1650","215","No","https://www.flipkart.com/acer-aspire-3-backlit-amd-ryzen-5-hexa-core-7430u-8-gb-512-gb-ssd-windows-11-home-a325-42-thin-light-laptop/p/itmdaf15e01a1d1a","https://rukminim2.flixcart.com/image/312/312/xif0q/computer/7/2/u/-original-imahcd9czgtgffpz.jpeg?q=70","1864"
"COMH59ENQYHDYJGX","Acer Aspire 3 Intel Celeron Dual Core N4500 - (8 GB/512 GB SSD/Windows 11 Home) A325-45 Thin and Light...","Acer","Intel Celeron Dual Core Processor","8 GB LPDDR4X RAM","512 GB SSD","39.62 cm (15.6 inch) Display","nan","Windows 11 Home Operating System","1 Year International Travelers Warranty (ITW)","竄ｹ24,290","竄ｹ29,990","19","3.9","2422","201","No","https://www.flipkart.com/acer-aspire-3-intel-celeron-dual-core-n4500-8-gb-512-gb-ssd-windows-11-home-a325-45-thin-light-laptop/p/itm9ca67a1a3ea22","https://rukminim2.flixcart.com/image/312/312/xif0q/computer/5/x/1/a325-45-thin-and-light-laptop-acer-original-imah2tyffgnp8nmd.jpeg?q=70","1865"
"COMH397XPF4Z3BMX","Acer Aspire 3 Backlit AMD Ryzen 7 Octa Core 7730U - (16 GB/512 GB SSD/Windows 11 Home) A325-42 Thin an...","Acer","AMD Ryzen 7 Octa Core Processor","16 GB DDR4 RAM","512 GB SSD","39.62 cm (15.6 Inch) Display","nan","Windows 11 Operating System","1 Year Carry-in Warranty","竄ｹ41,990","竄ｹ74,990","44","4","607","50","Yes","https://www.flipkart.com/acer-aspire-3-backlit-amd-ryzen-7-octa-core-7730u-16-gb-512-gb-ssd-windows-11-home-a325-42-thin-light-laptop/p/itmdaf15e01a1d1a","https://rukminim2.flixcart.com/image/312/312/xif0q/computer/c/a/e/-original-imahcd8gaexzeczq.jpeg?q=70","1867"
"COMH2TPSHCGYHHH8","Acer Aspire 3 Intel Celeron Dual Core N4500 - (8 GB/256 GB SSD/Windows 11 Home) A325-45 Thin and Light...","Acer","Intel Celeron Dual Core Processor","8 GB LPDDR4X RAM","256 GB SSD","39.62 cm (15.6 Inch) Display","nan","Windows 11 Operating System","1 Year Onsite Warranty","竄ｹ24,800","竄ｹ29,990","17","4","1094","105","Yes","https://www.flipkart.com/acer-aspire-3-intel-celeron-dual-core-n4500-8-gb-256-gb-ssd-windows-11-home-a325-45-thin-light-laptop/p/itm9ca67a1a3ea22","https://rukminim2.flixcart.com/image/312/312/xif0q/computer/d/6/p/-original-imah3yhqcgjtxfhw.jpeg?q=70","1868"
"COMGTR89NPGW2NX3","Acer One 14 AMD Ryzen 3 Dual Core 3250U - (8 GB/512 GB SSD/Windows 11 Home) Z2-493 Thin and Light Lapt...","Acer","AMD Ryzen 3 Dual Core Processor","8 GB DDR4 RAM","512 GB SSD","35.56 cm (14 inch) Display","nan","Windows 11 Operating System","1 Year Onsite Warranty","竄ｹ25,800","竄ｹ39,999","35","4","674","68","No","https://www.flipkart.com/acer-one-14-amd-ryzen-3-dual-core-3250u-8-gb-512-gb-ssd-windows-11-home-z2-493-thin-light-laptop/p/itm283f44123aab0","https://rukminim2.flixcart.com/image/312/312/xif0q/computer/u/l/9/-original-imahcd9mgwcqshvx.jpeg?q=70","1869"
"COMGZN7Z8V7AGTAD","Acer Nitro V AMD Ryzen 7 Octa Core 7735HS - (16 GB/512 GB SSD/Windows 11 Home/6 GB Graphics/NVIDIA GeF...","Acer","AMD Ryzen 7 Octa Core Processor","16 GB DDR5 RAM","512 GB SSD","39.62 cm (15.6 Inch) Display","nan","Windows 11 Operating System","1 Year International Travelers Warranty (ITW)","竄ｹ65,990","竄ｹ87,499","24","4.3","382","54","Yes","https://www.flipkart.com/acer-nitro-v-amd-ryzen-7-octa-core-7735hs-16-gb-512-gb-ssd-windows-11-home-6-graphics-nvidia-geforce-rtx-3050-anv15-41-gaming-laptop/p/itm6491e522f1157","https://rukminim2.flixcart.com/image/312/312/xif0q/computer/e/h/6/-original-imahcd9bgy6gkaap.jpeg?q=70","1871"
"COMGZH2UKZZXYGSA","Acer Swift Go 14 TouchScreen AI PC Intel Core Ultra 5 125H - (16 GB/512 GB SSD/Windows 11 Home) SFG14-...","Acer","Intel Core Ultra 5 Processor","16 GB LPDDR5X RAM","512 GB SSD","35.56 cm (14 Inch) Touchscreen Display","nan","Windows 11 Operating System","1 Year Carry-in Warranty","竄ｹ72,990","竄ｹ89,990","18","4.3","685","85","No","https://www.flipkart.com/acer-swift-go-14-touchscreen-ai-pc-intel-core-ultra-5-125h-16-gb-512-gb-ssd-windows-11-home-sfg14-73t-58pz-thin-light-laptop/p/itm174fc1bfd505f","https://rukminim2.flixcart.com/image/312/312/xif0q/computer/p/l/j/-original-imahcd9mvzfygu3y.jpeg?q=70","1872"
"COMHBCGFMCMMUNPG","Acer Swift Neo OLED AI PC Intel Core Ultra 5 115U - (16 GB/512 GB SSD/Windows 11 Home) SFN14-54H Thin ...","Acer","Intel Core Ultra 5 Processor","16 GB LPDDR5 RAM","512 GB SSD","35.56 cm (14 Inch) Display","nan","64 bit Windows 11 Home Operating System","1 Year Warranty","竄ｹ57,990","竄ｹ99,999","42","4","24","2","Yes","https://www.flipkart.com/acer-swift-neo-oled-ai-pc-intel-core-ultra-5-115u-16-gb-512-gb-ssd-windows-11-home-sfn14-54h-thin-light-laptop/p/itm093fb94fa4b22","https://rukminim2.flixcart.com/image/312/312/xif0q/computer/q/n/n/-original-imahcstw98yj6rws.jpeg?q=70","1873"
"COMH2TPS6RRFKDMH","Acer Aspire 3 Intel Celeron Dual Core N4500 - (8 GB/512 GB SSD/Windows 11 Home) A325-45 Thin and Light...","Acer","Intel Celeron Dual Core Processor","8 GB LPDDR4X RAM","512 GB SSD","39.62 cm (15.6 Inch) Display","nan","Windows 11 Operating System","1 Year Onsite Warranty","竄ｹ24,480","竄ｹ30,240","19","3.8","222","28","Yes","https://www.flipkart.com/acer-aspire-3-intel-celeron-dual-core-n4500-8-gb-512-gb-ssd-windows-11-home-a325-45-thin-light-laptop/p/itm9ca67a1a3ea22","https://rukminim2.flixcart.com/image/312/312/xif0q/computer/d/6/p/-original-imah3yhqcgjtxfhw.jpeg?q=70","1874"
"COMHY74JVWWHKWKA","Acer Aspire Lite AMD Ryzen 7 Octa Core 5700U - (16 GB/512 GB SSD/Windows 11 Home) AL15-41 Thin and Lig...","Acer","AMD Ryzen 7 Octa Core Processor","16 GB DDR4 RAM","512 GB SSD","39.62 cm (15.6 Inch) Display","nan","64 bit Windows 11 Operating System","1 Year Onsite Warranty","竄ｹ39,990","竄ｹ69,990","42","4","299","32","Yes","https://www.flipkart.com/acer-aspire-lite-amd-ryzen-7-octa-core-5700u-16-gb-512-gb-ssd-windows-11-home-al15-41-thin-light-laptop/p/itm1bc0bcb4598e7","https://rukminim2.flixcart.com/image/312/312/xif0q/computer/b/k/d/-original-imahb2kbf2zdan3z.jpeg?q=70","1875"
"COMGZN7Z7FZFAEZF","Acer Nitro V AMD Ryzen 7 Octa Core 7735HS - (16 GB/512 GB SSD/Windows 11 Home/6 GB Graphics/NVIDIA GeF...","Acer","AMD Ryzen 7 Octa Core Processor","16 GB DDR5 RAM","512 GB SSD","39.62 cm (15.6 Inch) Display","nan","Windows 11 Operating System","1 Year International Travelers Warranty (ITW)","竄ｹ77,990","竄ｹ1,01,999","23","4.2","214","19","Yes","https://www.flipkart.com/acer-nitro-v-amd-ryzen-7-octa-core-7735hs-16-gb-512-gb-ssd-windows-11-home-6-graphics-nvidia-geforce-rtx-4050-anv15-41-gaming-laptop/p/itm6491e522f1157","https://rukminim2.flixcart.com/image/312/312/xif0q/computer/e/h/6/-original-imahcd9bgy6gkaap.jpeg?q=70","1877"
"COMGQTMYCEUD3FSJ","Acer Intel Core i3 11th Gen - (8 GB/256 GB SSD/Windows 11 Home) Aspire 3 A315-510P Laptop","Acer","Intel Core i3 Processor (11th Gen)","8 GB LPDDR5 RAM","256 GB SSD","39.62 cm (15.6 inch) Display","nan","Windows 11 Operating System","nan","竄ｹ32,399","竄ｹ45,000","28",\N,\N,\N,"No","https://www.flipkart.com/acer-intel-core-i3-11th-gen-8-gb-256-gb-ssd-windows-11-home-aspire-3-a315-510p-laptop/p/itm4fba41d753951","https://rukminim2.flixcart.com/image/312/312/xif0q/computer/x/z/w/a315-510p-laptop-acer-original-imagqtmyyfcxt4ah.jpeg?q=70","1878"
"COMGBNUMF8CDJZFH","Acer Aspire 3 AMD Dual Core 3020e - (4 GB/256 GB SSD/Windows 11 Home) A314-22 Laptop","Acer","AMD Dual Core Processor","4 GB DDR4 RAM","256 GB SSD","35.56 cm (14 Inch) Display","nan","64 bit Windows 11 Operating System","1 Year International Travelers Warranty (ITW)","竄ｹ21,990","竄ｹ34,990","37","4.1","954","90","No","https://www.flipkart.com/acer-aspire-3-amd-dual-core-3020e-4-gb-256-gb-ssd-windows-11-home-a314-22-laptop/p/itm3f90aea501859","https://rukminim2.flixcart.com/image/312/312/xif0q/computer/j/t/j/-original-imahcd9heu6tw679.jpeg?q=70","1879"
"COMHY24RMZ8PUDTT","Acer Aspire 3 Backlit Intel Core i5 12th Gen 1235U - (16 GB/512 GB SSD/Windows 11 Home) A324-51 Thin a...","Acer","Intel Core i5 Processor (12th Gen)","16 GB DDR4 RAM","512 GB SSD","35.56 cm (14 Inch) Display","nan","64 bit Windows 11 Operating System","1 Year Domestic Warranty","竄ｹ41,990","竄ｹ53,000","20","4.2","2974","212","Yes","https://www.flipkart.com/acer-aspire-3-backlit-intel-core-i5-12th-gen-1235u-16-gb-512-gb-ssd-windows-11-home-a324-51-thin-light-laptop/p/itm4fa0fcf0e2e15","https://rukminim2.flixcart.com/image/312/312/xif0q/computer/o/e/9/-original-imahcd9jfhqakksf.jpeg?q=70","1880"
"COMH4B6CRXD62EPK","Acer Aspire 3 Intel Core i3 13th Gen 1305U - (16 GB/512 GB SSD/Windows 11 Home) A324-53 Thin and Light...","Acer","Intel Core i3 Processor (13th Gen)","16 GB DDR4 RAM","512 GB SSD","35.56 cm (14 Inch) Display","nan","Windows 11 Operating System","1 Year Carry-in Warranty","竄ｹ35,990","竄ｹ44,999","20","4.2","1763","149","No","https://www.flipkart.com/acer-aspire-3-intel-core-i3-13th-gen-1305u-16-gb-512-gb-ssd-windows-11-home-a324-53-thin-light-laptop/p/itma6a6812aa712e","https://rukminim2.flixcart.com/image/312/312/xif0q/computer/f/f/x/-original-imahcd99qffuxkmz.jpeg?q=70","1881"
"COMGP8QVTK3EQDXE","Acer Aspire 7 Intel Core i5 12th Gen 12450H - (16 GB/512 GB SSD/Windows 11 Home/4 GB Graphics/NVIDIA G...","Acer","Intel Core i5 Processor (12th Gen)","16 GB DDR4 RAM","512 GB SSD","39.62 cm (15.6 Inch) Display","nan","Windows 11 Operating System","1 Year Onsite Warranty","竄ｹ52,990","竄ｹ84,999","37","4.2","2589","208","Yes","https://www.flipkart.com/acer-aspire-7-intel-core-i5-12th-gen-12450h-16-gb-512-gb-ssd-windows-11-home-4-graphics-nvidia-geforce-rtx-3050-144-hz-a715-76g-548j-gaming-laptop/p/itm20708ce5793f7","https://rukminim2.flixcart.com/image/312/312/xif0q/computer/z/1/f/-original-imahcd9zzzffxcht.jpeg?q=70","1882"
"COMHY24RJH2YXVPG","Acer Aspire 3 Intel Core i3 12th Gen 1215U - (8 GB/512 GB SSD/Windows 11 Home) A324-51 Thin and Light ...","Acer","Intel Core i3 Processor (12th Gen)","8 GB DDR4 RAM","512 GB SSD","35.56 cm (14 Inch) Display","nan","64 bit Windows 11 Operating System","1 Year Domestic Warranty","竄ｹ30,990","竄ｹ43,000","27","4.2","3279","254","Yes","https://www.flipkart.com/acer-aspire-3-intel-core-i3-12th-gen-1215u-8-gb-512-gb-ssd-windows-11-home-a324-51-thin-light-laptop/p/itm7dda0a4d1d62a","https://rukminim2.flixcart.com/image/312/312/xif0q/computer/f/u/a/-original-imahcd9hd8sfkypj.jpeg?q=70","1883"
"COMH6C5AMHNHHRUF","Acer Nitro V AMD Ryzen 5 Hexa Core 6600H - (16 GB/512 GB SSD/Windows 11 Home/6 GB Graphics/NVIDIA GeFo...","Acer","AMD Ryzen 5 Hexa Core Processor","16 GB DDR5 RAM","512 GB SSD","40.64 cm (16 inch) Display","nan","64 bit Windows 11 Operating System","1 Year International Travelers Warranty (ITW)","竄ｹ57,990","竄ｹ1,08,999","46","4.2","26","5","Yes","https://www.flipkart.com/acer-nitro-v-amd-ryzen-5-hexa-core-6600h-16-gb-512-gb-ssd-windows-11-home-6-graphics-nvidia-geforce-rtx-3050-anv15-41-r8g0-gaming-laptop/p/itm33a9aedda362e","https://rukminim2.flixcart.com/image/312/312/xif0q/computer/z/2/q/-original-imahcd9zmhzsnzhw.jpeg?q=70","1884"
"COMH9EC2TYRUNYUS","Acer Travel Lite Intel Core i3 12th Gen 1215U with Turbo Boost - (16 GB/512 GB SSD/Windows 11 Pro) Tra...","Acer","Intel Core i3 Processor (12th Gen)","16 GB DDR4 RAM","512 GB SSD","35.56 cm (14 inch) Display","nan","64 bit Windows 11 Operating System","nan","竄ｹ32,740","竄ｹ51,200","36","4.3","7","3","No","https://www.flipkart.com/acer-travel-lite-intel-core-i3-12th-gen-1215u-turbo-boost-16-gb-512-gb-ssd-windows-11-pro-business-laptop/p/itmb47bca0dc9eab","https://rukminim2.flixcart.com/image/312/312/xif0q/computer/j/w/k/tl14-business-laptop-acer-original-imah9ec2jgqnddve.jpeg?q=70","1885"
"COMH4B6CNJXPHGAG","Acer Aspire 3 Intel Core i5 13th Gen 1334U - (8 GB/512 GB SSD/Windows 11 Home) A324-53 Thin and Light ...","Acer","Intel Core i5 Processor (13th Gen)","8 GB DDR4 RAM","512 GB SSD","35.56 cm (14 Inch) Display","nan","Windows 11 Operating System","1 Year Carry-in Warranty","竄ｹ40,990","竄ｹ64,999","36","4.3","252","23","Yes","https://www.flipkart.com/acer-aspire-3-intel-core-i5-13th-gen-1334u-8-gb-512-gb-ssd-windows-11-home-a324-53-thin-light-laptop/p/itm707770fddc7e9","https://rukminim2.flixcart.com/image/312/312/xif0q/computer/p/i/0/-original-imahcfdf4x4zchpg.jpeg?q=70","1886"
"COMH3G96MYGWSGTF","Acer Aspire 7 Intel Core i5 13th Gen 13420H - (16 GB/512 GB SSD/Windows 11 Home/6 GB Graphics/NVIDIA G...","Acer","Intel Core i5 Processor (13th Gen)","16 GB DDR4 RAM","512 GB SSD","39.62 cm (15.6 Inch) Display","nan","Windows 11 Operating System","1 Year Onsite Warranty","竄ｹ62,990","竄ｹ89,999","30","4.3","1281","108","Yes","https://www.flipkart.com/acer-aspire-7-intel-core-i5-13th-gen-13420h-16-gb-512-gb-ssd-windows-11-home-6-graphics-nvidia-geforce-rtx-3050-a715-79g-gaming-laptop/p/itm8208102c97f99","https://rukminim2.flixcart.com/image/312/312/xif0q/computer/c/u/v/-original-imahcd9cqb2hnpus.jpeg?q=70","1887"
"COMGSV3G3RYBAHX4","Acer Chromebook Intel Celeron Dual Core N4500 - (8 GB/128 GB EMMC Storage/Chrome OS) CB314-3H-C5QE/ CB...","Acer","Intel Celeron Dual Core Processor","8 GB LPDDR4X RAM","nan","35.56 cm (14 inch) Display","nan","Chrome Operating System","1 Year Onsite Warranty","竄ｹ20,990","竄ｹ33,999","38","3.8","2247","157","No","https://www.flipkart.com/acer-chromebook-intel-celeron-dual-core-n4500-8-gb-128-gb-emmc-storage-chrome-os-cb314-3h-c5qe-cb314-3h-c0bz/p/itm04458b376eefa","https://rukminim2.flixcart.com/image/312/312/xif0q/computer/a/0/5/-original-imagvrefuybuvbe5.jpeg?q=70","1888"
"COMG6YRFFZQVY9AD","Acer Aspire 3 Intel Core i3 11th Gen 1115G4 - (4 GB/256 GB SSD/Windows 10 Home) A315-58 Thin and Light...","Acer","Intel Core i3 Processor (11th Gen)","4 GB DDR4 RAM","256 GB SSD","39.62 cm (15.6 inch) Display","nan","64 bit Windows 10 Operating System","1 Year International Travelers Warranty (ITW)","竄ｹ31,576","竄ｹ50,000","36","4.2","127","18","No","https://www.flipkart.com/acer-aspire-3-intel-core-i3-11th-gen-1115g4-4-gb-256-gb-ssd-windows-10-home-a315-58-thin-light-laptop/p/itm66859b035ef75","https://rukminim2.flixcart.com/image/312/312/kshtxu80/computer/2/a/s/aspire-3-thin-and-light-laptop-acer-original-imag6fvccahrjyv6.jpeg?q=70","1889"
"COMGX7PJJJZ9CHET","Acer Aspire Lite Intel Core i3 12th Gen 1215U - (8 GB/512 GB SSD/Windows 11 Home) AL15-52 Thin and Lig...","Acer","Intel Core i3 Processor (12th Gen)","8 GB DDR4 RAM","512 GB SSD","39.62 cm (15.6 inch) Display","nan","64 bit Windows 11 Home Operating System","nan","竄ｹ30,500","竄ｹ52,999","42","4.1","865","74","No","https://www.flipkart.com/acer-aspire-lite-intel-core-i3-12th-gen-1215u-8-gb-512-gb-ssd-windows-11-home-al15-52-thin-light-laptop/p/itm2f1be04e21a00","https://rukminim2.flixcart.com/image/312/312/xif0q/computer/w/d/x/aspire-lite-thin-and-light-laptop-acer-original-imah4jdyzhzwytb3.jpeg?q=70","1892"
"COMGXPH6XJE9ZKGZ","Acer Aspire Lite AMD Ryzen 5 Hexa Core 5625U - (8 GB/512 GB SSD/Windows 11 Home) AL15-41 Thin and Ligh...","Acer","AMD Ryzen 5 Hexa Core Processor","8 GB DDR4 RAM","512 GB SSD","39.62 cm (15.6 inch) Display","nan","Windows 11 Operating System","1 Year Carry-in Warranty","竄ｹ32,990","竄ｹ56,990","42","4.1","1161","106","Yes","https://www.flipkart.com/acer-aspire-lite-amd-ryzen-5-hexa-core-5625u-8-gb-512-gb-ssd-windows-11-home-al15-41-thin-light-laptop/p/itm1bc0bcb4598e7","https://rukminim2.flixcart.com/image/312/312/xif0q/computer/b/k/d/-original-imahb2kbf2zdan3z.jpeg?q=70","1893"
"COMG6TP6ZCSHQR8T","Acer Aspire AMD Athlon Dual Core 3050U - (4 GB/256 GB SSD/Windows 11 Home) A315-23 Laptop","Acer","AMD Athlon Dual Core Processor","4 GB DDR4 RAM","256 GB SSD","39.62 cm (15.6 inch) Display","nan","64 bit Windows 11 Home Operating System","1 Year International Travelers Warranty (ITW)","竄ｹ28,490","竄ｹ36,990","22","4.2","91","17","No","https://www.flipkart.com/acer-aspire-amd-athlon-dual-core-3050u-4-gb-256-gb-ssd-windows-11-home-a315-23-laptop/p/itm45174eb5828a2","https://rukminim2.flixcart.com/image/312/312/xif0q/computer/g/b/n/-original-imahcd99kxnnwe7k.jpeg?q=70","1894"
"COMHFC9KE39WGHMA","Acer Chromebook Plus Google AI Intel Core i3 N305 - (8 GB/256 GB SSD/Chrome OS) CB514-4H-39T7 Chromebo...","Acer","Intel Core i3 Processor","8 GB LPDDR5 RAM","256 GB SSD","35.56 cm (14 Inch) Display","nan","Chrome Operating System","1 Year Carry-in Warranty","竄ｹ29,990","竄ｹ49,999","40","3.8","906","94","No","https://www.flipkart.com/acer-chromebook-plus-google-ai-intel-core-i3-n305-8-gb-256-gb-ssd-chrome-os-cb514-4h-39t7/p/itm5542cc6900ec1","https://rukminim2.flixcart.com/image/312/312/xif0q/computer/4/3/o/-original-imah27qsamfccyxz.jpeg?q=70","1895"
"COMH5WHP8HVDEHE8","Acer Aspire Intel Core i3 13th Gen 1305U - (8 GB/512 GB SSD/Windows 11 Home) AL15-53 Notebook","Acer","Intel Core i3 Processor (13th Gen)","8 GB DDR4 RAM","512 GB SSD","39.62 cm (15.6 inch) Display","nan","64 bit Windows 11 Home Operating System","1 Year Warranty","竄ｹ31,800","竄ｹ42,890","25","4.1","96","10","No","https://www.flipkart.com/acer-aspire-intel-core-i3-13th-gen-1305u-8-gb-512-gb-ssd-windows-11-home-al15-53-notebook/p/itm1bc0bcb4598e7","https://rukminim2.flixcart.com/image/312/312/xif0q/computer/i/y/m/-original-imahcqeynxxzdhcy.jpeg?q=70","1896"
"COMGGYEBDUJ4PYS9","Acer Extensa Intel Core i3 11th Gen 1115G4 - (8 GB/512 GB SSD/Windows 11 Home) EX 215-54/ EX 215-54-35...","Acer","Intel Core i3 Processor (11th Gen)","8 GB DDR4 RAM","512 GB SSD","39.62 cm (15.6 Inch) Display","nan","64 bit Windows 11 Operating System","1 Year International Travelers Warranty (ITW)","竄ｹ31,000","竄ｹ43,999","29","4.1","1219","111","No","https://www.flipkart.com/acer-extensa-intel-core-i3-11th-gen-1115g4-8-gb-512-gb-ssd-windows-11-home-ex-215-54-215-54-356v-thin-light-laptop/p/itmb56a6a6028189","https://rukminim2.flixcart.com/image/312/312/xif0q/computer/u/w/v/-original-imahcd9gnr4zeexb.jpeg?q=70","1897"
"COMGTAFMJUQGHHKC","Acer TravelMate P2 Intel Core i7 11th Gen 1165G7 - (16 GB/1 TB SSD/Windows 11 Home) TMP214-53 Thin and...","Acer","Intel Core i7 Processor (11th Gen)","16 GB DDR4 RAM","1 TB SSD","35.56 cm (14 inch) Display","nan","Windows 11 Operating System","1 Year Onsite Warranty","竄ｹ99,000","nan",\N,"3.8","281","41","Yes","https://www.flipkart.com/acer-travelmate-p2-intel-core-i7-11th-gen-1165g7-16-gb-1-tb-ssd-windows-11-home-tmp214-53-thin-light-laptop/p/itmbf3cfadd715a8","https://rukminim2.flixcart.com/image/312/312/xif0q/computer/k/w/4/-original-imahcd9nedjyhzcz.jpeg?q=70","1898"
"COMHYYPHFJTMV9FG","Acer N305 Intel Core i3 13th Gen - (8 GB/512 GB SSD/Windows 11 Home) ASPIRE 3 Laptop","Acer","Intel Core i3 Processor (13th Gen)","8 GB DDR4 RAM","512 GB SSD","39.62 cm (15.6 inch) Display","nan","Windows 11 Home Operating System","nan","竄ｹ32,490","竄ｹ49,990","35","3.9","8","0","No","https://www.flipkart.com/acer-n305-intel-core-i3-13th-gen-8-gb-512-gb-ssd-windows-11-home-aspire-3-laptop/p/itm4fba41d753951","https://rukminim2.flixcart.com/image/312/312/xif0q/computer/x/z/w/a315-510p-laptop-acer-original-imagqtmyyfcxt4ah.jpeg?q=70","1899"
"COMGZT6ZK6NHYRZR","Acer Nitro 5 AMD Ryzen 7 Octa Core 7735HS - (16 GB/512 GB SSD/Windows 11 Home/4 GB Graphics/NVIDIA GeF...","Acer","AMD Ryzen 7 Octa Core Processor","16 GB DDR5 RAM","512 GB SSD","39.62 cm (15.6 Inch) Display","nan","64 bit Windows 11 Operating System","One-year International Travelers Warranty","竄ｹ78,500","竄ｹ1,08,000","27","4.2","46","5","No","https://www.flipkart.com/acer-nitro-5-amd-ryzen-7-octa-core-7735hs-16-gb-512-gb-ssd-windows-11-home-4-graphics-nvidia-geforce-rtx-3050-an515-47-r093-gaming-laptop/p/itm3a1808cfe0364","https://rukminim2.flixcart.com/image/312/312/xif0q/computer/c/m/m/an515-47-gaming-laptop-acer-original-imagzuardhu6zwdd.jpeg?q=70","1900"
"COMGWKF2QYG6XNCZ","Acer Aspire Lite Intel Core i3 12th Gen 1215U - (16 GB/512 GB SSD/Windows 11 Home) AL15-52 Thin and Li...","Acer","Intel Core i3 Processor (12th Gen)","16 GB DDR4 RAM","512 GB SSD","39.62 cm (15.6 Inch) Display","nan","Windows 11 Operating System","1 Year Onsite Warranty","竄ｹ33,990","竄ｹ58,990","42","4.1","865","74","No","https://www.flipkart.com/acer-aspire-lite-intel-core-i3-12th-gen-1215u-16-gb-512-gb-ssd-windows-11-home-al15-52-thin-light-laptop/p/itm130746bcc0e38","https://rukminim2.flixcart.com/image/312/312/xif0q/computer/7/n/r/al15-51-thin-and-light-laptop-acer-original-imagrtakqhprf7eu.jpeg?q=70","1902"
"COMGXPH6NHHZFKTZ","Acer Aspire Lite Intel Core i5 12th Gen 1235U - (8 GB/512 GB SSD/Windows 11 Home) AL15-52 Thin and Lig...","Acer","Intel Core i5 Processor (12th Gen)","8 GB DDR4 RAM","512 GB SSD","39.62 cm (15.6 inch) Display","nan","Windows 11 Operating System","1 Year Carry-in Warranty","竄ｹ38,699","竄ｹ61,147","36","3.8","236","11","No","https://www.flipkart.com/acer-aspire-lite-intel-core-i5-12th-gen-1235u-8-gb-512-gb-ssd-windows-11-home-al15-52-thin-light-laptop/p/itm1bc0bcb4598e7","https://rukminim2.flixcart.com/image/312/312/xif0q/computer/u/p/m/-original-imah2pf2u98xefzx.jpeg?q=70","1903"
"COMGX8GMZJRP6QRK","Acer Aspire Lite Intel Core i5 12th Gen 1235U - (16 GB/512 GB SSD/Windows 11 Home) AL15-52 Thin and Li...","Acer","Intel Core i5 Processor (12th Gen)","16 GB DDR4 RAM","512 GB SSD","39.62 cm (15.6 Inch) Display","nan","Windows 11 Operating System","1 Year Carry-in Warranty","竄ｹ41,490","竄ｹ64,990","36","3.8","236","11","Yes","https://www.flipkart.com/acer-aspire-lite-intel-core-i5-12th-gen-1235u-16-gb-512-gb-ssd-windows-11-home-al15-52-thin-light-laptop/p/itm1bc0bcb4598e7","https://rukminim2.flixcart.com/image/312/312/xif0q/computer/u/p/m/-original-imah2pf2u98xefzx.jpeg?q=70","1904"
"COMHYWT6UHUWHPRH","Acer Nitro V Intel Core i5 13th Gen 13420H - (16 GB/1 TB SSD/Windows 11 Home/6 GB Graphics/NVIDIA GeFo...","Acer","Intel Core i5 Processor (13th Gen)","16 GB DDR5 RAM","1 TB SSD","39.62 cm (15.6 inch) Display","nan","Windows 11 Operating System","1 Year International Travelers Warranty (ITW)","竄ｹ80,990","竄ｹ89,999","10","4.3","344","27","Yes","https://www.flipkart.com/acer-nitro-v-intel-core-i5-13th-gen-13420h-16-gb-1-tb-ssd-windows-11-home-6-gb-graphics-nvidia-geforce-rtx-4050-anv15-51-gaming-laptop/p/itm771bcbdbde25c","https://rukminim2.flixcart.com/image/312/312/xif0q/computer/q/q/l/-original-imahcd9ceytmddmn.jpeg?q=70","1905"
"COMGT42XVXVJK78U","Acer Aspire 3 AMD Ryzen 3 Quad Core 7320U - (8 GB/512 GB SSD/Windows 11 Home) A315-24P Thin and Light ...","Acer","AMD Ryzen 3 Quad Core Processor","8 GB LPDDR5 RAM","512 GB SSD","39.62 cm (15.6 Inch) Display","nan","Windows 11 Operating System","1 Year Onsite Warranty","竄ｹ27,990","竄ｹ41,593","32","4.3","669","78","No","https://www.flipkart.com/acer-aspire-3-amd-ryzen-quad-core-7320u-8-gb-512-gb-ssd-windows-11-home-a315-24p-thin-light-laptop/p/itmf420b92cf4584","https://rukminim2.flixcart.com/image/312/312/xif0q/computer/n/j/h/-original-imahcd9m4dshndf9.jpeg?q=70","1906"
"COMGRHJUCYY63HAA","Acer Aspire 7 Intel Core i5 12th Gen 12450H - (16 GB/512 GB SSD/Windows 11 Home/4 GB Graphics/NVIDIA G...","Acer","Intel Core i5 Processor (12th Gen)","16 GB DDR4 RAM","512 GB SSD","39.62 cm (15.6 Inch) Display","nan","Windows 11 Operating System","1 Year Onsite Warranty","竄ｹ50,990","竄ｹ99,999","49","4.2","3762","301","Yes","https://www.flipkart.com/acer-aspire-7-intel-core-i5-12th-gen-12450h-16-gb-512-gb-ssd-windows-11-home-4-graphics-nvidia-geforce-rtx-2050-a715-76g-52h4-a715-76g-gaming-laptop/p/itm45fad0c290245","https://rukminim2.flixcart.com/image/312/312/xif0q/computer/i/7/r/-original-imahcd9cpf4s5wek.jpeg?q=70","1907"
"COMG69G2WFUNNHGU","Acer Aspire 5 Intel Core i5 11th Gen 1135G7 - (8 GB/1 TB HDD/Windows 10 Home) A514-54 Thin and Light L...","Acer","Intel Core i5 Processor (11th Gen)","8 GB DDR4 RAM","1 TB HDD","35.56 cm (14 inch) Display","nan","64 bit Windows 10 Operating System","1 Year International Travelers Warranty (ITW)","竄ｹ43,990","竄ｹ56,999","22","3.7","354","36","No","https://www.flipkart.com/acer-aspire-5-intel-core-i5-11th-gen-1135g7-8-gb-1-tb-hdd-windows-10-home-a514-54-thin-light-laptop/p/itm777776a330f4b","https://rukminim2.flixcart.com/image/312/312/krce64w0/computer/g/x/z/aspire-5-thin-and-light-laptop-acer-original-imag55gzykbb22cp.jpeg?q=70","1908"
"COMGYSFGMCP3EAPB","Acer Predator Helios 16 Intel Core i9 14th Gen 14900HX - (16 GB/1 TB SSD/Windows 11 Home/8 GB Graphics...","Acer","Intel Core i9 Processor (14th Gen)","16 GB DDR5 RAM","1 TB SSD","40.64 cm (16 Inch) Display","nan","Windows 11 Operating System","1 Year International Travelers Warranty (ITW)","竄ｹ1,69,990","竄ｹ1,99,999","15","4.3","12","0","Yes","https://www.flipkart.com/acer-predator-helios-16-intel-core-i9-14th-gen-14900hx-16-gb-1-tb-ssd-windows-11-home-8-gb-graphics-nvidia-geforce-rtx-4070-ph16-72-gaming-laptop/p/itm34f68c296ce65","https://rukminim2.flixcart.com/image/312/312/xif0q/computer/q/2/o/-original-imahcd9manua8ehj.jpeg?q=70","1909"
"COMH2TPS6EYHZMHF","Acer Aspire Lite with Backlit Keyboard, Intel Core i7 12th Gen 1255U - (16 GB/512 GB SSD/Windows 11 Ho...","Acer","Intel Core i7 Processor (12th Gen)","16 GB DDR4 RAM","512 GB SSD","39.62 cm (15.6 Inch) Display","nan","Windows 11 Operating System","1 Year Carry-in Warranty","竄ｹ54,900","竄ｹ79,990","31","4.3","76","6","No","https://www.flipkart.com/acer-aspire-lite-backlit-keyboard-intel-core-i7-12th-gen-1255u-16-gb-512-gb-ssd-windows-11-home-al15-52-thin-light-laptop/p/itm1bc0bcb4598e7","https://rukminim2.flixcart.com/image/312/312/xif0q/computer/u/p/m/-original-imah2pf2u98xefzx.jpeg?q=70","1910"
"COMH46GJEQWVC7GG","Acer Aspire 5 Backlit Intel Core i5 13th Gen 1335U - (16 GB/512 GB SSD/Windows 11 Home) A515-58M Thin ...","Acer","Intel Core i5 Processor (13th Gen)","16 GB LPDDR5 RAM","512 GB SSD","39.62 cm (15.6 Inch) Display","nan","Windows 11 Operating System","1 Year Carry-in Warranty","竄ｹ51,990","竄ｹ69,990","25","4","50","3","Yes","https://www.flipkart.com/acer-aspire-5-backlit-intel-core-i5-13th-gen-1335u-16-gb-512-gb-ssd-windows-11-home-a515-58m-thin-light-laptop/p/itm4285f066ed3a8","https://rukminim2.flixcart.com/image/312/312/xif0q/computer/3/h/z/-original-imahcd9npznsxtrv.jpeg?q=70","1911"
"COMGFHMJFHEDTDD4","Acer One 14 AMD Ryzen 3 Dual Core 3250U - (8 GB/256 GB SSD/Windows 11 Home) Z2-493 Thin and Light Lapt...","Acer","AMD Ryzen 3 Dual Core Processor","8 GB DDR4 RAM","256 GB SSD","35.56 cm (14 inch) Display","nan","64 bit Windows 11 Operating System","1 Year International Travelers Warranty (ITW)","竄ｹ26,550","竄ｹ38,990","31","4","674","68","No","https://www.flipkart.com/acer-one-14-amd-ryzen-3-dual-core-3250u-8-gb-256-gb-ssd-windows-11-home-z2-493-thin-light-laptop/p/itm283f44123aab0","https://rukminim2.flixcart.com/image/312/312/xif0q/computer/a/i/i/-original-imagzk3kfk6bktha.jpeg?q=70","1912"
"COMH6J6XQPYCFTEG","Acer Acer Aspire Lite AL15-53 Intel Core i3 13th Gen 1305U - (8 GB/512 GB SSD/Windows 11 Home) AL15-53...","Acer","Intel Core i3 Processor (13th Gen)","8 GB DDR4 RAM","512 GB SSD","39.62 cm (15.6 inch) Display","nan","Windows 11 Home Operating System","nan","竄ｹ31,200","竄ｹ50,990","38","3.2","5","0","No","https://www.flipkart.com/acer-aspire-lite-al15-53-intel-core-i3-13th-gen-1305u-8-gb-512-gb-ssd-windows-11-home-notebook/p/itma0128e7d1fb8d","https://rukminim2.flixcart.com/image/312/312/xif0q/computer/b/d/x/al15-53-notebook-acer-original-imah6j6xcggqzd5x.jpeg?q=70","1913"
"COMGMNCQZ8UWJ2SF","Acer Swift Go 14 AMD Ryzen 5 Hexa Core 7530U - (8 GB/512 GB SSD/Windows 11 Home) SFG14-41 Thin and Lig...","Acer","AMD Ryzen 5 Hexa Core Processor","8 GB LPDDR4X RAM","512 GB SSD","35.56 cm (14 Inch) Display","nan","64 bit Windows 11 Operating System","1 Year International Travelers Warranty","竄ｹ46,990","竄ｹ79,999","41","4.3","56","5","No","https://www.flipkart.com/acer-swift-go-14-amd-ryzen-5-hexa-core-7530u-8-gb-512-gb-ssd-windows-11-home-sfg14-41-thin-light-laptop/p/itm698632410518d","https://rukminim2.flixcart.com/image/312/312/xif0q/computer/b/s/l/-original-imagnc6mshhaawfc.jpeg?q=70","1914"
"COMGWKF2XK3S2P46","Acer Aspire Lite Intel Core i3 12th Gen 1215U - (16 GB/1 TB SSD/Windows 11 Home) AL15-52 Thin and Ligh...","Acer","Intel Core i3 Processor (12th Gen)","16 GB DDR4 RAM","1 TB SSD","39.62 cm (15.6 Inch) Display","nan","Windows 11 Operating System","1 Year Onsite Warranty","竄ｹ38,990","竄ｹ49,990","22","4.1","865","74","Yes","https://www.flipkart.com/acer-aspire-lite-intel-core-i3-12th-gen-1215u-16-gb-1-tb-ssd-windows-11-home-al15-52-thin-light-laptop/p/itm1bc0bcb4598e7","https://rukminim2.flixcart.com/image/312/312/xif0q/computer/u/p/m/-original-imah2pf2u98xefzx.jpeg?q=70","1915"
"COMFJHJSYMGXYYTX","Acer Aspire 3 Intel Pentium Quad Core N5000 - (4 GB/500 GB HDD/Windows 10 Home) A315-34-P7EG Laptop","Acer","Intel Pentium Quad Core Processor","4 GB DDR4 RAM","500 GB HDD","39.62 cm (15.6 inch) Display","nan","64 bit Windows 10 Operating System","1 Year International Travelers Warranty (ITW)","竄ｹ22,999","竄ｹ29,999","23","4.1","2065","318","No","https://www.flipkart.com/acer-aspire-3-intel-pentium-quad-core-n5000-4-gb-500-gb-hdd-windows-10-home-a315-34-p7eg-laptop/p/itm08912e87d9cf7","https://rukminim2.flixcart.com/image/312/312/k3xcdjk0pkrrdj/computer/b/j/y/acer-na-laptop-original-imafjqffcnbrtxy9.jpeg?q=70","1918"
"COMG6YYJSHACWKDA","Acer Travelmate Intel Core i5 11th Gen 1135G7 - (16 GB/1 TB HDD/256 GB SSD/Windows 11 Home) TravelMate...","Acer","Intel Core i5 Processor (11th Gen)","16 GB DDR4 RAM","1 TB HDD|256 GB SSD","35.56 cm (14 inch) Display","nan","64 bit Windows 11 Operating System","1 Year International Travelers Warranty (ITW)","竄ｹ48,990","竄ｹ88,990","44","4.4","37","2","No","https://www.flipkart.com/acer-travelmate-intel-core-i5-11th-gen-1135g7-16-gb-1-tb-hdd-256-gb-ssd-windows-11-home-p214-53-thin-light-laptop/p/itmbf3cfadd715a8","https://rukminim2.flixcart.com/image/312/312/xif0q/computer/b/b/a/tmp214-53-thin-and-light-laptop-acer-original-imah3zty5x8ytces.jpeg?q=70","1919"
"COMFR6AAQDDTPS4Z","Acer Predator Helios 300 Intel Core i7 10th Gen 10750H - (16 GB/1 TB HDD/256 GB SSD/Windows 10 Home/4 ...","Acer","Intel Core i7 Processor (10th Gen)","16 GB DDR4 RAM","1 TB HDD|256 GB SSD","39.62 cm (15.6 inch) Display","nan","64 bit Windows 10 Operating System","1 Year International Travelers Warranty (ITW)","竄ｹ66,990","竄ｹ1,16,990","42","4.7","624","116","No","https://www.flipkart.com/acer-predator-helios-300-intel-core-i7-10th-gen-10750h-16-gb-1-tb-hdd-256-gb-ssd-windows-10-home-4-graphics-nvidia-geforce-gtx-1650-ti-144-hz-ph315-53-72sd-gaming-laptop/p/itm6845649c9b8a9","https://rukminim2.flixcart.com/image/312/312/k9loccw0/computer/4/f/w/acer-na-gaming-laptop-original-imafrcpya8phvptc.jpeg?q=70","1922"
"COMH7NCZGUEHXDEN","Acer Aspire 3 Intel Core i3 13th Gen - (8 GB/256 GB SSD/Windows 11 Home) A324-53 Thin and Light Laptop","Acer","Intel Core i3 Processor (13th Gen)","8 GB DDR4 RAM","256 GB SSD","35.56 cm (14 inch) Display","nan","64 bit Windows 11 Home Operating System","1 Year Warranty","竄ｹ31,990","竄ｹ44,999","28","4.2","1763","149","Yes","https://www.flipkart.com/acer-aspire-3-intel-core-i3-13th-gen-8-gb-256-gb-ssd-windows-11-home-a324-53-thin-light-laptop/p/itm58dc5baf51a9f","https://rukminim2.flixcart.com/image/312/312/xif0q/computer/f/f/x/-original-imahcd99qffuxkmz.jpeg?q=70","1923"
"COMH28U4R3HMXFYR","Acer AMD Ryzen 7 Octa Core 8845HS - (16 GB/1 TB SSD/Windows 11 Home/8 GB Graphics/NVIDIA GeForce RTX 4...","Acer","AMD Ryzen 7 Octa Core Processor","16 GB DDR5 RAM","1 TB SSD","40.64 cm (16 Inch) Display","nan","Windows 11 Operating System","1 Year Carry-in Warranty","竄ｹ1,07,240","竄ｹ1,39,999","23","4.5","4","1","No","https://www.flipkart.com/acer-amd-ryzen-7-octa-core-8845hs-16-gb-1-tb-ssd-windows-11-home-8-gb-graphics-nvidia-geforce-rtx-4060-anv16-41-gaming-laptop/p/itm1f3e8d7b3a6f8","https://rukminim2.flixcart.com/image/312/312/xif0q/computer/x/r/x/-original-imahcd9zgfbckygf.jpeg?q=70","1924"
"COMGRHJUAHMRWTHH","Acer Aspire 7 Intel Core i5 12th Gen 12450H - (8 GB/512 GB SSD/Windows 11 Home/4 GB Graphics/NVIDIA Ge...","Acer","Intel Core i5 Processor (12th Gen)","8 GB DDR4 RAM","512 GB SSD","39.62 cm (15.6 Inch) Display","nan","Windows 11 Operating System","1 Year Onsite Warranty","竄ｹ43,999","竄ｹ83,999","47","4.2","3762","301","Yes","https://www.flipkart.com/acer-aspire-7-intel-core-i5-12th-gen-12450h-8-gb-512-gb-ssd-windows-11-home-4-graphics-nvidia-geforce-rtx-2050-a715-76g-59wg-gaming-laptop/p/itm45fad0c290245","https://rukminim2.flixcart.com/image/312/312/xif0q/computer/i/7/r/-original-imahcd9cpf4s5wek.jpeg?q=70","1925"
"COMGCRQZ22CJGEXB","Acer Aspire 5 Intel Core i3 12th Gen 1215U - (8 GB/512 GB SSD/Windows 11 Home) A515-57 Thin and Light ...","Acer","Intel Core i3 Processor (12th Gen)","8 GB DDR4 RAM","512 GB SSD","39.62 cm (15.6 Inch) Display","nan","64 bit Windows 11 Operating System","1 Year International Travelers Warranty (ITW)","竄ｹ35,000","竄ｹ55,990","37","4","44","6","No","https://www.flipkart.com/acer-aspire-5-intel-core-i3-12th-gen-1215u-8-gb-512-gb-ssd-windows-11-home-a515-57-thin-light-laptop/p/itmb167a1348fc85","https://rukminim2.flixcart.com/image/312/312/xif0q/computer/b/d/w/-original-imagzsctya67mjys.jpeg?q=70","1927"
"COMGHR2J9RX2GG2G","Acer Aspire 3 Intel Core i3 12th Gen - (8 GB/512 GB SSD/Windows 11 Home) A315-59 Thin and Light Laptop","Acer","Intel Core i3 Processor (12th Gen)","8 GB DDR4 RAM","512 GB SSD","39.62 cm (15.6 inch) Display","nan","64 bit Windows 11 Operating System","1 Year International Travelers Warranty (ITW)","竄ｹ31,390","竄ｹ48,999","35","4.2","848","82","No","https://www.flipkart.com/acer-aspire-3-intel-core-i3-12th-gen-8-gb-512-gb-ssd-windows-11-home-a315-59-thin-light-laptop/p/itm05f023c6da5dc","https://rukminim2.flixcart.com/image/312/312/xif0q/computer/q/t/2/-original-imahcd9pe5emjqkw.jpeg?q=70","1928"
"COMH397X5HZZ7GFT","Acer Aspire 3 Backlit AMD Ryzen 7 Octa Core 7730U - (16 GB/1 TB SSD/Windows 11 Home) A325-42 Thin and ...","Acer","AMD Ryzen 7 Octa Core Processor","16 GB DDR4 RAM","1 TB SSD","39.62 cm (15.6 Inch) Display","nan","Windows 11 Operating System","1 Year Carry-in Warranty","竄ｹ48,990","竄ｹ79,990","38","4","607","50","No","https://www.flipkart.com/acer-aspire-3-backlit-amd-ryzen-7-octa-core-7730u-16-gb-1-tb-ssd-windows-11-home-a325-42-thin-light-laptop/p/itmdaf15e01a1d1a","https://rukminim2.flixcart.com/image/312/312/xif0q/computer/c/a/e/-original-imahcd8gaexzeczq.jpeg?q=70","1929"
"COMGRWJR46SQNSQX","Acer Intel Core i3 11th Gen - (8 GB/512 GB SSD/Windows 11 Home) Aspire Lite AL15-51 Thin and Light Lap...","Acer","Intel Core i3 Processor (11th Gen)","8 GB DDR4 RAM","512 GB SSD","39.62 cm (15.6 inch) Display","nan","Windows 11 Operating System","nan","竄ｹ30,999","竄ｹ48,990","36","4.3","208","23","No","https://www.flipkart.com/acer-intel-core-i3-11th-gen-8-gb-512-gb-ssd-windows-11-home-aspire-lite-al15-51-thin-light-laptop/p/itm5101dc7b33b19","https://rukminim2.flixcart.com/image/312/312/xif0q/computer/r/k/g/aspire-lite-thin-and-light-laptop-acer-original-imagrwjryg4gbskf.jpeg?q=70","1930"
"COMH8QGJ4ZZGHANE","Acer Aspire 3 Intel Core i3 12th Gen 1215U - (8 GB/512 GB SSD/Windows 11 Home) A325-51 Thin and Light ...","Acer","Intel Core i3 Processor (12th Gen)","8 GB DDR4 RAM","512 GB SSD","39.62 cm (15.6 inch) Display","nan","64 bit Windows 11 Home Operating System","One-year Warranty","竄ｹ30,680","竄ｹ51,990","40","4.4","15","1","No","https://www.flipkart.com/acer-aspire-3-intel-core-i3-12th-gen-1215u-8-gb-512-gb-ssd-windows-11-home-a325-51-thin-light-laptop/p/itm05f023c6da5dc","https://rukminim2.flixcart.com/image/312/312/xif0q/computer/1/s/i/a325-51-thin-and-light-laptop-acer-original-imah8pycwewhxge2.jpeg?q=70","1931"
"COMGTG7YFSFDZHH9","Acer Aspire 3 Spin 14 Intel Core i3 13th Gen N305 - (8 GB/512 GB SSD/Windows 11 Home) A3SP14-31PT-3554...","Acer","Intel Core i3 Processor (13th Gen)","8 GB LPDDR5 RAM","512 GB SSD","35.56 cm (14 inch) Touchscreen Display","nan","Windows 11 Operating System","1 Year Onsite Warranty","竄ｹ44,990","竄ｹ55,999","19","4.2","102","7","Yes","https://www.flipkart.com/acer-aspire-3-spin-14-intel-core-i3-13th-gen-n305-8-gb-512-gb-ssd-windows-11-home-a3sp14-31pt-3554-thin-light-laptop/p/itm3adc9b4b7ed0d","https://rukminim2.flixcart.com/image/312/312/xif0q/computer/6/j/a/-original-imahcd99gumk6ag4.jpeg?q=70","1932"
"COMGYSFGUBASFDY6","Acer Predator Helios 16 Intel Core i9 14th Gen 14900HX - (32 GB/1 TB SSD/Windows 11 Home/12 GB Graphic...","Acer","Intel Core i9 Processor (14th Gen)","32 GB DDR5 RAM","1 TB SSD","40.64 cm (16 Inch) Display","nan","Windows 11 Operating System","1 Year International Travelers Warranty (ITW)","竄ｹ2,35,999","竄ｹ2,56,999","8","4.4","10","1","Yes","https://www.flipkart.com/acer-predator-helios-16-intel-core-i9-14th-gen-14900hx-32-gb-1-tb-ssd-windows-11-home-12-gb-graphics-nvidia-geforce-rtx-4080-ph16-72-gaming-laptop/p/itm34f68c296ce65","https://rukminim2.flixcart.com/image/312/312/xif0q/computer/q/2/o/-original-imahcd9manua8ehj.jpeg?q=70","1933"
"COMH3G96CZNHARJZ","Acer Aspire 7 Intel Core i5 13th Gen 13420H - (8 GB/512 GB SSD/Windows 11 Home/4 GB Graphics/NVIDIA Ge...","Acer","Intel Core i5 Processor (13th Gen)","8 GB DDR4 RAM","512 GB SSD","39.62 cm (15.6 Inch) Display","nan","Windows 11 Operating System","1 Year Onsite Warranty","竄ｹ52,990","竄ｹ79,999","33","4.3","2151","160","Yes","https://www.flipkart.com/acer-aspire-7-intel-core-i5-13th-gen-13420h-8-gb-512-gb-ssd-windows-11-home-4-graphics-nvidia-geforce-rtx-2050-a715-79g-gaming-laptop/p/itm8208102c97f99","https://rukminim2.flixcart.com/image/312/312/xif0q/computer/c/u/v/-original-imahcd9cqb2hnpus.jpeg?q=70","1934"
"COMEWGGDGQDDSGPD","Acer Predator Helios 300 Intel Core i5 7th Gen 7300HQ - (8 GB/1 TB HDD/128 GB SSD/Windows 10 Home/4 GB...","Acer","Intel Core i5 Processor (7th Gen)","Upgradable SSD Upto 512 GB and RAM Upto 32 GB","128 GB SSD for Reduc","39.62 cm (15.6 inch) Display","NVIDIA Geforce GTX 1050Ti for Desktop Level Performance","Pre-installed Genuine Windows 10 Operating System (Includes Built-in Security, Free Automated Updates, Latest Features)","1 Year International Travelers Warranty (ITW)","竄ｹ1,17,635","竄ｹ1,29,999","9","4.5","3219","688","Yes","https://www.flipkart.com/acer-predator-helios-300-intel-core-i5-7th-gen-7300hq-8-gb-1-tb-hdd-128-gb-ssd-windows-10-home-4-graphics-nvidia-geforce-gtx-1050ti-g3-572-gaming-laptop/p/itmf0a48209007e9","https://rukminim2.flixcart.com/image/312/312/j5ws0i80/computer/g/p/d/acer-na-notebook-original-imaewhwtbtzwe7ct.jpeg?q=70","1935"
"COMGP2YUH37Q8JFW","Acer One 11 Intel Celeron Dual Core N4500 - (8 GB/256 GB SSD/Windows 11 Home) Z8-284 Thin and Light La...","Acer","Intel Celeron Dual Core Processor","8 GB DDR4 RAM","256 GB SSD","29.46 cm (11.6 Inch) Display","nan","Windows 11 Operating System","1 Year Onsite Warranty","竄ｹ28,999","竄ｹ48,797","40","3.4","31","3","No","https://www.flipkart.com/acer-one-11-intel-celeron-dual-core-n4500-8-gb-256-gb-ssd-windows-home-z8-284-thin-light-laptop/p/itmb91d248191790","https://rukminim2.flixcart.com/image/312/312/xif0q/computer/y/j/p/-original-imahcd9n3fewuhuz.jpeg?q=70","1938"
"COMGVFZJ9QJJDECG","Acer Aspire 3 Intel Core i3 12th Gen 1215U - (8 GB/512 GB SSD/Windows 11 Home) Aspire 3 Laptop","Acer","Intel Core i3 Processor (12th Gen)","8 GB DDR5 RAM","512 GB SSD","39.62 cm (15.6 inch) Display","nan","Windows 11 Home Operating System","1 Year Warranty","竄ｹ31,576","竄ｹ39,990","21","4.2","27","0","No","https://www.flipkart.com/acer-aspire-3-intel-core-i3-12th-gen-1215u-8-gb-512-gb-ssd-windows-11-home-laptop/p/itm4fba41d753951","https://rukminim2.flixcart.com/image/312/312/xif0q/computer/u/u/b/al15-52-laptop-acer-original-imah2sekzmrgktm8.jpeg?q=70","1939"
"COMH6ZKTEGY5RFCE","Acer Swift 14 AI Intel Core Ultra 5 - (16 GB/512 GB SSD/Windows 11 Home) SF14-51 Thin and Light Laptop","Acer","Intel Core Ultra 5 Processor","16 GB LPDDR5X RAM","512 GB SSD","35.56 cm (14 Inch) Display","nan","Windows 11 Operating System","1 Year Carry-in Warranty","竄ｹ89,990","竄ｹ1,11,999","19",\N,"1","1","No","https://www.flipkart.com/acer-swift-14-ai-intel-core-ultra-5-16-gb-512-gb-ssd-windows-11-home-sf14-51-thin-light-laptop/p/itm9114b2f8323b6","https://rukminim2.flixcart.com/image/312/312/xif0q/computer/1/n/t/-original-imahcd9dfbqkgzjs.jpeg?q=70","1942"
"COMF2AJUVH9BQUJ7","Acer Swift 3 AMD Ryzen 5 Quad Core 2500U - (8 GB/1 TB HDD/Windows 10 Home) sf315-41 Laptop","Acer","AMD Ryzen 5 Quad Core Processor","8 GB DDR4 RAM","1 TB HDD","39.62 cm (15.6 inch) Display","nan","Pre-installed Genuine Windows 10 Operating System (Includes Built-in Security, Free Automated Updates, Latest Features)","1 Year International Travelers Warranty (ITW)","竄ｹ41,990","竄ｹ49,295","14","4.2","1719","385","No","https://www.flipkart.com/acer-swift-3-amd-ryzen-5-quad-core-2500u-8-gb-1-tb-hdd-windows-10-home-sf315-41-laptop/p/itm2dd601442f5f9","https://rukminim2.flixcart.com/image/312/312/jms25jk0/computer/u/j/7/acer-na-laptop-original-imaf9hu4rzy3wacu.jpeg?q=70","1943"
"COMG7J296MCNGNTZ","Acer Nitro 5 AMD Ryzen 7 Octa Core 5800H - (16 GB/1 TB HDD/256 GB SSD/Windows 10 Home/4 GB Graphics/NV...","Acer","AMD Ryzen 7 Octa Core Processor","16 GB DDR4 RAM","1 TB HDD|256 GB SSD","39.62 cm (15.6 inch) Display","nan","64 bit Windows 10 Operating System","1 Year International Travelers Warranty (ITW)","竄ｹ64,990","竄ｹ1,19,900","45","4.5","362","45","No","https://www.flipkart.com/acer-nitro-5-amd-ryzen-7-octa-core-5800h-16-gb-1-tb-hdd-256-gb-ssd-windows-10-home-4-graphics-nvidia-geforce-rtx-3050-ti-an515-45-an515-45-r3fb-gaming-laptop/p/itm50d3346d52119","https://rukminim2.flixcart.com/image/312/312/kshtxu80/computer/4/s/t/nitro-5-gaming-laptop-acer-original-imag6fvdgvjhqqbj.jpeg?q=70","1944"
"COMGXMY52EEXCJMN","Acer Aspire 5 15 Intel Core i3 13th Gen 1305U - (8 GB/512 GB SSD/Windows 11 Home) A515-58M Thin and Li...","Acer","Intel Core i3 Processor (13th Gen)","8 GB LPDDR5 RAM","512 GB SSD","39.62 cm (15.6 inch) Display","nan","Windows 11 Operating System","1 Year International Travelers Warranty (ITW)","竄ｹ39,990","竄ｹ50,990","21","4","17","1","Yes","https://www.flipkart.com/acer-aspire-5-15-intel-core-i3-13th-gen-1305u-8-gb-512-gb-ssd-windows-11-home-a515-58m-thin-light-laptop/p/itm4285f066ed3a8","https://rukminim2.flixcart.com/image/312/312/xif0q/computer/u/w/m/-original-imahcd9c2ruzgxv9.jpeg?q=70","1945"
"COMGYF5CKSHEFANQ","Acer Intel Core i3 12th Gen - (8 GB/512 GB SSD/Windows 11 Home) A3SP14-31PT 2 in 1 Laptop","Acer","Intel Core i3 Processor (12th Gen)","8 GB DDR5 RAM","512 GB SSD","35.56 cm (14 inch) Touchscreen Display","nan","Windows 11 Home Operating System","1 year Warranty","竄ｹ42,250","竄ｹ48,900","13",\N,\N,\N,"No","https://www.flipkart.com/acer-intel-core-i3-12th-gen-8-gb-512-gb-ssd-windows-11-home-a3sp14-31pt-2-1-laptop/p/itmab115103af85c","https://rukminim2.flixcart.com/image/312/312/xif0q/computer/w/k/k/aspire-3-spin-14-2-in-1-laptop-acer-original-imagyf5cyecfe5zp.jpeg?q=70","1948"
"COMH2TPSGDSYQYMH","Acer Aspire Lite with Backlit Keyboard, Intel Core i7 12th Gen 1255U - (16 GB/1 TB SSD/Windows 11 Home...","Acer","Intel Core i7 Processor (12th Gen)","16 GB DDR4 RAM","1 TB SSD","39.62 cm (15.6 Inch) Display","nan","Windows 11 Operating System","1 Year Carry-in Warranty","竄ｹ51,990","竄ｹ76,990","32","4.3","76","6","Yes","https://www.flipkart.com/acer-aspire-lite-backlit-keyboard-intel-core-i7-12th-gen-1255u-16-gb-1-tb-ssd-windows-11-home-al15-52-thin-light-laptop/p/itm1bc0bcb4598e7","https://rukminim2.flixcart.com/image/312/312/xif0q/computer/u/p/m/-original-imah2pf2u98xefzx.jpeg?q=70","1949"
"COMGCRQZ9EXVDBHY","Acer Aspire 3 Intel Core i5 11th Gen 1135G7 - (8 GB/512 GB SSD/Windows 11 Home) A315-58 Thin and Light...","Acer","Intel Core i5 Processor (11th Gen)","8 GB DDR4 RAM","512 GB SSD","39.62 cm (15.6 Inch) Display","nan","64 bit Windows 11 Operating System","1 Year International Travelers Warranty (ITW)","竄ｹ43,500","竄ｹ59,999","27","4.1","265","28","No","https://www.flipkart.com/acer-aspire-3-intel-core-i5-11th-gen-1135g7-8-gb-512-gb-ssd-windows-11-home-a315-58-thin-light-laptop/p/itm80b045ba82859","https://rukminim2.flixcart.com/image/312/312/xif0q/computer/f/n/e/-original-imahcd9mnmrkwyfk.jpeg?q=70","1951"
"COMGW4KZMP9JAYYB","Acer Chromebook Intel Celeron Dual Core N4500 - (4 GB/64 GB EMMC Storage/Chrome OS) C734-C2ED Chromebo...","Acer","Intel Celeron Dual Core Processor","4 GB LPDDR4X RAM","nan","29.46 cm (11.6 inch) Display","nan","Chrome Operating System","1 Year Onsite Warranty","竄ｹ17,990","竄ｹ28,999","37","4.1","20","3","Yes","https://www.flipkart.com/acer-chromebook-intel-celeron-dual-core-n4500-4-gb-64-gb-emmc-storage-chrome-os-c734-c2ed/p/itm5a3f31997518d","https://rukminim2.flixcart.com/image/312/312/xif0q/computer/h/4/z/-original-imagwbgfhgf5g7rf.jpeg?q=70","1952"
"COMGHR2J6FPYX8CB","Acer Aspire 3 Intel Core i5 12th Gen 1235U - (8 GB/512 GB SSD/Windows 11 Home) A315-59-50CP Thin and L...","Acer","Intel Core i5 Processor (12th Gen)","8 GB DDR4 RAM","512 GB SSD","39.62 cm (15.6 inch) Display","nan","64 bit Windows 11 Operating System","1 Year International Travelers Warranty (ITW)","竄ｹ39,790","竄ｹ59,990","33","4.1","809","60","No","https://www.flipkart.com/acer-aspire-3-intel-core-i5-12th-gen-1235u-8-gb-512-gb-ssd-windows-11-home-a315-59-50cp-thin-light-laptop/p/itm9722f660b9fc6","https://rukminim2.flixcart.com/image/312/312/xif0q/computer/n/y/5/-original-imahcd9je49eszjb.jpeg?q=70","1953"
"COMFHZ4Y5YQZMGPF","Acer Aspire 3 Intel Pentium Gold 4417U - (4 GB/1 TB HDD/Windows 10 Home) A315-53-P3UE Laptop","Acer","Intel Pentium Gold Processor","4 GB DDR4 RAM","1 TB HDD","39.62 cm (15.6 inch) Display","nan","64 bit Windows 10 Operating System","1 Year International Travelers Warranty (ITW)","竄ｹ26,749","竄ｹ27,999","4","4.1","638","103","No","https://www.flipkart.com/acer-aspire-3-intel-pentium-gold-4417u-4-gb-1-tb-hdd-windows-10-home-a315-53-p3ue-laptop/p/itmf9db431367a4c","https://rukminim2.flixcart.com/image/312/312/k3xcdjk0pkrrdj/computer/z/f/w/acer-na-laptop-original-imafgga47qrmftww.jpeg?q=70","1954"
"COMGTQ543NRKJ7ZN","Acer Intel Core i5 11th Gen - (16 GB/512 GB SSD/Windows 11 Home) AL15-51 Laptop","Acer","Intel Core i5 Processor (11th Gen)","16 GB DDR4 RAM","512 GB SSD","39.62 cm (15.6 inch) Display","nan","Windows 11 Operating System","nan","竄ｹ45,990","竄ｹ59,990","23","4.1","58","3","Yes","https://www.flipkart.com/acer-intel-core-i5-11th-gen-16-gb-512-gb-ssd-windows-11-home-al15-51-laptop/p/itm130746bcc0e38","https://rukminim2.flixcart.com/image/312/312/xif0q/computer/4/v/i/aspire-lite-laptop-acer-original-imagtq54ahaaazkx.jpeg?q=70","1955"
"COMGZS9GYMHMGDT6","Acer Predator Neo Intel Core i7 13th Gen 13700HX - (16 GB/1 TB SSD/Windows 11 Home/6 GB Graphics/NVIDI...","Acer","Intel Core i7 Processor (13th Gen)","16 GB DDR5 RAM","1 TB SSD","40.64 cm (16 Inch) Display","nan","Windows 11 Operating System","1 Year International Travelers Warranty (ITW)","竄ｹ94,990","竄ｹ1,44,999","34","4.4","1302","110","Yes","https://www.flipkart.com/acer-predator-neo-intel-core-i7-13th-gen-13700hx-16-gb-1-tb-ssd-windows-11-home-6-gb-graphics-nvidia-geforce-rtx-4050-phn16-71-757p-gaming-laptop/p/itm4295aa0d4297e","https://rukminim2.flixcart.com/image/312/312/xif0q/computer/m/z/c/-original-imahcd9cex9mbznp.jpeg?q=70","1956"
"COMFVFHYMWQETZZ8","Acer Chromebook Intel Celeron Dual Core N4000 - (4 GB/16 GB EMMC Storage/Chrome OS) C733 Chromebook","Acer","Intel Celeron Dual Core Processor","4 GB DDR4 RAM","nan","29.46 cm (11.6 inch) Display","nan","Chrome Operating System","1 Year International Travelers Warranty (ITW)","竄ｹ21,999","竄ｹ27,000","18","3.6","77","7","No","https://www.flipkart.com/acer-chromebook-intel-celeron-dual-core-n4000-4-gb-16-gb-emmc-storage-chrome-os-c733/p/itma08cefc3c697b","https://rukminim2.flixcart.com/image/312/312/xif0q/computer/q/n/z/na-chromebook-acer-original-imah3zuzuawxxydj.jpeg?q=70","1957"
"COMH2TPSA8VD24VJ","Acer ALG Intel Core i5 12th Gen 12450H - (16 GB/512 GB SSD/Windows 11 Home/4 GB Graphics/NVIDIA GeForc...","Acer","Intel Core i5 Processor (12th Gen)","16 GB DDR4 RAM","512 GB SSD","39.62 cm (15.6 Inch) Display","nan","Windows 11 Operating System","1 Year Onsite Warranty","竄ｹ57,900","竄ｹ79,999","27","4.5","59","5","Yes","https://www.flipkart.com/acer-alg-intel-core-i5-12th-gen-12450h-16-gb-512-gb-ssd-windows-11-home-4-graphics-nvidia-geforce-rtx-2050-al15g-52-gaming-laptop/p/itm49baa92c8edd3","https://rukminim2.flixcart.com/image/312/312/xif0q/computer/r/4/v/-original-imah3yhqjyyzuz5n.jpeg?q=70","1958"
"COMGP8QVRG93QUQC","Acer Aspire 5 15 Intel Core i5 13th Gen 1335U - (16 GB/512 GB SSD/Windows 11 Home) A515-58M-56E0 Thin ...","Acer","Intel Core i5 Processor (13th Gen)","16 GB LPDDR5 RAM","512 GB SSD","39.62 cm (15.6 Inch) Display","nan","Windows 11 Operating System","1 Year Onsite Warranty","竄ｹ51,990","竄ｹ69,990","25","4.4","41","3","Yes","https://www.flipkart.com/acer-aspire-5-15-intel-core-i5-13th-gen-1335u-16-gb-512-gb-ssd-windows-11-home-a515-58m-56e0-thin-light-laptop/p/itm4285f066ed3a8","https://rukminim2.flixcart.com/image/312/312/xif0q/computer/w/t/v/-original-imagqbudyzfmtqqw.jpeg?q=70","1959"
"COMGYSFGH8NBUWFH","Acer Predator Helios Neo 16 Intel Core i9 14th Gen 14900HX - (16 GB/1 TB SSD/Windows 11 Home/8 GB Grap...","Acer","Intel Core i9 Processor (14th Gen)","16 GB DDR5 RAM","1 TB SSD","40.64 cm (16 Inch) Display","nan","Windows 11 Operating System","1 Year International Travelers Warranty (ITW)","竄ｹ1,76,990","竄ｹ1,83,999","3","4.4","29","1","No","https://www.flipkart.com/acer-predator-helios-neo-16-intel-core-i9-14th-gen-14900hx-16-gb-1-tb-ssd-windows-11-home-8-gb-graphics-nvidia-geforce-rtx-4070-phn16-72-gaming-laptop/p/itm6246505d578b7","https://rukminim2.flixcart.com/image/312/312/xif0q/computer/z/x/o/-original-imahcd9prcfszfyf.jpeg?q=70","1962"
"COMGQY4ZGHDXR2ZU","Acer Nitro 16 AMD Ryzen 7 Octa Core 7840HS - (16 GB/512 GB SSD/Windows 11 Home/8 GB Graphics/NVIDIA Ge...","Acer","AMD Ryzen 7 Octa Core Processor","16 GB DDR5 RAM","512 GB SSD","40.64 cm (16 Inch) Display","nan","Windows 11 Operating System","1 Year Onsite Warranty","竄ｹ1,22,004","竄ｹ1,48,999","18","4.1","7","1","No","https://www.flipkart.com/acer-nitro-16-amd-ryzen-7-octa-core-7840hs-16-gb-512-gb-ssd-windows-11-home-8-graphics-nvidia-geforce-rtx-4060-an16-41-gaming-laptop/p/itm9fa0632fab065","https://rukminim2.flixcart.com/image/312/312/xif0q/laptop-display/z/v/r/8-6789-smartdesk-sma-smartdeskrtdesk-original-imagt4w5ejhgcyyc.jpeg?q=70","1963"
"COMGZS9G8GX9YSRH","Acer Predator Neo Intel Core i5 13th Gen 13500HX - (16 GB/512 GB SSD/Windows 11 Home/6 GB Graphics/NVI...","Acer","Intel Core i5 Processor (13th Gen)","16 GB DDR5 RAM","512 GB SSD","40.64 cm (16 Inch) Display","nan","Windows 11 Operating System","1 Year International Travelers Warranty (ITW)","竄ｹ99,990","竄ｹ1,29,999","23","4.4","762","77","Yes","https://www.flipkart.com/acer-predator-neo-intel-core-i5-13th-gen-13500hx-16-gb-512-gb-ssd-windows-11-home-6-graphics-nvidia-geforce-rtx-4050-phn16-71-59xw-phn16-71-553k-phn-16-71-gaming-laptop/p/itm4295aa0d4297e","https://rukminim2.flixcart.com/image/312/312/xif0q/computer/w/w/4/-original-imahcd9hgf38j5kf.jpeg?q=70","1964"
"COMGR9HYHV3BW2J9","Acer Nitro 5 Intel Core i5 12th Gen 12450H - (8 GB/512 GB SSD/Windows 11 Home/4 GB Graphics/NVIDIA GeF...","Acer","Intel Core i5 Processor (12th Gen)","8 GB DDR4 RAM","512 GB SSD","39.62 cm (15.6 inch) Display","nan","64 bit Windows 11 Operating System","1 Year International Travelers Warranty (ITW)","竄ｹ57,990","竄ｹ96,999","40","4.4","737","74","No","https://www.flipkart.com/acer-nitro-5-intel-core-i5-12th-gen-12450h-8-gb-512-gb-ssd-windows-11-home-4-graphics-nvidia-geforce-rtx-3050-an515-58-59jp-gaming-laptop/p/itm6b6fadc1c8219","https://rukminim2.flixcart.com/image/312/312/xif0q/computer/4/m/3/-original-imahcd9nwhsqthag.jpeg?q=70","1965"
"COMFHKKHKPRRG3ZZ","Acer Swift 5 Intel Core i5 8th Gen 8250U - (8 GB/512 GB SSD/Windows 10 Home) SF514-52T -59JY Thin and ...","Acer","Intel Core i5 Processor (8th Gen)","8 GB DDR3 RAM","512 GB SSD","35.56 cm (14 inch) Display","nan","64 bit Windows 10 Operating System","1 Year International Travelers Warranty (ITW)","竄ｹ61,999","竄ｹ87,999","29","4.4","8","4","No","https://www.flipkart.com/acer-swift-5-intel-core-i5-8th-gen-8250u-8-gb-512-gb-ssd-windows-10-home-sf514-52t-59jy-thin-light-laptop/p/itm2e3016a06c1bc","https://rukminim2.flixcart.com/image/312/312/jzrb53k0pkrrdj/computer/t/z/e/acer-na-thin-and-light-laptop-original-imafhnvk5ussrgta.jpeg?q=70","1966"
"COMGS7E7DFZTDW6B","Acer Intel Core i5 11th Gen - (8 GB/512 GB SSD/Windows 11 Home) AL15-51 Laptop","Acer","Intel Core i5 Processor (11th Gen)","8 GB DDR4 RAM","512 GB SSD","39.62 cm (15.6 inch) Display","nan","Windows 11 Operating System","nan","竄ｹ44,540","竄ｹ54,988","19","4.2","91","7","No","https://www.flipkart.com/acer-intel-core-i5-11th-gen-8-gb-512-gb-ssd-windows-11-home-al15-51-laptop/p/itm5101dc7b33b19","https://rukminim2.flixcart.com/image/312/312/xif0q/computer/r/k/g/aspire-lite-thin-and-light-laptop-acer-original-imagrwjryg4gbskf.jpeg?q=70","1967"
"COMG2HCTU4CAZWD9","Acer Nitro 5 AMD Ryzen 7 Octa Core AMD R7-5800H - (16 GB/1 TB HDD/256 GB SSD/Windows 11 Home/6 GB Grap...","Acer","AMD Ryzen 7 Octa Core Processor","16 GB DDR4 RAM","1 TB HDD|256 GB SSD","39.62 cm (15.6 inch) Display","nan","64 bit Windows 11 Home Operating System","1 Year International Travelers Warranty","竄ｹ78,990","竄ｹ1,19,990","34","4.4","533","71","No","https://www.flipkart.com/acer-nitro-5-amd-ryzen-7-octa-core-r7-5800h-16-gb-1-tb-hdd-256-gb-ssd-windows-11-home-6-graphics-nvidia-geforce-rtx-3060-144-hz-an515-45-an515-45-r2gl-gaming-laptop/p/itm5dfe2f652c536","https://rukminim2.flixcart.com/image/312/312/xif0q/computer/z/y/l/-original-imahcd9nuwh42g65.jpeg?q=70","1968"
"COMHBXQ7HTXUFT4R","Acer Intel Core i3 13th Gen - (8 GB/512 GB SSD/Windows 11 Home) Aspire 3 Laptop","Acer","Intel Core i3 Processor (13th Gen)","8 GB DDR4 RAM","512 GB SSD","39.62 cm (15.6 inch) Display","nan","Windows 11 Home Operating System","1 Year Warranty","竄ｹ32,990","竄ｹ39,990","17",\N,\N,\N,"Yes","https://www.flipkart.com/acer-intel-core-i3-13th-gen-8-gb-512-gb-ssd-windows-11-home-aspire-3-laptop/p/itm36ec2de96cda7","https://rukminim2.flixcart.com/image/312/312/xif0q/computer/y/h/j/aspire-3-laptop-acer-original-imahbxq7ececvh6h.jpeg?q=70","1969"
"COMGG3YCJRSNFBFF","Acer AMD Ryzen 5 Hexa Core 6600H - (8 GB/1 TB SSD/Windows 11 Home/4 GB Graphics/NVIDIA GeForce RTX 305...","Acer","AMD Ryzen 5 Hexa Core Processor","8 GB DDR5 RAM","1 TB SSD","39.62 cm (15.6 Inch) Display","nan","64 bit Windows 11 Operating System","1 Year International Travelers Warranty (ITW)","竄ｹ63,990","竄ｹ1,22,999","47","5","3","0","No","https://www.flipkart.com/acer-amd-ryzen-5-hexa-core-6600h-8-gb-1-tb-ssd-windows-11-home-4-gb-graphics-nvidia-geforce-rtx-3050-an515-46-gaming-laptop/p/itm6d7fd8ed59d11","https://rukminim2.flixcart.com/image/312/312/xif0q/computer/c/w/4/-original-imahcd9qzjsdhfjb.jpeg?q=70","1970"
"COMGYEYDHAR3GGEE","Acer Nitro V Intel Core i7 13th Gen 13620H - (16 GB/512 GB SSD/Windows 11 Home/6 GB Graphics/NVIDIA Ge...","Acer","Intel Core i7 Processor (13th Gen)","16 GB DDR5 RAM","512 GB SSD","39.62 cm (15.6 Inch) Display","nan","Windows 11 Operating System","1 Year Carry-in Warranty","竄ｹ89,990","竄ｹ1,15,999","22","5","9","3","Yes","https://www.flipkart.com/acer-nitro-v-intel-core-i7-13th-gen-13620h-16-gb-512-gb-ssd-windows-11-home-6-graphics-nvidia-geforce-rtx-4050-anv15-51-727e-anv15-51-578g-gaming-laptop/p/itm771bcbdbde25c","https://rukminim2.flixcart.com/image/312/312/xif0q/computer/q/o/e/-original-imahbznadnf7vswe.jpeg?q=70","1971"
"COMHBYH3ZQMZKTSA","Acer Aspire AMD Ryzen 5 Hexa Core 7430U - (16 GB/1 TB SSD/Windows 11 Home) AS15-42 Thin and Light Lapt...","Acer","AMD Ryzen 5 Hexa Core Processor","16 GB DDR4 RAM","1 TB SSD","39.62 cm (15.6 Inch) Display","nan","64 bit Windows 11 Home Operating System","1 Year Warranty","竄ｹ39,990","竄ｹ54,990","27","4.1","1650","215","No","https://www.flipkart.com/acer-aspire-amd-ryzen-5-hexa-core-7430u-16-gb-1-tb-ssd-windows-11-home-as15-42-thin-light-laptop/p/itm6b3261e51baf5","https://rukminim2.flixcart.com/image/312/312/xif0q/computer/s/b/n/aspire-thin-and-light-laptop-acer-original-imahc56whmfgauzg.jpeg?q=70","1972"
"COMHCGUHFZQJJ7SK","Acer Aspire 3 (2025) Intel Core i3 13th Gen 1305U - (16 GB/512 GB SSD/Windows 11 Home) Aspire 3 A325-5...","Acer","Intel Core i3 Processor (13th Gen)","16 GB DDR4 RAM","512 GB SSD","39.62 cm (15.6 inch) Display","nan","64 bit Windows 11 Home Operating System","3 Years Onsite Warranty","竄ｹ35,990","竄ｹ83,499","56",\N,\N,\N,"No","https://www.flipkart.com/acer-aspire-3-2025-intel-core-i3-13th-gen-1305u-16-gb-512-gb-ssd-windows-11-home-a325-53-thin-light-laptop/p/itm07bdcd1870dd6","https://rukminim2.flixcart.com/image/312/312/xif0q/computer/d/8/e/a325-53-thin-and-light-laptop-acer-original-imahcguhhvqhvegg.jpeg?q=70","1973"
"COMGZS9GHNQCJC26","Acer Predator Neo Intel Core i7 13th Gen 13700HX - (16 GB/1 TB SSD/Windows 11 Home/8 GB Graphics/NVIDI...","Acer","Intel Core i7 Processor (13th Gen)","16 GB DDR5 RAM","1 TB SSD","40.64 cm (16 Inch) Display","nan","Windows 11 Operating System","1 Year International Travelers Warranty (ITW)","竄ｹ1,34,000","竄ｹ1,61,665","17","4.5","257","29","No","https://www.flipkart.com/acer-predator-neo-intel-core-i7-13th-gen-13700hx-16-gb-1-tb-ssd-windows-11-home-8-gb-graphics-nvidia-geforce-rtx-4060-phn16-71-78r1-gaming-laptop/p/itm4295aa0d4297e","https://rukminim2.flixcart.com/image/312/312/xif0q/computer/m/z/c/-original-imahcd9cex9mbznp.jpeg?q=70","1974"
"COMH4B6CEFXJ5UXU","Acer Aspire 3 Intel Core i5 13th Gen 1334U - (16 GB/1 TB SSD/Windows 11 Home) A324-53 Thin and Light L...","Acer","Intel Core i5 Processor (13th Gen)","16 GB DDR4 RAM","1 TB SSD","35.56 cm (14 Inch) Display","nan","Windows 11 Operating System","1 Year Carry-in Warranty","竄ｹ50,990","竄ｹ69,999","27","4.3","252","23","Yes","https://www.flipkart.com/acer-aspire-3-intel-core-i5-13th-gen-1334u-16-gb-1-tb-ssd-windows-11-home-a324-53-thin-light-laptop/p/itm707770fddc7e9","https://rukminim2.flixcart.com/image/312/312/xif0q/computer/f/f/x/-original-imahcd99qffuxkmz.jpeg?q=70","1975"
"COMGUHTACKG4UWSZ","Acer Nitro V Intel Core i5 13th Gen 13420H - (16 GB/512 GB SSD/Windows 11 Home/6 GB Graphics/NVIDIA Ge...","Acer","Intel Core i5 Processor (13th Gen)","16 GB DDR5 RAM","512 GB SSD","39.62 cm (15.6 Inch) Display","nan","64 bit Windows 11 Operating System","1 Year International Travelers Warranty (ITW)","竄ｹ69,990","竄ｹ92,999","24","4.2","38","3","Yes","https://www.flipkart.com/acer-nitro-v-intel-core-i5-13th-gen-13420h-16-gb-512-gb-ssd-windows-11-home-6-graphics-nvidia-geforce-rtx-3050-anv15-51-gaming-laptop/p/itm771bcbdbde25c","https://rukminim2.flixcart.com/image/312/312/xif0q/computer/q/g/z/-original-imahcyp7n3yyvxyr.jpeg?q=70","1976"
"COMGFSNUCWABN3Z9","Acer Aspire 5 Gaming Intel Core i5 12th Gen 1240P - (16 GB/512 GB SSD/Windows 11 Home/4 GB Graphics/NV...","Acer","Intel Core i5 Processor (12th Gen)","16 GB DDR4 RAM","512 GB SSD","39.62 cm (15.6 inch) Display","nan","64 bit Windows 11 Operating System","1 Year International Travelers Warranty (ITW)","竄ｹ61,990","竄ｹ89,990","31","4.1","67","6","No","https://www.flipkart.com/acer-aspire-5-gaming-intel-core-i5-12th-gen-1240p-16-gb-512-gb-ssd-windows-11-home-4-graphics-nvidia-geforce-rtx-2050-a515-57g-laptop/p/itmc94e7cd480aba","https://rukminim2.flixcart.com/image/312/312/xif0q/computer/i/q/k/-original-imagr922hmx4hkzk.jpeg?q=70","1977"
"COMGP8QVZG4VGXSC","Acer Aspire Vero Intel Core i5 13th Gen 1335U - (16 GB/512 GB SSD/Windows 11 Home) AV14-52P-59SX Thin ...","Acer","Intel Core i5 Processor (13th Gen)","16 GB LPDDR4X RAM","512 GB SSD","35.56 cm (14 Inch) Display","nan","Windows 11 Operating System","1 Year Onsite Warranty","竄ｹ52,990","竄ｹ71,999","26","4.3","20","3","No","https://www.flipkart.com/acer-aspire-vero-intel-core-i5-13th-gen-1335u-16-gb-512-gb-ssd-windows-11-home-av14-52p-59sx-thin-light-laptop/p/itm07ddf05804ac0","https://rukminim2.flixcart.com/image/312/312/xif0q/computer/e/2/g/-original-imagq9kdgnrza4hv.jpeg?q=70","1978"
"COMH4KYW6DPJ3Z3N","Acer Nitro V Intel Core i5 14th Gen 14450HX - (16 GB/512 GB SSD/Windows 11 Home/6 GB Graphics/NVIDIA G...","Acer","Intel Core i5 Processor (14th Gen)","16 GB DDR5 RAM","512 GB SSD","40.64 cm (16 inch) Display","nan","Windows 11 Operating System","1 Year Carry-in Warranty","竄ｹ84,990","竄ｹ1,23,999","31",\N,\N,\N,"No","https://www.flipkart.com/acer-nitro-v-intel-core-i5-14th-gen-14450hx-16-gb-512-gb-ssd-windows-11-home-6-graphics-nvidia-geforce-rtx-4050-anv16-71-gaming-laptop/p/itmef5fd92ee923d","https://rukminim2.flixcart.com/image/312/312/xif0q/computer/g/n/l/-original-imahcttd3zeh84zg.jpeg?q=70","1979"
"COMHBYS7PH6N5AFU","Acer Intel Core 5 14th Gen - (16 GB/512 GB SSD/Windows 11 Home) NX.KS7SI.001 Laptop","Acer","Intel Core 5 Processor (14th Gen)","16 GB DDR4 RAM","512 GB SSD","39.62 cm (15.6 inch) Display","nan","Windows 11 Home Operating System","1 Year Warranty","竄ｹ56,400","竄ｹ59,400","5",\N,\N,\N,"No","https://www.flipkart.com/acer-intel-core-5-14th-gen-16-gb-512-gb-ssd-windows-11-home-nx-ks7si-001-laptop/p/itm427f811b0acc0","https://rukminim2.flixcart.com/image/312/312/xif0q/computer/x/t/o/aspire-15-laptop-acer-original-imahbys7gdahfz9e.jpeg?q=70","1980"
"COMH3BHHCPGATMZK","Acer Aspire 15 Metal Body Intel Core 5 120U - (16 GB/512 GB SSD/Windows 11 Home) A15-51M Notebook","Acer","Intel Core 5 Processor","16 GB LPDDR5 RAM","512 GB SSD","39.62 cm (15.6 Inch) Display","nan","Windows 11 Home Operating System","1 Year Carry-in Warranty","竄ｹ45,990","竄ｹ74,999","38",\N,\N,\N,"No","https://www.flipkart.com/acer-aspire-15-metal-body-intel-core-5-120u-16-gb-512-gb-ssd-windows-11-home-a15-51m-notebook/p/itmd244370fb8b97","https://rukminim2.flixcart.com/image/312/312/xif0q/computer/6/1/v/-original-imah4rw9qqz7xjth.jpeg?q=70","1981"
"COMHBVDFNA3A6FQS","Acer Professional Intel Core i5 13th Gen 1334U Turbo Boost with 3 year Warranty - (16 GB/512 GB SSD/Wi...","Acer","Intel Core i5 Processor (13th Gen)","16 GB DDR4 RAM","512 GB SSD","39.62 cm (15.6 inch) Display","nan","64 bit Windows 11 Operating System","nan","竄ｹ58,890","竄ｹ73,999","20",\N,\N,\N,"No","https://www.flipkart.com/acer-professional-intel-core-i5-13th-gen-1334u-turbo-boost-3-year-warranty-16-gb-512-gb-ssd-windows-11-pro-travellite-tl15-53m-thin-light-laptop/p/itm622c5c53c0387","https://rukminim2.flixcart.com/image/312/312/xif0q/computer/3/t/k/travellite-tl15-53m-thin-and-light-laptop-acer-original-imahbvdfhg4zgmr6.jpeg?q=70","1982"
"COMGMVCPWYURCYZA","Acer Nitro 5 AMD Ryzen 7 Octa Core 7735HS - (8 GB/512 GB SSD/Windows 11 Home/4 GB Graphics/NVIDIA GeFo...","Acer","AMD Ryzen 7 Octa Core Processor","8 GB DDR5 RAM","512 GB SSD","39.62 cm (15.6 Inch) Display","nan","64 bit Windows 11 Operating System","1 Year International Travelers Warranty","竄ｹ68,990","竄ｹ1,05,999","34","4.2","46","5","No","https://www.flipkart.com/acer-nitro-5-amd-ryzen-7-octa-core-7735hs-8-gb-512-gb-ssd-windows-11-home-4-graphics-nvidia-geforce-rtx-3050-an515-47-gaming-laptop/p/itm6b6fadc1c8219","https://rukminim2.flixcart.com/image/312/312/xif0q/computer/8/l/5/-original-imagnp5haybgpvfs.jpeg?q=70","1983"
"COMFRH6ZF2DASZMU","Acer Aspire 3 AMD Athlon Dual Core 3050U - (4 GB/1 TB HDD/Windows 10 Home) A315-23-R5E9 Laptop","Acer","AMD Athlon Dual Core Processor","4 GB DDR4 RAM","1 TB HDD","39.62 cm (15.6 Inch) Display","nan","64 bit Windows 10 Operating System","1 Year International Travelers Warranty","竄ｹ23,800","竄ｹ34,298","30","4","409","62","No","https://www.flipkart.com/acer-aspire-3-amd-athlon-dual-core-3050u-4-gb-1-tb-hdd-windows-10-home-a315-23-r5e9-laptop/p/itm45174eb5828a2","https://rukminim2.flixcart.com/image/312/312/k9re3rk0/computer/z/m/u/acer-original-imafrhdaywnzkuxc.jpeg?q=70","1985"
"COMF5NVPQAZDMZFB","Acer Predator Helios 300 Intel Core i5 8th Gen 8300H - (8 GB/1 TB HDD/128 GB SSD/Windows 10 Home/4 GB ...","Acer","Intel Core i5 Processor (8th Gen)","8 GB DDR4 RAM","128 GB SSD Capacity ","39.62 cm (15.6 inch) Display","NVIDIA Geforce GTX 1050 Ti for Desktop Level Performance","64 bit Windows 10 Operating System","1 Year International Travelers Warranty (ITW)","竄ｹ74,590","竄ｹ99,999","25","4.6","13085","1763","Yes","https://www.flipkart.com/acer-predator-helios-300-intel-core-i5-8th-gen-8300h-8-gb-1-tb-hdd-128-gb-ssd-windows-10-home-4-graphics-nvidia-geforce-gtx-1050ti-ph315-51-ph315-51-51v7-ph315-51-55xx-gaming-laptop/p/itm38217ebef9b8b","https://rukminim2.flixcart.com/image/312/312/jmwch3k0/computer/z/f/b/acer-na-gaming-laptop-original-imaf9ph3zd7b4b2s.jpeg?q=70","1989"
"COMG6VZPUZZWVGMB","Acer AMD Dual Core A3020e - (4 GB/256 GB SSD/Windows 10 Home) EX215-22 Laptop","Acer","AMD Dual Core Processor","4 GB DDR4 RAM","256 GB SSD","39.62 cm (15.6 inch) Display","nan","64 bit Windows 10 Operating System","1 Year International Travelers Warranty (ITW)","竄ｹ22,490","竄ｹ32,990","31","4.1","813","107","No","https://www.flipkart.com/acer-amd-dual-core-a3020e-4-gb-256-gb-ssd-windows-10-home-ex215-22-laptop/p/itm1f8ce8e10fbab","https://rukminim2.flixcart.com/image/312/312/ktop5e80/computer/r/g/f/extensa-15-laptop-acer-original-imag6zenfhttpkvb.jpeg?q=70","1990"
"COMG5ZEZ8W9XJVRN","Acer Predator Helios 300 Intel Core i7 11th Gen 11800H - (16 GB/1 TB HDD/512 GB SSD/Windows 10 Home/6 ...","Acer","Intel Core i7 Processor (11th Gen)","16 GB DDR4 RAM","1 TB HDD|512 GB SSD","39.62 cm (15.6 inch) Display","nan","Windows 10 Operating System","1 Year International Travelers Warranty (ITW)","竄ｹ1,17,990","竄ｹ1,40,990","16","4.4","492","73","No","https://www.flipkart.com/acer-predator-helios-300-intel-core-i7-11th-gen-11800h-16-gb-1-tb-hdd-512-gb-ssd-windows-10-home-6-graphics-nvidia-geforce-rtx-3060-165-hz-ph315-54-gaming-laptop/p/itm43b35e2981046","https://rukminim2.flixcart.com/image/312/312/ksgehzk0/computer/r/c/k/predator-helios-300-gaming-laptop-acer-original-imag6yjdmwdrksyn.jpeg?q=70","1991"
"COMGBNUHTWZKVHNF","Acer Aspire 3 Intel Core i3 11th Gen 1115G4 - (8 GB/512 GB SSD/Windows 11 Home) A315-58 Notebook","Acer","Intel Core i3 Processor (11th Gen)","8 GB DDR4 RAM","512 GB SSD","39.62 cm (15.6 Inch) Display","nan","64 bit Windows 11 Operating System","1 Year International Travelers Warranty (ITW)","竄ｹ31,576","竄ｹ49,999","36","4.2","52","2","No","https://www.flipkart.com/acer-aspire-3-intel-core-i3-11th-gen-1115g4-8-gb-512-gb-ssd-windows-11-home-a315-58-notebook/p/itmfb68f6edc3dd9","https://rukminim2.flixcart.com/image/312/312/l5h2xe80/screen-guard/screen-guard/t/u/j/acer-aspire-3-intel-core-i3-15-6-inch-inch-screen-guards-original-imagg4zyxxuwqfhv.jpeg?q=70","1992"
"COMHCFGWJAVFTUBH","Acer Professional 14 AMD Ryzen 7 Octa Core 7th Gen 7730U Turbo Boost with 3 Year Warranty - (32 GB/1 T...","Acer","AMD Ryzen 7 Octa Core Processor (7th Gen)","32 GB DDR4 RAM","1 TB SSD","35.56 cm (14 inch) Display","nan","64 bit Windows 11 Operating System","nan","竄ｹ64,990","竄ｹ99,990","35",\N,\N,\N,"No","https://www.flipkart.com/acer-professional-14-amd-ryzen-7-octa-core-7th-gen-7730u-turbo-boost-3-year-warranty-32-gb-1-tb-ssd-windows-11-pro-tl14-42m-notebook/p/itm8bbe2feb65a2c","https://rukminim2.flixcart.com/image/312/312/xif0q/computer/q/n/b/travellite-notebook-acer-original-imahcfgwfvzydhaq.jpeg?q=70","1995"
"COMGGYEBSGX9SEBG","Acer Extensa 15 Intel Core i5 11th Gen 1135G7 - (8 GB/512 GB SSD/Windows 11 Home) EX 215-54-583M Thin ...","Acer","Intel Core i5 Processor (11th Gen)","8 GB DDR4 RAM","512 GB SSD","39.62 cm (15.6 Inch) Display","nan","64 bit Windows 11 Operating System","1 Year International Travelers Warranty (ITW)","竄ｹ39,999","竄ｹ60,999","34","4","391","29","No","https://www.flipkart.com/acer-extensa-15-intel-core-i5-11th-gen-1135g7-8-gb-512-gb-ssd-windows-11-home-ex-215-54-583m-thin-light-laptop/p/itmb56a6a6028189","https://rukminim2.flixcart.com/image/312/312/xif0q/computer/t/w/j/-original-imahcd9ccg696fhf.jpeg?q=70","1997"
"COMFCFWGQPXKUHXS","Acer Aspire 3 AMD Ryzen 5 Quad Core 2500U - (4 GB/1 TB HDD/Windows 10 Home) A315-41 / A315-41G / A315-...","Acer","AMD Ryzen 5 Quad Core Processor","4 GB DDR4 RAM","1 TB HDD","39.62 cm (15.6 inch) Display","nan","64 bit Windows 10 Operating System","1 Year International Travelers Warranty (ITW)","竄ｹ32,990","竄ｹ43,105","23","3.7","490","118","No","https://www.flipkart.com/acer-aspire-3-amd-ryzen-5-quad-core-2500u-4-gb-1-tb-hdd-windows-10-home-a315-41-a315-41g-a315-41-r45r-laptop/p/itm2dd601442f5f9","https://rukminim2.flixcart.com/image/312/312/jsoyrgw0/computer/h/x/s/acer-na-laptop-original-imafe7przgxryphg.jpeg?q=70","1999"
"COMHBYUNJMUBKJEJ","Acer AMD Ryzen 7 Hexa Core 7th Gen - (16 GB/1 TB SSD/Windows 11 Home) UN.31ZSI.010 Laptop","Acer","AMD Ryzen 7 Hexa Core Processor (7th Gen)","16 GB DDR4 RAM","1 TB SSD","39.62 cm (15.6 inch) Display","nan","Windows 11 Home Operating System","1 year Warranty","竄ｹ49,000","竄ｹ65,000","24",\N,\N,\N,"No","https://www.flipkart.com/acer-amd-ryzen-7-hexa-core-7th-gen-16-gb-1-tb-ssd-windows-11-home-un-31zsi-010-laptop/p/itm7374281394956","https://rukminim2.flixcart.com/image/312/312/xif0q/computer/s/t/w/-original-imagvkpfeggfh9gg.jpeg?q=70","2000"
"COMEZZBCEGB6PZFM","Acer Nitro 5 Intel Core i5 7th Gen 7300HQ - (8 GB/1 TB HDD/Windows 10 Home/2 GB Graphics/NVIDIA GeForc...","Acer","Intel Core i5 Processor (7th Gen)","8 GB DDR4 RAM","1 TB HDD","39.62 cm (15.6 inch) Display","NVIDIA Geforce GTX 1050 for Desktop Level Performance","Pre-installed Genuine Windows 10 Operating System (Includes Built-in Security, Free Automated Updates, Latest Features)","1 Year International Travelers Warranty (ITW)","竄ｹ53,999","竄ｹ60,407","10","4.4","853","187","No","https://www.flipkart.com/acer-nitro-5-intel-core-i5-7th-gen-7300hq-8-gb-1-tb-hdd-windows-10-home-2-gb-graphics-nvidia-geforce-gtx-1050-an515-51-gaming-laptop/p/itm6a4c7ba80f67e","https://rukminim2.flixcart.com/image/312/312/ja1dt3k0/computer/4/u/a/acer-na-gaming-laptop-original-imaezpfhuhjxgdwp.jpeg?q=70","2002"
"COMFZX8YTTNPUBAR","Acer Nitro 5 AMD Ryzen 5 Quad Core 3550H - (8 GB/1 TB HDD/Windows 10 Home/4 GB Graphics/NVIDIA GeForce...","Acer","AMD Ryzen 5 Quad Core Processor","8 GB DDR4 RAM","1 TB HDD","39.62 cm (15.6 inch) Display","nan","64 bit Windows 10 Operating System","1 Year International Travelers Warranty (ITW)","竄ｹ61,753","竄ｹ64,999","4","4.3","1101","191","Yes","https://www.flipkart.com/acer-nitro-5-amd-ryzen-quad-core-3550h-8-gb-1-tb-hdd-windows-10-home-4-gb-graphics-nvidia-geforce-gtx-1650-an515-43-r3ju-gaming-laptop/p/itm98a23dcdd297d","https://rukminim2.flixcart.com/image/312/312/k7285u80/computer/x/w/m/acer-original-imafpdyeeyndtnn3.jpeg?q=70","2004"
"COMH4ZHUSYWRH2KJ","Acer Extensa 15 Intel Core i3 11th Gen 1115G4 - (8 GB/512 GB SSD/Windows 11 Home) EX215-54 Thin and Li...","Acer","Intel Core i3 Processor (11th Gen)","8 GB DDR4 RAM","512 GB SSD","39.62 cm (15.6 Inch) Display","nan","64 bit Windows 11 Home Operating System","1 Year International Travelers Warranty (ITW)","竄ｹ30,999","竄ｹ44,999","31",\N,\N,\N,"No","https://www.flipkart.com/acer-extensa-15-intel-core-i3-11th-gen-1115g4-8-gb-512-gb-ssd-windows-11-home-ex215-54-thin-light-laptop/p/itmb56a6a6028189","https://rukminim2.flixcart.com/image/312/312/xif0q/computer/w/9/f/extensa-ex215-54-thin-and-light-laptop-acer-original-imah5y4b6nd6fvgq.jpeg?q=70","2008"
"COMFDVFHT7XEYXYG","Acer Swift 3 Intel Core i5 8th Gen 8250U - (8 GB + 16 GB Optane/1 TB HDD/Windows 10 Home/2 GB Graphics...","Acer","Intel Core i5 Processor (8th Gen)","8 GB DDR4 RAM","1 TB HDD","39.62 cm (15.6 inch) Display","nan","64 bit Windows 10 Operating System","1 Year International Travelers Warranty (ITW)","竄ｹ65,999","竄ｹ73,199","9","3.9","25","6","Yes","https://www.flipkart.com/acer-swift-3-intel-core-i5-8th-gen-8250u-8-gb-16-optane-1-tb-hdd-windows-10-home-2-graphics-sf315-52g-laptop/p/itmecdda6036870a","https://rukminim2.flixcart.com/image/312/312/k6fd47k0pkrrdj/computer/t/4/h/acer-na-laptop-original-imafeggczxhxwsmt.jpeg?q=70","2009"
"COMGZVDP2FG3HNKY","Acer Swift Go 14 AMD Ryzen 5 Hexa Core 7530U - (16 GB/512 GB SSD/Windows 11 Home) SFG14-41 Thin and Li...","Acer","AMD Ryzen 5 Hexa Core Processor","16 GB LPDDR4X RAM","512 GB SSD","35.56 cm (14 Inch) Display","nan","Windows 11 Operating System","1 Year International Travelers Warranty (ITW)","竄ｹ52,999","竄ｹ83,999","36","4","6","1","Yes","https://www.flipkart.com/acer-swift-go-14-amd-ryzen-5-hexa-core-7530u-16-gb-512-gb-ssd-windows-11-home-sfg14-41-thin-light-laptop/p/itm6ec1eef6c1b58","https://rukminim2.flixcart.com/image/312/312/xif0q/computer/p/i/d/-original-imahcd9pvkwxyh8w.jpeg?q=70","2012"
"COMGD34ZGBQ5G5GS","Acer Swift X Intel Core i5 11th Gen 11320H - (16 GB/512 GB SSD/Windows 11 Home/4 GB Graphics) SFX16-51...","Acer","Intel Core i5 Processor (11th Gen)","16 GB LPDDR4X RAM","512 GB SSD","40.89 cm (16.1 inch) Display","nan","64 bit Windows 11 Operating System","1 Year International Travelers Warranty (ITW)","竄ｹ98,999","竄ｹ1,09,999","10",\N,\N,\N,"No","https://www.flipkart.com/acer-swift-x-intel-core-i5-11th-gen-11320h-16-gb-512-gb-ssd-windows-11-home-4-graphics-sfx16-51g-laptop/p/itmb0bd905d211b8","https://rukminim2.flixcart.com/image/312/312/xif0q/computer/b/8/f/-original-imahcd9zpupbfv6w.jpeg?q=70","2014"
"COMGHQYYHWHEJGWJ","Acer Swift X Intel Core i7 11th Gen 11390H - (16 GB/1 TB SSD/Windows 11 Home/4 GB Graphics/NVIDIA GeFo...","Acer","Intel Core i7 Processor (11th Gen)","16 GB LPDDR4X RAM","1 TB SSD","40.89 cm (16.1 Inch) Display","nan","Windows 11 Operating System","1 Year Onsite Warranty","竄ｹ90,999","竄ｹ1,34,999","32",\N,\N,\N,"No","https://www.flipkart.com/acer-swift-x-intel-core-i7-11th-gen-11390h-16-gb-1-tb-ssd-windows-11-home-4-gb-graphics-nvidia-geforce-rtx-3050ti-sfx16-51g-76dm-gaming-laptop/p/itm7852d25179d11","https://rukminim2.flixcart.com/image/312/312/xif0q/computer/4/3/u/-original-imahcd9kpkp2dhqb.jpeg?q=70","2015"
"COMFNACXBRGGR8YC","Acer ConceptD 5 Intel Core i5 8th Gen 8305G - (8 GB/512 GB SSD/Windows 10 Home/4 GB Graphics) CN515-51...","Acer","Intel Core i5 Processor (8th Gen)","8 GB DDR4 RAM","512 GB SSD","39.62 cm (15.6 inch) Display","nan","64 bit Windows 10 Operating System","1 Year International Travelers Warranty (ITW)","竄ｹ89,999","竄ｹ1,19,999","25",\N,\N,\N,"No","https://www.flipkart.com/acer-conceptd-5-intel-core-i5-8th-gen-8305g-8-gb-512-gb-ssd-windows-10-home-4-graphics-cn515-51-thin-light-laptop/p/itm432e0b111ceb2","https://rukminim2.flixcart.com/image/312/312/kctf0cw0/computer/8/y/c/acer-na-original-imaftv3q6yjs3wtm.jpeg?q=70","2022"
"COMH4KYWVN6HG3EU","Acer Predator Helios Neo 14 AI PC Intel Core Ultra 7 155H - (16 GB/1 TB SSD/Windows 11 Home/6 GB Graph...","Acer","Intel Core Ultra 7 Processor","16 GB LPDDR5X RAM","1 TB SSD","36.83 cm (14.5 inch) Display","nan","Windows 11 Operating System","1 Year Carry-in Warranty","竄ｹ1,39,990","竄ｹ1,61,999","13",\N,\N,\N,"No","https://www.flipkart.com/acer-predator-helios-neo-14-ai-pc-intel-core-ultra-7-155h-16-gb-1-tb-ssd-windows-11-home-6-gb-graphics-nvidia-geforce-rtx-4050-phn14-51-gaming-laptop/p/itm58591f005936b","https://rukminim2.flixcart.com/image/312/312/xif0q/computer/j/7/1/-original-imahcd99szzfster.jpeg?q=70","2025"
"COMH2D392ARXG8FR","Acer Aspire 3D 15 SpatialLabs Edition Intel Core i5 13th Gen 13420H - (16 GB/512 GB SSD/Windows 11 Hom...","Acer","Intel Core i5 Processor (13th Gen)","16 GB DDR5 RAM","512 GB SSD","39.62 cm (15.6 Inch) Display","nan","Windows 11 Operating System","1 Year Carry-in Warranty","竄ｹ1,49,990","竄ｹ1,50,999",\N,\N,\N,\N,"No","https://www.flipkart.com/acer-aspire-3d-15-spatiallabs-intel-core-i5-13th-gen-13420h-16-gb-512-gb-ssd-windows-11-home-4-graphics-nvidia-geforce-rtx-2050-a3d15-71gm-gaming-laptop/p/itm4dd8ce8dcf5b5","https://rukminim2.flixcart.com/image/312/312/xif0q/computer/u/j/5/-original-imahcd9pnjyqkr7g.jpeg?q=70","2027"
"COMEZZBCGGCXAEMH","Acer Predator Helios 300 Intel Core i5 7th Gen 7300HQ - (16 GB/1 TB HDD/128 GB SSD/Windows 10 Home/6 G...","Acer","Intel Core i5 Processor (7th Gen)","16 GB DDR4 RAM","128 GB SSD for Reduc","39.62 cm (15.6 inch) Display","NVIDIA Geforce GTX 1060 for Desktop Level Performance","Pre-installed Genuine Windows 10 Operating System (Includes Built-in Security, Free Automated Updates, Latest Features)","1 Year International Travelers Warranty (ITW)","竄ｹ98,999","竄ｹ1,09,990","9","4.6","227","50","Yes","https://www.flipkart.com/acer-predator-helios-300-intel-core-i5-7th-gen-7300hq-16-gb-1-tb-hdd-128-gb-ssd-windows-10-home-6-graphics-nvidia-geforce-gtx-1060-g3-572-gaming-laptop/p/itme6e3e1c3bee46","https://rukminim2.flixcart.com/image/312/312/ja1dt3k0/computer/e/m/h/acer-na-gaming-laptop-original-imaezpfgbmhk32d6.jpeg?q=70","2028"
"COMEQBGDGHYZAX4G","Acer Spin 7 Intel Core i7 7th Gen 7Y75 - (8 GB/256 GB SSD/Windows 10 Home) SP714-51 Laptop","Acer","Intel Core i7 Processor (7th Gen)","8 GB DDR3 RAM","256 GB SSD","35.56 cm (14 inch) Touchscreen Display","nan","Pre-installed Genuine Windows 10 Operating System (Includes Built-in Security, Free Automated Updates, Latest Features)","1 Year International Travelers Warranty (ITW)","竄ｹ1,07,999","竄ｹ1,24,900","13","4","1","1","No","https://www.flipkart.com/acer-spin-7-intel-core-i7-7th-gen-7y75-8-gb-256-gb-ssd-windows-10-home-sp714-51-laptop/p/itm18f87b02f08d4","https://rukminim2.flixcart.com/image/312/312/xif0q/computer/t/u/p/-original-imagtu9uvvybqte3.jpeg?q=70","2030"
"COMH2D39A3DZXKCD","Acer Aspire 3D 15 SpatialLabs Edition Intel Core i7 13th Gen 13620H - (16 GB/1 TB SSD/Windows 11 Home/...","Acer","Intel Core i7 Processor (13th Gen)","16 GB DDR5 RAM","1 TB SSD","39.62 cm (15.6 Inch) Display","nan","Windows 11 Operating System","1 Year Carry-in Warranty","竄ｹ1,74,990","竄ｹ2,06,999","15",\N,\N,\N,"No","https://www.flipkart.com/acer-aspire-3d-15-spatiallabs-intel-core-i7-13th-gen-13620h-16-gb-1-tb-ssd-windows-11-home-6-gb-graphics-nvidia-geforce-rtx-4050-a3d15-71gm-gaming-laptop/p/itm4dd8ce8dcf5b5","https://rukminim2.flixcart.com/image/312/312/xif0q/computer/b/l/c/-original-imahbznawcabf3jr.jpeg?q=70","2031"
"COMF8YNYQUHM29MH","Acer Swift 5 Intel Core i5 8th Gen 8250U - (8 GB/256 GB SSD/Windows 10 Home) SF514-52T Thin and Light ...","Acer","Intel Core i5 Processor (8th Gen)","8 GB DDR3 RAM","256 GB SSD","35.56 cm (14 inch) Touchscreen Display","nan","64 bit Windows 10 Operating System","1 Year International Travelers Warranty (ITW)","竄ｹ73,999","竄ｹ82,799","10","4","15","3","No","https://www.flipkart.com/acer-swift-5-intel-core-i5-8th-gen-8250u-8-gb-256-gb-ssd-windows-10-home-sf514-52t-thin-light-laptop/p/itmb0399b3398293","https://rukminim2.flixcart.com/image/312/312/k3xcdjk0pkrrdj/computer/d/t/b/acer-na-thin-and-light-laptop-original-imafn2vgzdtykznz.jpeg?q=70","2032"
"LSDF6Y6ADEGQ3BN3","imbue Aces 1 Digital quality vinyl Laptop Decal 15.6","imbue","nan","nan","nan","nan","nan","nan","nan","竄ｹ263","竄ｹ499","47",\N,\N,\N,"No","https://www.flipkart.com/imbue-aces-1-digital-quality-vinyl-laptop-decal-15-6/p/itmf6y6aau6rbwjw","https://rukminim2.flixcart.com/image/312/312/jjd6aa80/laptop-skin-decal/b/n/3/aces-1-imbue-15-6-original-imaf6w49wpg2m8ay.jpeg?q=70","2033"
"ACCGR97F9MJ6G5XW","Acer NMW810 Wired Optical  Gaming Mouse","Acer","nan","nan","nan","nan","nan","nan","nan","竄ｹ1,999","竄ｹ3,999","50","4.3","10","2","Yes","https://www.flipkart.com/acer-nmw810-wired-optical-gaming-mouse/p/itmf1e454d4c078e","https://rukminim2.flixcart.com/image/312/312/xif0q/mouse/d/i/z/nmw810-acer-original-imagrgtctp3zzzzd.jpeg?q=70","2034"
"COMHFTFYMQW7WYWE","Acer Swift Go 14 OLED EVO Intel Core i7 13th Gen 13700H - (16 GB/1 TB SSD/Windows 11 Home) SFG14-71-70...","Acer","Intel Core i7 Processor (13th Gen)","16 GB LPDDR5 RAM","1 TB SSD","35.56 cm (14 inch) Display","nan","64 bit Windows 11 Home Operating System","1 Year Warranty","竄ｹ69,990","竄ｹ1,10,999","36","4.3","775","74","Yes","https://www.flipkart.com/acer-swift-go-14-oled-evo-intel-core-i7-13th-gen-13700h-16-gb-1-tb-ssd-windows-11-home-sfg14-71-70bg-thin-light-laptop/p/itma3d69bbbac84c","https://rukminim2.flixcart.com/image/312/312/xif0q/computer/v/0/4/-original-imahcd9jevy5exjj.jpeg?q=70","2037"
"ACCH32U4NEQZFEKY","Acer Wireless Mouse Wireless Optical Mouse","Acer","nan","nan","nan","nan","nan","nan","nan","竄ｹ799","竄ｹ1,499","46","4.8","8","0","No","https://www.flipkart.com/acer-wireless-mouse-optical/p/itm71980e7ffd6ac","https://rukminim2.flixcart.com/image/312/312/xif0q/mouse/9/n/g/wireless-mouse-acer-original-imah32u37csya77s.jpeg?q=70","2038"
"ACCFF2ZBCCEVQUMQ","SellZone Acer Aspire 5742G Internal Laptop-size Laptop Keyboard Compatible with Desktop, Laptop, Mac","SellZone","nan","nan","nan","nan","nan","nan","1 Year Seller Warranty","竄ｹ1,849","竄ｹ1,999","7","3.7","3","0","No","https://www.flipkart.com/sellzone-acer-aspire-5742g-internal-laptop-size-laptop-keyboard-compatible-desktop-laptop-mac/p/itmff2wh5ab6aagf","https://rukminim2.flixcart.com/image/312/312/jtsz3bk0/keyboard/laptop-keyboard/u/m/q/sellzone-acer-aspire-5742g-original-imaff2wmjxedeuf2.jpeg?q=70","2041"
"ACCG8W5BGZGCJGZR","SellZone Laptop Keyboard For Acer Aspire 5742 6410 Internal Laptop-size Laptop Keyboard","SellZone","nan","nan","nan","nan","nan","nan","1 Year Seller Warranty","竄ｹ1,849","竄ｹ2,999","38",\N,\N,\N,"No","https://www.flipkart.com/sellzone-laptop-keyboard-acer-aspire-5742-6410-internal-laptop-size/p/itm72d7c6dc5b817","https://rukminim2.flixcart.com/image/312/312/kw5ag7k0/keyboard/laptop-keyboard/h/i/r/laptop-keyboard-for-acer-aspire-5742-6410-sellzone-original-imag8w5bkhr45gvv.jpeg?q=70","2042"
"KRYGCF93ZHT9UAQN","WISTAR for ACER Aspire ONE 722 D722 721 NSK-AQK1D Series Laptop Keyboard Replacement Key","WISTAR","nan","nan","nan","nan","nan","nan","nan","竄ｹ1,305","竄ｹ1,499","12",\N,\N,\N,"Yes","https://www.flipkart.com/wistar-acer-aspire-one-722-d722-721-nsk-aqk1d-series-laptop-keyboard-replacement-key/p/itm9ee6cf4b751d3","https://rukminim2.flixcart.com/image/312/312/l071d3k0/keyboard-replacement-key/x/t/5/1-for-acer-aspire-one-722-d722-721-nsk-aqk1d-series-wistar-original-imagcf93kjen8gw7.jpeg?q=70","2043"
"KRYG8XFV9CRDSWQK","SellZone Laptop Keyboard For Acer Aspire 7741G 354G32MIKK Laptop Keyboard Replacement Key","SellZone","nan","nan","nan","nan","nan","nan","nan","竄ｹ2,138","竄ｹ2,139",\N,\N,\N,\N,"No","https://www.flipkart.com/sellzone-laptop-keyboard-acer-aspire-7741g-354g32mikk-replacement-key/p/itmeba4a827c2f5c","https://rukminim2.flixcart.com/image/312/312/kw6pw280/keyboard/laptop-keyboard/x/q/v/laptop-keyboard-for-acer-aspire-7741g-354g32mikk-sellzone-original-imag8wzn7ugjy237.jpeg?q=70","2046"
"ACCFF2ZBRHFZNQBZ","SellZone Acer Aspire 7551G P324G32MNKK Internal Laptop-size Laptop Keyboard Compatible with Desktop, L...","SellZone","nan","nan","nan","nan","nan","nan","1 Year Seller Warranty","竄ｹ1,849","竄ｹ1,999","7",\N,\N,\N,"No","https://www.flipkart.com/sellzone-acer-aspire-7551g-p324g32mnkk-internal-laptop-size-laptop-keyboard-compatible-desktop-laptop-mac/p/itm72d7c6dc5b817","https://rukminim2.flixcart.com/image/312/312/jtvtz0w0/keyboard/laptop-keyboard/q/b/z/sellzone-acer-aspire-7551g-p324g32mnkk-original-imaff47uypjtjcmg.jpeg?q=70","2049"
"IHDGFFS8ZPHBP7HZ","Acer SA100 480 GB Laptop Green, White SATA Internal Solid State Drive (SSD) (SA100)","Acer","nan","nan","Type: SSD","nan","nan","nan","nan","竄ｹ4,113","竄ｹ7,500","45","4.7","3","0","Yes","https://www.flipkart.com/acer-sa100-480-gb-laptop-green-white-sata-internal-solid-state-drive-ssd-sa100/p/itm46d9fe59eec7d","https://rukminim2.flixcart.com/image/312/312/knexksw0/internal-hard-drive/f/r/o/sa100-acer-original-imag23jx8fjazyu2.jpeg?q=70","2050"
"ACCGQTJJCW5UFXSX","SellZone Laptop Keyboard for Acer Aspire 5738-6488 Laptop Internal Laptop-size Laptop Keyboard Compati...","SellZone","nan","nan","nan","nan","nan","nan","1 Year Seller Warranty","竄ｹ1,539","竄ｹ1,999","23",\N,\N,\N,"No","https://www.flipkart.com/sellzone-laptop-keyboard-acer-aspire-5738-6488-internal-laptop-size-compatible-desktop-laptop-mac/p/itmb99c6f154ae8b","https://rukminim2.flixcart.com/image/312/312/xif0q/keyboard/laptop-keyboard/v/o/3/laptop-keyboard-for-acer-aspire-5738-6488-laptop-sellzone-original-imagqtjjfqy6j3kf.jpeg?q=70","2051"
"KRYG6BRGWVUNHYZD","WISTAR for Acer Aspire 4210 4220 4520 4710 4720 4920 5220 5310 5520 5710 5720 5235 5910 5920 5930 6920...","WISTAR","nan","nan","nan","nan","nan","nan","nan","竄ｹ884","竄ｹ1,999","55",\N,\N,\N,"Yes","https://www.flipkart.com/wistar-acer-aspire-4210-4220-4520-4710-4720-4920-5220-5310-5520-5710-5720-5235-5910-5920-5930-6920-nsk-h371d-9j-n5982-71d-pk130470100-mp-07a23u4-6981-nsk-aka1d-black-laptop-keyboard-replacement-key/p/itmb475634584701","https://rukminim2.flixcart.com/image/312/312/ksuowi80/keyboard-replacement-key/o/r/5/1-for-acer-aspire-4210-4220-4520-4710-4720-4920-5220-5310-5520-original-imag6brggfkzrnjh.jpeg?q=70","2052"
"KRYGMHAPGHZTMCZZ","SellZone Acer Aspire 4736 4740G 4738 4738G Laptop Keyboard Replacement Key","SellZone","nan","nan","nan","nan","nan","nan","nan","竄ｹ1,498","竄ｹ1,999","25",\N,\N,\N,"No","https://www.flipkart.com/sellzone-acer-aspire-4736-4740g-4738-4738g-laptop-keyboard-replacement-key/p/itmb3d6112560c8a","https://rukminim2.flixcart.com/image/312/312/kyyqpow0/keyboard/laptop-keyboard/2/u/5/laptop-keyboard-replacement-for-acer-aspire-4736-4740g-4738-original-imagb2u7wgsbcpch.jpeg?q=70","2055"
"ACCFYGAWABBBGYDJ","SellZone Replacement Keyboard For Acer Aspire 4755 / 4830T / V3-472G / 4840G / 3830G Internal Laptop-s...","SellZone","nan","nan","nan","nan","nan","nan","6 Months Seller Warranty","竄ｹ1,250","竄ｹ1,299","3","3.8","4","0","No","https://www.flipkart.com/sellzone-replacement-keyboard-acer-aspire-4755-4830t-v3-472g-4840g-3830g-internal-laptop-size-laptop-compatible-desktop-laptop-mac/p/itmfyj6azewjqhy8","https://rukminim2.flixcart.com/image/312/312/jb3yp3k0/keyboard/laptop-keyboard/y/d/j/sellzone-replacement-keyboard-for-acer-aspire-4755-4830t-v3-472g-original-imafyj6azg4zwct6.jpeg?q=70","2058"
"ACCGQTJKQUMGZ7DY","SellZone Laptop Keyboard for Acer Aspire 5749 Laptop Internal Laptop-size Laptop Keyboard","SellZone","nan","nan","nan","nan","nan","nan","1 Year Seller Warranty","竄ｹ1,539","竄ｹ1,999","23",\N,\N,\N,"No","https://www.flipkart.com/sellzone-laptop-keyboard-acer-aspire-5749-internal-laptop-size/p/itmf9a16da2349db","https://rukminim2.flixcart.com/image/312/312/xif0q/keyboard/laptop-keyboard/k/k/s/laptop-keyboard-for-acer-aspire-7736-7736g-7736z-us-layout-original-imagqtjkhyfbstqt.jpeg?q=70","2059"
"ACCG8WZNRGDD73T2","SellZone Laptop Keyboard For Acer Aspire 5738 6993 Internal Laptop-size Laptop Keyboard","SellZone","nan","nan","nan","nan","nan","nan","1 Year Seller Warranty","竄ｹ1,849","竄ｹ2,999","38",\N,\N,\N,"No","https://www.flipkart.com/sellzone-laptop-keyboard-acer-aspire-5738-6993-internal-laptop-size/p/itmff2wh5ab6aagf","https://rukminim2.flixcart.com/image/312/312/kw6pw280/keyboard/laptop-keyboard/a/b/v/laptop-keyboard-for-acer-aspire-5738-6993-sellzone-original-imag8wzn8m4354aa.jpeg?q=70","2060"
"KRYGXYFSAUCHUHHQ","WEFLY Laptop Keyboard for Acer 3810t 4736 4738 4739 4740 4741 4743 4745 4749 4750 4752 Laptop Keyboard...","WEFLY","nan","nan","nan","nan","nan","nan","nan","竄ｹ573","竄ｹ1,999","71","3.3","3","0","No","https://www.flipkart.com/wefly-laptop-keyboard-acer-3810t-4736-4738-4739-4740-4741-4743-4745-4749-4750-4752-replacement-key/p/itm52d111b074130","https://rukminim2.flixcart.com/image/312/312/xif0q/keyboard-replacement-key/c/p/x/1-laptop-keyboard-for-acer-3810t-4736-4738-4739-4740-4741-4743-original-imagxyfs9xfpzgyh.jpeg?q=70","2061"
"ACCGYMWFWHKBZNDX","Zoku Protection Nano Glass for Acer Aspire 3 Intel Core i5-1035G115.6 Inch Laptop (.1.407)","Zoku","nan","nan","nan","nan","nan","nan","nan","竄ｹ442","竄ｹ1,499","70",\N,\N,\N,"No","https://www.flipkart.com/zoku-protection-nano-glass-acer-aspire-3-intel-core-i5-1035g115-6-inch-laptop-1-407/p/itm2558ae658023f","https://rukminim2.flixcart.com/image/312/312/xif0q/screen-guard/nano-glass/7/0/6/acer-aspire-3-intel-core-i5-1035g115-6-inch-laptop-1-407-hooka-original-imagymvygwbxknsh.jpeg?q=70","2066"
"ACCEZVH6JQPB3BKS","Acer 7740 65 W Adapter","Acer","nan","nan","nan","nan","nan","nan","nan","竄ｹ1,199","竄ｹ2,499","52",\N,\N,\N,"Yes","https://www.flipkart.com/acer-7740-65-w-adapter/p/itmez67eyzeqpmmk","https://rukminim2.flixcart.com/image/312/312/laptop-adapter/p/c/u/acer-7551g-original-imaemykuhrzh74ww.jpeg?q=70","2067"
"IHDGFFS8XPEWGQ8W","Acer RE100 M.2 512 GB Laptop Black M.2 Internal Solid State Drive (SSD) (RE100 M.2)","Acer","nan","nan","Type: SSD","nan","nan","nan","nan","竄ｹ5,459","竄ｹ7,543","27","3.9","7","1","Yes","https://www.flipkart.com/acer-re100-m-2-512-gb-laptop-black-internal-solid-state-drive-ssd-re100-m-2/p/itme52113123cf1f","https://rukminim2.flixcart.com/image/312/312/knexksw0/internal-hard-drive/p/s/z/re100-m-2-acer-original-imag23kfudwe8mxb.jpeg?q=70","2068"
"KRYG8XFVFGHXVW5W","SellZone Laptop Keyboard For Acer Aspire One 725 756 AO725 AO726 725-0691 725-0826 S3-391 S3-951 Serie...","SellZone","nan","nan","nan","nan","nan","nan","nan","竄ｹ2,551","竄ｹ2,999","14",\N,\N,\N,"No","https://www.flipkart.com/sellzone-laptop-keyboard-acer-aspire-one-725-756-ao725-ao726-725-0691-725-0826-s3-391-s3-951-series-internal-black-replacement-key/p/itm875044a61439e","https://rukminim2.flixcart.com/image/312/312/kw6pw280/keyboard/laptop-keyboard/d/h/m/laptop-keyboard-for-acer-aspire-one-725-756-ao725-ao726-725-0691-original-imag8wznfwyu9evv.jpeg?q=70","2071"
"ACCGQTJKTVHGPYTJ","SellZone Laptop Keyboard for Acer Aspire 5738-6973 Laptop Internal Laptop-size Laptop Keyboard","SellZone","nan","nan","nan","nan","nan","nan","1 Year Seller Warranty","竄ｹ1,539","竄ｹ1,999","23",\N,\N,\N,"No","https://www.flipkart.com/sellzone-laptop-keyboard-acer-aspire-5738-6973-internal-laptop-size/p/itm3f2af6902f266","https://rukminim2.flixcart.com/image/312/312/xif0q/keyboard/laptop-keyboard/a/l/h/laptop-keyboard-for-acer-aspire-5738-6973-laptop-sellzone-original-imagqtjkughqyudv.jpeg?q=70","2072"
"ACCG8W585P2VKGKF","SellZone Laptop Keyboard For Acer TravelMate 4750 Laptop NSK-AY0SW 9ZN6HSW01D Internal Laptop-size Lap...","SellZone","nan","nan","nan","nan","nan","nan","1 Year Seller Warranty","竄ｹ1,849","竄ｹ1,999","7",\N,\N,\N,"No","https://www.flipkart.com/sellzone-laptop-keyboard-acer-travelmate-4750-nsk-ay0sw-9zn6hsw01d-internal-laptop-size-compatible-desktop-laptop-mac/p/itmd1b64851123ed","https://rukminim2.flixcart.com/image/312/312/kw5ag7k0/keyboard/laptop-keyboard/a/l/g/laptop-keyboard-for-acer-travelmate-4750-laptop-nsk-ay0sw-original-imag8w58v2xdyzfz.jpeg?q=70","2075"
"COMHYWTJXJDVXZFV","MSI Modern 15 H Intel Core i7 13th Gen 13700H - (16 GB/1 TB SSD/Windows 11 Home) Modern 15 H C13M Busi...","MSI","Intel Core i7 Processor (13th Gen)","16 GB DDR4 RAM","1 TB SSD","39.62 cm (15.6 inch) Display","nan","Windows 11 Operating System","1 Year Warranty Term","竄ｹ67,990","竄ｹ81,990","17",\N,"4","2","No","https://www.flipkart.com/msi-modern-15-h-intel-core-i7-13th-gen-13700h-16-gb-1-tb-ssd-windows-11-home-c13m-business-laptop/p/itmaacc6bff09f22","https://rukminim2.flixcart.com/image/312/312/xif0q/computer/z/0/m/-original-imahcd9q8g8nydpk.jpeg?q=70","2077"
"ACCGHEPHYG3SHGQJ","SellZone Keyboard For Acer Aspire E1-521 E1-531 E1-571G E1-571 E1-571G (Black) Internal Laptop-size La...","SellZone","nan","nan","nan","nan","nan","nan","1 Year Seller Warranty","竄ｹ1,640","竄ｹ1,999","17",\N,\N,\N,"No","https://www.flipkart.com/sellzone-keyboard-acer-aspire-e1-521-e1-531-e1-571g-e1-571-black-internal-laptop-size-laptop-compatible-desktop-laptop-mac/p/itm58e048a7edd36","https://rukminim2.flixcart.com/image/312/312/ki3gknk0/keyboard-replacement-key/y/t/0/acer-aspire-5741-p-laptop-keyboard-compatible-zikson-original-imafxyjuekzrten8.jpeg?q=70","2078"
"ACCFGPHEQAQRENVB","SellZone Replacement Keyboard for Acer Aspire One 751 751H Laptop Series Internal Laptop-size Laptop K...","SellZone","nan","nan","nan","nan","nan","nan","1 Year Warranty","竄ｹ1,849","竄ｹ2,499","26",\N,\N,\N,"No","https://www.flipkart.com/sellzone-replacement-keyboard-acer-aspire-one-751-751h-laptop-series-internal-laptop-size-compatible-desktop-laptop-mac/p/itm84b83238a2835","https://rukminim2.flixcart.com/image/312/312/jyq5oy80/keyboard/laptop-keyboard/n/k/w/sellzone-replacement-keyboard-original-imafgtznu6sgqzh8.jpeg?q=70","2079"
"COMGXMTAZZ4KFWHP","MSI Prestige 16 Evo AI PC Intel Core Ultra 7 155H - (16 GB/1 TB SSD/Windows 11 Home) Prestige 16 AI Ev...","MSI","Intel Core Ultra 7 Processor","16 GB LPDDR5 RAM","1 TB SSD","40.64 cm (16 inch) Display","nan","Windows 11 Operating System","2 Year Carry-in Warranty","竄ｹ1,14,990","竄ｹ1,34,990","14","5","4","0","Yes","https://www.flipkart.com/msi-prestige-16-evo-ai-pc-intel-core-ultra-7-155h-16-gb-1-tb-ssd-windows-11-home-b1mg-thin-light-laptop/p/itm4d200daec4a57","https://rukminim2.flixcart.com/image/312/312/xif0q/computer/3/v/5/-original-imahcd9kwpmghnfy.jpeg?q=70","2080"
"ACCEXY8G4DZWXEPD","SellZone Laptop Keyboard Compatible For Acer Aspire 5738 5251 5336 5410 5410T 5536 5538 5542 5733Z-4 I...","SellZone","nan","nan","nan","nan","nan","nan","1 Year Seller Replacement Warranty","竄ｹ1,748","竄ｹ1,749",\N,"4","22","4","No","https://www.flipkart.com/sellzone-laptop-keyboard-compatible-acer-aspire-5738-5251-5336-5410-5410t-5536-5538-5542-5733z-4-internal-standard/p/itmexyzb9h5zvvzb","https://rukminim2.flixcart.com/image/312/312/j7td5e80/keyboard/laptop-keyboard/e/p/d/sellzone-laptop-keyboard-compatible-for-acer-aspire-5738-5251-original-imaexyzbrpcvhtuy.jpeg?q=70","2082"
"ACCG9ZVJZD9RNNEF","WISTAR AP16B4J 2ICP4/78/104 Battery for Acer Aspire Switch Alpha 12 SA5-271 SA5-271P SW512-52-513B Alp...","WISTAR","nan","nan","nan","nan","nan","nan","nan","竄ｹ6,482","竄ｹ8,999","27",\N,\N,\N,"Yes","https://www.flipkart.com/wistar-ap16b4j-2icp4-78-104-battery-acer-aspire-switch-alpha-12-sa5-271-sa5-271p-sw512-52-513b-5-sw512-52p-7-sw713-51gnp-series-kt-00204-003-7-6v-34wh-3-cell-laptop/p/itma9ed47fc73e07","https://rukminim2.flixcart.com/image/312/312/kxc5nrk0/laptop-battery/laptop-battry/p/9/f/ap16b4j-laptop-battery-replacement-for-acer-aspire-switch-alpha-original-imag9tcktanutshk.jpeg?q=70","2083"
"COMG9VHHF6HVJPP9","Lenovo IdeaPad Slim 1 AMD Ryzen 5 Hexa Core 5500U - (8 GB/512 GB SSD/Windows 11 Home) 15ACL6 | 15ALC7 ...","Lenovo","AMD Ryzen 5 Hexa Core Processor","8 GB DDR4 RAM","512 GB SSD","39.62 cm (15.6 inch) Display","nan","64 bit Windows 11 Operating System","nan","竄ｹ35,990","竄ｹ55,090","34","4.2","6439","544","Yes","https://www.flipkart.com/lenovo-ideapad-slim-1-amd-ryzen-5-hexa-core-5500u-8-gb-512-gb-ssd-windows-11-home-15acl6-15alc7-2-thin-light-laptop/p/itm3680fb576eb7b","https://rukminim2.flixcart.com/image/312/312/xif0q/computer/t/b/z/-original-imahcuyyht8pwh6g.jpeg?q=70","2084"
"ACCFYBT5JYNVGRCZ","SellZone Replacement Keyboard For Acer Aspire 5735Z NSK-AFF0A Internal Laptop-size Laptop Keyboard Com...","SellZone","nan","nan","nan","nan","nan","nan","6 Months Seller Warranty","竄ｹ2,248","竄ｹ2,249",\N,\N,\N,\N,"No","https://www.flipkart.com/sellzone-replacement-keyboard-acer-aspire-5735z-nsk-aff0a-internal-laptop-size-laptop-compatible-desktop-laptop-mac/p/itmfyj6a8gzztmra","https://rukminim2.flixcart.com/image/312/312/jb3yp3k0/keyboard/laptop-keyboard/r/c/z/sellzone-replacement-keyboard-for-acer-aspire-5735z-nsk-aff0a-original-imafyj6abharnapv.jpeg?q=70","2086"
"KRYHFS32VXJEW33X","WISTAR ACR SW5 Switch 10 10E SW3 SW5-011-18TY SW5-012 Aspire Switch SW5-012-19W6 Laptop Keyboard Repla...","WISTAR","nan","nan","nan","nan","nan","nan","nan","竄ｹ1,375","竄ｹ1,499","8",\N,\N,\N,"Yes","https://www.flipkart.com/wistar-acr-sw5-switch-10-10e-sw3-sw5-011-18ty-sw5-012-aspire-sw5-012-19w6-laptop-keyboard-replacement-key/p/itme89178004eea7","https://rukminim2.flixcart.com/image/312/312/xif0q/keyboard-replacement-key/l/e/z/1-acr-sw5-switch-10-10e-sw3-sw5-011-18ty-sw5-012-aspire-switch-original-imahfs32dmgqpgwu.jpeg?q=70","2087"
"ACCGQTJJNCKZGE8H","SellZone Laptop Keyboard for Acer Aspire 5745 Laptop Internal Laptop-size Laptop Keyboard","SellZone","nan","nan","nan","nan","nan","nan","1 Year Seller Warranty","竄ｹ1,543","竄ｹ1,999","22",\N,\N,\N,"No","https://www.flipkart.com/sellzone-laptop-keyboard-acer-aspire-5745-internal-laptop-size/p/itmfec6f692b4a93","https://rukminim2.flixcart.com/image/312/312/xif0q/keyboard/laptop-keyboard/s/e/p/laptop-keyboard-for-acer-aspire-5745-laptop-sellzone-original-imagqtjjh9y8yeck.jpeg?q=70","2090"
"KRYF435FNVRKEKC4","SellZone Replacement Laptop Keyboard For ACER ASPIRE 4810 4810T 4810TG 4810TZ 4810TZG Laptop Keyboard ...","SellZone","nan","nan","nan","nan","nan","nan","nan","竄ｹ1,299","nan",\N,\N,\N,\N,"No","https://www.flipkart.com/sellzone-replacement-laptop-keyboard-acer-aspire-4810-4810t-4810tg-4810tz-4810tzg-key/p/itmf437p2ksrrchw","https://rukminim2.flixcart.com/image/312/312/jfoac280/keyboard-replacement-key/k/c/4/replacement-laptop-keyboard-for-acer-aspire-4810-4810t-4810tg-original-imaexdq3rgjhkvhh.jpeg?q=70","2093"
"ACCGQTJJ4XSFYZYJ","SellZone Laptop Keyboard for Acer Aspire 90. 4HV07.SOU. US Layout Laptop Keyboard Internal Laptop-size...","SellZone","nan","nan","nan","nan","nan","nan","1 Year Seller Warranty","竄ｹ1,539","竄ｹ1,999","23",\N,\N,\N,"No","https://www.flipkart.com/sellzone-laptop-keyboard-acer-aspire-90-4hv07-sou-layout-internal-laptop-size-compatible-desktop-laptop-mac/p/itmfec6f692b4a93","https://rukminim2.flixcart.com/image/312/312/xif0q/keyboard/laptop-keyboard/8/g/w/laptop-keyboard-for-acer-aspire-90-4hv07-sou-us-layout-laptop-original-imagqtjjucqfxhyg.jpeg?q=70","2094"
"ACCH2HWZSB6UGVC9","SOLUTIONS-365 ACER 5755 WITHOUT BACKLIT BLACK US Internal Laptop-size Laptop Keyboard Compatible with ...","SOLUTIONS-365","nan","nan","nan","nan","nan","nan","3 MONTHS WARRANTY BY SOLUTIONS-365","竄ｹ880","竄ｹ1,200","26",\N,\N,\N,"No","https://www.flipkart.com/solutions-365-acer-5755-without-backlit-black-internal-laptop-size-laptop-keyboard-compatible-desktop-laptop-mac/p/itm12dd555e4c44a","https://rukminim2.flixcart.com/image/312/312/xif0q/keyboard/laptop-keyboard/u/8/z/acer-5755-without-backlit-black-us-solutions-365-original-imah2hxzgxq9cxhx.jpeg?q=70","2095"
"ACCGQTJKC2WWFPRP","SellZone Laptop Keyboard for Acer Aspire 7250/ 7250G US Layout Keyboard Internal Laptop-size Laptop Ke...","SellZone","nan","nan","nan","nan","nan","nan","1 Year Seller Warranty","竄ｹ1,539","竄ｹ1,999","23",\N,\N,\N,"No","https://www.flipkart.com/sellzone-laptop-keyboard-acer-aspire-7250-7250g-layout-internal-laptop-size-compatible-desktop-laptop-mac/p/itm7918cb077b856","https://rukminim2.flixcart.com/image/312/312/xif0q/keyboard/laptop-keyboard/p/o/r/laptop-keyboard-for-acer-aspire-7250-7250g-us-layout-keyboard-original-imagqtjk932hhywp.jpeg?q=70","2098"
"COMH3BGBNJYFUAMQ","ASUS TUF Gaming A15 AMD Ryzen 5 Hexa Core 7535HS - (8 GB/512 GB SSD/Windows 11 Pro/4 GB Graphics/NVIDI...","ASUS","AMD Ryzen 5 Hexa Core Processor","8 GB DDR5 RAM","512 GB SSD","39.62 cm (15.6 Inch) Display","nan","Windows 11 Operating System","1 Year Onsite Warranty","竄ｹ52,090","竄ｹ70,990","26","4.2","10","1","No","https://www.flipkart.com/asus-tuf-gaming-a15-amd-ryzen-5-hexa-core-7535hs-8-gb-512-gb-ssd-windows-11-pro-4-graphics-nvidia-geforce-rtx-2050-fa506nf-hn578w-laptop/p/itm10514ecd2a794","https://rukminim2.flixcart.com/image/312/312/xif0q/computer/u/l/7/-original-imahcd9t76yugpcp.jpeg?q=70","2100"
"KRYGZCM26W8KJM7S","TechSonic Acer Aspire One 14 Z14010 Laptop Keyboard Replacement Key","TechSonic","nan","nan","nan","nan","nan","nan","nan","竄ｹ1,042","竄ｹ1,999","47",\N,\N,\N,"No","https://www.flipkart.com/techsonic-acer-aspire-one-14-z14010-laptop-keyboard-replacement-key/p/itmb13b6c7eb1076","https://rukminim2.flixcart.com/image/312/312/kuef2q80/keyboard-replacement-key/d/c/h/89-acer-aspire-one-14-z14010-laptop-keyboard-ars-infotech-original-imag7j4jgw2dhqj5.jpeg?q=70","2101"
"ACCGHZZSZXFGB2SV","SellZone Acer A315-33 A315-52 Aspire E5-522 E5-522G Internal Laptop-size Laptop Keyboard","SellZone","nan","nan","nan","nan","nan","nan","1 Year Seller Warranty","竄ｹ1,890","竄ｹ1,999","5",\N,\N,\N,"No","https://www.flipkart.com/sellzone-acer-a315-33-a315-52-aspire-e5-522-e5-522g-internal-laptop-size-laptop-keyboard/p/itmf8b10e8f57f2f","https://rukminim2.flixcart.com/image/312/312/kz4gh3k0/keyboard/laptop-keyboard/x/0/o/laptop-keyboard-replacement-for-acer-a315-33-a315-52-aspire-e5-original-imagb7mf9s5gbzz2.jpeg?q=70","2104"
"KRYF7P5WBRMZMHTY","SellZone Repla Laptop Keyboard Replacement Key","SellZone","nan","nan","nan","nan","nan","nan","nan","竄ｹ1,449","竄ｹ1,699","14",\N,\N,\N,"No","https://www.flipkart.com/sellzone-repla-laptop-keyboard-replacement-key/p/itmf7r4tdhw9gjgt","https://rukminim2.flixcart.com/image/312/312/jkebqfk0/keyboard-replacement-key/h/t/y/repla-sellzone-original-imaf7r4tdxufanjy.jpeg?q=70","2107"
"ACCGMFGUP4KCZMUZ","WEFLY Laptop Battery Compatible for Acer Aspire One Happy-13604 6 Cell Laptop Battery","WEFLY","nan","nan","nan","nan","nan","nan","nan","竄ｹ1,799","竄ｹ2,499","28",\N,\N,\N,"No","https://www.flipkart.com/wefly-laptop-battery-compatible-acer-aspire-one-happy-13604-6-cell/p/itm1996e5756a111","https://rukminim2.flixcart.com/image/312/312/xif0q/laptop-battery/laptop-battery/y/o/i/laptop-battery-compatible-for-acer-aspire-one-happy-13604-wefly-original-imagmfgtggnu8ugh.jpeg?q=70","2108"
"COMGHUFKXV6QEBG4","AXL Intel Celeron Dual Core N4020 - (4 GB/128 GB SSD/Windows 11 Home) AXL14W_LAP01 Thin and Light Lapt...","AXL","Intel Celeron Dual Core Processor","4 GB DDR4 RAM","128 GB SSD","1920 * 1080 FHD IPS Display","UHD Graphics 600","Windows 11 Operating System","1 year warranty on domestic","竄ｹ14,990","竄ｹ31,990","53","3.5","246","36","No","https://www.flipkart.com/axl-intel-celeron-dual-core-n4020-4-gb-128-gb-ssd-windows-11-home-axl14w-lap01-thin-light-laptop/p/itm541eda5e078d5","https://rukminim2.flixcart.com/image/312/312/xif0q/computer/l/k/i/axl-vayu-book-thin-and-light-laptop-axl-original-imah3g4v227xpspv.jpeg?q=70","2109"
"ACCGZEVHYPFGZCH8","WEFLY Laptop Battery Compatible for Acer T4741G TM4740-7552 TM4740-7787 TM5740G-334G32MN 4272 4272G 47...","WEFLY","nan","nan","nan","nan","nan","nan","nan","竄ｹ1,713","竄ｹ2,499","31",\N,\N,\N,"No","https://www.flipkart.com/wefly-laptop-battery-compatible-acer-t4741g-tm4740-7552-tm4740-7787-tm5740g-334g32mn-4272-4272g-4700-4740-4740-331g16mn-4740-331g25mn-4740-332g16mi-4740-332g16mn-4740-332g25mn-4740-332g32bn-4740-332g32mn-4740-332g32mnss-4740-333g25mnss-4740-334g50mn-4740-3372g32mnss-4740-351g16mnss-6-cell/p/itmd25bfef7d5be6","https://rukminim2.flixcart.com/image/312/312/xif0q/laptop-battery/laptop-battery/m/z/i/laptop-battery-compatible-for-acer-t4741g-tm4740-7552-tm4740-original-imagzevhdcv98vng.jpeg?q=70","2112"
"ACCG8W56WH96E4MV","SellZone Laptop Keyboard For Acer eMachines 250 Internal Laptop-size Laptop Keyboard Compatible with D...","SellZone","nan","nan","nan","nan","nan","nan","1 Year Seller Warranty","竄ｹ1,849","竄ｹ1,999","7",\N,\N,\N,"No","https://www.flipkart.com/sellzone-laptop-keyboard-acer-emachines-250-internal-laptop-size-compatible-desktop-laptop-mac/p/itm1ee2e9623a831","https://rukminim2.flixcart.com/image/312/312/kw5ag7k0/keyboard/laptop-keyboard/h/d/k/laptop-keyboard-for-acer-emachines-250-sellzone-original-imag8w56jbdckkqu.jpeg?q=70","2115"
"ACCG8WZZPZG6ZKGR","SellZone Laptop Keyboard For Acer Aspire 4736 4740G 4738 4738G 4738Z 4738ZG 4745 4745G 4745Z 4625 4625...","SellZone","nan","nan","nan","nan","nan","nan","1 Year Seller Warranty","竄ｹ1,849","竄ｹ1,999","7",\N,\N,\N,"No","https://www.flipkart.com/sellzone-laptop-keyboard-acer-aspire-4736-4740g-4738-4738g-4738z-4738zg-4745-4745g-4745z-4625-4625g-4743-4743g-4743z-4741-4741g-4741z-4741zg-4750-4750g-4820-4820g-4820t-4820tg-series-internal-black-laptop-size-compatible-desktop-laptop-mac/p/itm7d7588c6cc0d5","https://rukminim2.flixcart.com/image/312/312/kw6pw280/keyboard/laptop-keyboard/a/1/z/laptop-keyboard-for-acer-aspire-4736-4740g-4738-4738g-4738z-original-imag8wzzzphhyxjx.jpeg?q=70","2116"
"ACCGZG224QGH6JVQ","WEFLY Laptop Battery Compatible for Acer Aspire 4730Z, 4310 Series 5738G 5738G Series 5738G-2 5738P To...","WEFLY","nan","nan","nan","nan","nan","nan","nan","竄ｹ1,740","竄ｹ2,499","30",\N,\N,\N,"No","https://www.flipkart.com/wefly-laptop-battery-compatible-acer-aspire-4730z-4310-series-5738g-5738g-2-5738p-touch-5738pg-5738pzg-5738z-3d-5738z-2-5738z-4111-5738z-4297-5738z-4372-5738z-4853-5738zg-5738zg-2-5738zp-5740-5740-13-5740-13f-5740-15-5740-15f-5740-332g25mn-5740-5144-5740-5255-5740-5513-5740-5749-5740-5780-5740-5847-5740-6025-5740-6378-5740-6395-5740-6491-5740d-5740dg-5740dg-332g50mn-5740dg-434g64mn-5740dg-524g64mn-5740g-5740g-334g50mn-5740g-336g50mn-5740g-434g32mn-5740g-434g50bi-5740g-52","https://rukminim2.flixcart.com/image/312/312/xif0q/laptop-battery/laptop-battery/t/c/z/laptop-battery-compatible-for-acer-aspire-4730z-4310-series-original-imagzg22gqf3ha6g.jpeg?q=70","2117"
"KRYHFRWVAGPTFHYM","WISTAR Acer Aspire 7 A715-74G A715-75 A715-75G N17C2 N19C5 with Backlit LAPTOP KEYBOARD Laptop Keyboar...","WISTAR","nan","nan","nan","nan","nan","nan","nan","竄ｹ2,892","竄ｹ2,999","3",\N,\N,\N,"Yes","https://www.flipkart.com/wistar-acer-aspire-7-a715-74g-a715-75-a715-75g-n17c2-n19c5-backlit-laptop-keyboard-replacement-key/p/itm9550b0a26009c","https://rukminim2.flixcart.com/image/312/312/xif0q/keyboard-replacement-key/v/v/m/1-acer-aspire-7-a715-74g-a715-75-a715-75g-n17c2-n19c5-with-original-imahfrwu4yj7quhs.jpeg?q=70","2120"
"COMGYSFG4WHPVAVZ","MSI Thin 15 Intel Core i5 12th Gen 12450H - (16 GB/512 GB SSD/Windows 11 Home/4 GB Graphics/NVIDIA GeF...","MSI","Intel Core i5 Processor (12th Gen)","16 GB DDR4 RAM","512 GB SSD","39.62 cm (15.6 Inch) Display","nan","Windows 11 Operating System","2 Year Onsite Warranty","竄ｹ51,990","竄ｹ70,990","26","4.3","1372","111","Yes","https://www.flipkart.com/msi-thin-15-intel-core-i5-12th-gen-12450h-16-gb-512-gb-ssd-windows-11-home-4-graphics-nvidia-geforce-rtx-2050-144-hz-b12ucx-2471in-gaming-laptop/p/itmc1581367ea4e2","https://rukminim2.flixcart.com/image/312/312/xif0q/computer/z/d/m/-original-imahcd9jh2tzkfzf.jpeg?q=70","2122"
"ACCGCHYKGDTZXGFH","TECHCLONE ASPIRE 4710/ 5930 Internal Laptop-size Laptop Keyboard","TECHCLONE","nan","nan","nan","nan","nan","nan","60 Days Replacement Warranty","竄ｹ1,609","竄ｹ2,499","35",\N,\N,\N,"No","https://www.flipkart.com/techclone-aspire-4710-5930-internal-laptop-size-laptop-keyboard/p/itm0ec21c28552c6","https://rukminim2.flixcart.com/image/312/312/xif0q/keyboard/laptop-keyboard/7/6/q/aspire-4710-5930-techclone-original-imah6zp8ffgegzsf.jpeg?q=70","2123"
"ACCH2PDWE8GXRKT9","SOLUTIONS-365 ACER R7-571 WITH BACKLIT BLACK US Internal Laptop-size Laptop Keyboard Compatible with D...","SOLUTIONS-365","nan","nan","nan","nan","nan","nan","3 MONTHS WARRANTY BY SOLUTIONS-365","竄ｹ1,869","竄ｹ2,999","37",\N,\N,\N,"No","https://www.flipkart.com/solutions-365-acer-r7-571-backlit-black-internal-laptop-size-laptop-keyboard-compatible-desktop-laptop-mac/p/itmc5631027f0f3e","https://rukminim2.flixcart.com/image/312/312/xif0q/keyboard/laptop-keyboard/t/5/h/acer-r7-571-with-backlit-black-us-solutions-365-original-imah2pdtpf9fvtgm.jpeg?q=70","2124"
"ACCEZ67FWCAGATUZ","Acer 4741ZG 65 W Adapter","Acer","nan","nan","nan","nan","nan","nan","nan","竄ｹ1,178","竄ｹ2,499","52",\N,\N,\N,"No","https://www.flipkart.com/acer-4741zg-65-w-adapter/p/itmez67eyzeqpmmk","https://rukminim2.flixcart.com/image/312/312/laptop-adapter/p/c/u/acer-7551g-original-imaemykuhrzh74ww.jpeg?q=70","2125"
"ACCGMFGUHWGJYCSA","WEFLY Laptop Battery Compatible for Acer Aspire One NAV70 6 Cell Laptop Battery","WEFLY","nan","nan","nan","nan","nan","nan","nan","竄ｹ1,799","竄ｹ2,499","28",\N,\N,\N,"No","https://www.flipkart.com/wefly-laptop-battery-compatible-acer-aspire-one-nav70-6-cell/p/itm1996e5756a111","https://rukminim2.flixcart.com/image/312/312/xif0q/laptop-battery/laptop-battery/g/f/s/laptop-battery-compatible-for-acer-aspire-one-nav70-wefly-original-imagmfgtggg49awu.jpeg?q=70","2126"
"ACCGBFYCV6FGMEEG","TECHCLONE Laptop Keyboard Replacement Acer Aspire 5750, 7740, 7740G, 8935, 8935G, 8940, Internal Lapto...","TECHCLONE","nan","nan","nan","nan","nan","nan","60 days replacement warranty","竄ｹ1,316","竄ｹ3,499","62",\N,\N,\N,"No","https://www.flipkart.com/techclone-laptop-keyboard-replacement-acer-aspire-5750-7740-7740g-8935-8935g-8940-internal-laptop-size/p/itmb633f356ee60e","https://rukminim2.flixcart.com/image/312/312/xif0q/keyboard/laptop-keyboard/j/t/f/laptop-keyboard-replacement-acer-aspire-5750-7740-7740g-8935-original-imah5f5ra2fyf5fg.jpeg?q=70","2131"
"ACCGZFYFGZKDGFAY","WEFLY Laptop Battery Compatible for Acer Aspire: AL14A32 E5 E5-411 E5-411-C4TW E5-411-C4W2 E5-411-C8M4...","WEFLY","nan","nan","nan","nan","nan","nan","nan","竄ｹ1,959","竄ｹ4,999","60",\N,\N,\N,"No","https://www.flipkart.com/wefly-laptop-battery-compatible-acer-aspire-al14a32-e5-e5-411-e5-411-c4tw-e5-411-c4w2-e5-411-c8m4-e5-411-c9p3-e5-411-c9t0-e5-411g-p0fp-e5-411g-p3nk-e5-411-p32n-e5-411-p56b-e5-421-e5-421-61cj-e5-421g-e5-421g-88jf-e5-471-52tw-e5-471g-e5-471g-30p1-e5-471g-30r1-e5-471g-35ww-e5-471g-39th-e5-471g-39tp-e5-471g-50r4-e5-471g-514n-e5-471g-51sp-e5-471g-52g2-e5-471g-53xx-e5-471g-540e-e5-471g-5496-e5-471g-54da-e5-471g-54nn-e5-471g-55ag-e5-471g-55ls-e5-471g-55t4-e5-471g-565k-e5-471g-5","https://rukminim2.flixcart.com/image/312/312/xif0q/laptop-battery/laptop-battery/q/j/h/laptop-battery-compatible-for-acer-aspire-al14a32-e5-e5-411-e5-original-imagzfyfdumzgnd2.jpeg?q=70","2132"
"ACCGCHYKHJSU8GN7","TECHCLONE ACER ASPIRE R7-572, R7-572G SERIES, 9Z.N9LBC.A1D Internal Laptop-size Laptop Keyboard","TECHCLONE","nan","nan","nan","nan","nan","nan","60 Days Replacement Warranty","竄ｹ5,272","竄ｹ6,999","24",\N,\N,\N,"No","https://www.flipkart.com/techclone-acer-aspire-r7-572-r7-572g-series-9z-n9lbc-a1d-internal-laptop-size-laptop-keyboard/p/itm67c20a6c34133","https://rukminim2.flixcart.com/image/312/312/xif0q/keyboard/laptop-keyboard/5/n/i/acer-aspire-r7-572-r7-572g-series-9z-n9lbc-a1d-techclone-original-imagjvfr8fztvfag.jpeg?q=70","2135"
"ACCG8W5BJMR8MFHW","SellZone Laptop Keyboard for Acer Aspire D255, D270, D260, 532 AH, D257, 522AH (Black) Internal Laptop...","SellZone","nan","nan","nan","nan","nan","nan","1 Year Seller Warranty","竄ｹ1,250","竄ｹ1,476","15",\N,\N,\N,"No","https://www.flipkart.com/sellzone-laptop-keyboard-acer-aspire-d255-d270-d260-532-ah-d257-522ah-black-internal-laptop-size-compatible-desktop-laptop-mac/p/itmf1b03c769a160","https://rukminim2.flixcart.com/image/312/312/kw5ag7k0/keyboard/laptop-keyboard/b/1/i/laptop-keyboard-for-acer-aspire-d255-d270-d260-532-ah-d257-522ah-original-imag8w5a9yp3pazx.jpeg?q=70","2136"
"ACCG8W57ZHJP3YZB","SellZone Laptop Keyboard For ACER Aspire 5755 5830 E5-571P E5-571P-55TL E5-572 Internal Laptop Keyboar...","SellZone","nan","nan","nan","nan","nan","nan","1 Year Seller Warranty","竄ｹ1,849","竄ｹ8,599","78",\N,\N,\N,"No","https://www.flipkart.com/sellzone-laptop-keyboard-acer-aspire-5755-5830-e5-571p-e5-571p-55tl-e5-572-internal-black-laptop-size-compatible-desktop-laptop-mac/p/itme926b5fa05438","https://rukminim2.flixcart.com/image/312/312/kw5ag7k0/keyboard/laptop-keyboard/6/t/7/laptop-keyboard-for-acer-aspire-5755-5830-e5-571p-e5-571p-55tl-original-imag8w57zttpahz6.jpeg?q=70","2139"
"KRYHFRZKVBGDKK8Y","WISTAR Laptop Keyboard for Acer Chromebook 11 N7 C731 C731-C388 C731-C11A N16Q13 Laptop Keyboard Repla...","WISTAR","nan","nan","nan","nan","nan","nan","nan","竄ｹ1,963","竄ｹ2,499","21",\N,\N,\N,"Yes","https://www.flipkart.com/wistar-laptop-keyboard-acer-chromebook-11-n7-c731-c731-c388-c731-c11a-n16q13-replacement-key/p/itm849a7e9a815dc","https://rukminim2.flixcart.com/image/312/312/xif0q/keyboard-replacement-key/x/j/v/1-laptop-keyboard-for-acer-chromebook-11-n7-c731-c731-c388-c731-original-imahfryj2xw5nqhk.jpeg?q=70","2140"
"COLGTDZFHHNFFUNP","Rega IT ForACER Aspire 3 A315-51-514S, A315-51-51B0, A315-51-51RA Laptop Fan Cooler","Rega","nan","nan","nan","nan","nan","nan","nan","竄ｹ899","竄ｹ1,499","40",\N,\N,\N,"Yes","https://www.flipkart.com/rega-foracer-aspire-3-a315-51-514s-a315-51-51b0-a315-51-51ra-laptop-fan-cooler/p/itm0505439106861","https://rukminim2.flixcart.com/image/312/312/xif0q/cooler/n/p/s/foracer-aspire-3-a315-51-514s-a315-51-51b0-a315-51-51ra-laptop-original-imagp8sdre3qrhtj.jpeg?q=70","2141"
"LSDGVTDNEAVFHKRE","SCOTLON _All Panel_Green arc design_ Vinyl Laptop Decal 15.5","SCOTLON","nan","nan","nan","nan","nan","nan","nan","竄ｹ295","竄ｹ799","63",\N,\N,\N,"Yes","https://www.flipkart.com/scotlon-all-panel-green-arc-design-vinyl-laptop-decal-15-5/p/itm6eb263f6810ea","https://rukminim2.flixcart.com/image/312/312/xif0q/laptop-skin-decal/g/v/o/all-panel-green-arc-design-scotlon-15-5-original-imagvtdmgvhpshwk.jpeg?q=70","2142"
"ACCGMFHFAYKTHES6","WEFLY Laptop Battery Compatible for Acer Aspire One Happy-1225 6 Cell Laptop Battery","WEFLY","nan","nan","nan","nan","nan","nan","nan","竄ｹ1,799","竄ｹ2,499","28",\N,\N,\N,"No","https://www.flipkart.com/wefly-laptop-battery-compatible-acer-aspire-one-happy-1225-6-cell/p/itmaf8185a5dd401","https://rukminim2.flixcart.com/image/312/312/xif0q/laptop-battery/laptop-batery/1/k/v/laptop-battery-compatible-for-acer-aspire-one-happy-1225-wefly-original-imagmfhfgjhxzx5e.jpeg?q=70","2145"
"ACCGHNG48X4JQTNF","TechSonic Laptop Keyboard For Acer Aspire E1-431-B812G50MNKS Series Internal Laptop-size Laptop Keyboa...","TechSonic","nan","nan","nan","nan","nan","nan","1 Year Seller Warranty","竄ｹ1,900","竄ｹ1,999","4",\N,\N,\N,"No","https://www.flipkart.com/techsonic-laptop-keyboard-acer-aspire-e1-431-b812g50mnks-series-internal-laptop-size/p/itm5cb5c78295309","https://rukminim2.flixcart.com/image/312/312/krf91u80/keyboard/laptop-keyboard/7/h/0/laptop-keyboard-for-acer-aspire-e1-431-b812g50mnks-series-original-imag57vyszmxxxap.jpeg?q=70","2146"
"ACCGCDJF2SKNFZNG","TechSio Aspire A315-33 A315-52 Internal Laptop-size Laptop Keyboard Compatible with Desktop, Laptop, M...","TechSio","nan","nan","nan","nan","nan","nan","90 Days Seller Replacement Warranty","竄ｹ1,026","竄ｹ1,999","48",\N,\N,\N,"No","https://www.flipkart.com/techsio-aspire-a315-33-a315-52-internal-laptop-size-laptop-keyboard-compatible-desktop-laptop-mac/p/itm745f4a47f2292","https://rukminim2.flixcart.com/image/312/312/l58iaa80/keyboard/laptop-keyboard/b/c/y/aspire-a315-33-a315-52-techsio-original-imagfyf4m5xaakvg.jpeg?q=70","2149"
"ACCH2N6SX8E4ZTAZ","SOLUTIONS-365 ACER 5733 , 5742 , 5738 WITHOUT BACKLIT BLACK US Internal Laptop-size Laptop Keyboard","SOLUTIONS-365","nan","nan","nan","nan","nan","nan","3 MONTHS WARRANTY BY SOLUTIONS-365","竄ｹ783","竄ｹ1,300","39",\N,\N,\N,"No","https://www.flipkart.com/solutions-365-acer-5733-5742-5738-without-backlit-black-internal-laptop-size-laptop-keyboard/p/itm87f8ac9993155","https://rukminim2.flixcart.com/image/312/312/xif0q/keyboard/laptop-keyboard/v/b/s/acer-5738-without-backlit-black-us-solutions-365-original-imah2n6swkhbdaag.jpeg?q=70","2150"
"ACCGHZZS9ZH63BEH","SellZone Laptop Keyboard Replacement ACER ASPIRE 4710, 4720, 4730, 5315, 5720, 5730, Internal Laptop-s...","SellZone","nan","nan","nan","nan","nan","nan","1 Year Seller Warranty","竄ｹ1,699","竄ｹ1,999","15",\N,\N,\N,"No","https://www.flipkart.com/sellzone-laptop-keyboard-replacement-acer-aspire-4710-4720-4730-5315-5720-5730-internal-laptop-size/p/itmc5fbac2839034","https://rukminim2.flixcart.com/image/312/312/xif0q/keyboard/laptop-keyboard/p/t/5/laptop-keyboard-replacement-acer-aspire-4710-4720-4730-5315-5720-original-imagg7cxjyvrztnt.jpeg?q=70","2153"
"RPSGMMGMTUZDFAMG","XIRIXX 邃｢ ACER NITRO 5 AN515-44-R3HK 15.6-INCH 40 PIN FHD LED LAPTOP SCREEN LED 15.6 inch Replacement S...","XIRIXX","nan","nan","nan","nan","nan","nan","nan","竄ｹ18,621","竄ｹ23,144","19",\N,\N,\N,"No","https://www.flipkart.com/xirixx-acer-nitro-5-an515-44-r3hk-15-6-inch-40-pin-fhd-led-laptop-screen-15-6-inch-replacement/p/itm77d459789709e","https://rukminim2.flixcart.com/image/312/312/xif0q/replacement-screen/u/l/d/led-acer-nitro-5-an515-44-r3hk-15-6-inch-40-pin-fhd-led-laptop-original-imagmmgh9jchsryu.jpeg?q=70","2154"
"ACCGHEPGPJ3TYBVG","SellZone Keyboard For Acer Aspire 5755, 5755G, 5830, 5830G, 5830T, (Black) Internal Laptop-size Laptop...","SellZone","nan","nan","nan","nan","nan","nan","1 Year Seller Warranty","竄ｹ1,640","竄ｹ3,999","58",\N,\N,\N,"No","https://www.flipkart.com/sellzone-keyboard-acer-aspire-5755-5755g-5830-5830g-5830t-black-internal-laptop-size-laptop-compatible-desktop-laptop-mac/p/itm334058eff2bcf","https://rukminim2.flixcart.com/image/312/312/kvwpt3k0/keyboard-replacement-key/q/b/g/1-compatible-for-aspire-v3-77-1-acer-laptop-keyboard-black-key-original-imag8pcdbh6yshag.jpeg?q=70","2157"
"KRYGZBMDFXBGSXYC","TechSonic Keyboard for Acer Aspire Series US Layout LV4T_A50B NK114130B3 Black E5-473 Laptop Keyboard ...","TechSonic","nan","nan","nan","nan","nan","nan","nan","竄ｹ998","竄ｹ1,999","50",\N,\N,\N,"No","https://www.flipkart.com/techsonic-keyboard-acer-aspire-series-layout-lv4t-a50b-nk114130b3-black-e5-473-laptop-replacement-key/p/itm2fc2b99030045","https://rukminim2.flixcart.com/image/312/312/kzfvzww0/keyboard-replacement-key/o/j/w/87-acer-aspire-e5-473-e5-422-e5-422g-e5-474-e5-474g-e5-491g-original-imagbgyuhpkfwmyk.jpeg?q=70","2158"
"ACCGBG8KS9JMUNBE","TechSio Aspire One D255 D255E D257 D260 D270 532H NAV50 Internal Laptop-size Laptop Keyboard","TechSio","nan","nan","nan","nan","nan","nan","3 Month Seller Replacement Warranty","竄ｹ974","竄ｹ1,999","51",\N,\N,\N,"No","https://www.flipkart.com/techsio-aspire-one-d255-d255e-d257-d260-d270-532h-nav50-internal-laptop-size-laptop-keyboard/p/itm16a2c2ad300a3","https://rukminim2.flixcart.com/image/312/312/xif0q/keyboard/laptop-keyboard/t/m/m/aspire-one-d255-d255e-d257-d260-d270-532h-nav50-techsio-original-imahyqnhxtuxzcdh.jpeg?q=70","2159"
"KRYGZCM2JXZYKE6H","TechSonic Acer Aspire E5-473 Laptop Keyboard Replacement Key","TechSonic","nan","nan","nan","nan","nan","nan","nan","竄ｹ998","竄ｹ1,999","50",\N,\N,\N,"No","https://www.flipkart.com/techsonic-acer-aspire-e5-473-laptop-keyboard-replacement-key/p/itm990e511e755f6","https://rukminim2.flixcart.com/image/312/312/ku2zjww0/keyboard-replacement-key/b/b/s/87-acer-aspire-e5-473-laptop-keyboard-ars-infotech-original-imag7acjxganksfn.jpeg?q=70","2162"
"ACCFUUNXGUPQKYTH","5 ACE landscape (325) msd Printed Designer Premium Rubber Base Mouse pad for Laptop|Dekstop-7x8.5 Inch...","5","nan","nan","nan","nan","nan","nan","nan","竄ｹ280","竄ｹ999","71",\N,\N,\N,"No","https://www.flipkart.com/5-ace-landscape-325-msd-printed-designer-premium-rubber-base-mouse-pad-laptop-dekstop-7x8-5-inches-mousepad/p/itm984169652c0c3","https://rukminim2.flixcart.com/image/312/312/ke4kjgw0/mousepad/y/t/h/5-ace-landscape-325-msd-printed-designer-premium-rubber-base-original-imafuvqgg7xzfghu.jpeg?q=70","2163"
"ACCGMFGUZFAMGQAH","WEFLY Laptop Battery Compatible for Acer Aspire One Happy-13874 6 Cell Laptop Battery","WEFLY","nan","nan","nan","nan","nan","nan","nan","竄ｹ1,799","竄ｹ2,499","28",\N,\N,\N,"No","https://www.flipkart.com/wefly-laptop-battery-compatible-acer-aspire-one-happy-13874-6-cell/p/itm1996e5756a111","https://rukminim2.flixcart.com/image/312/312/xif0q/laptop-battery/laptop-battery/y/v/h/laptop-battery-compatible-for-acer-aspire-one-happy-13874-wefly-original-imagmfguyhrkjtyh.jpeg?q=70","2166"
"ACCFUUM8TJKFJDJA","5 ACE in it to win it Printed Designer Premium Rubber Base Mouse pad for Laptop|Dekstop-7x8.5 Inches M...","5","nan","nan","nan","nan","nan","nan","nan","竄ｹ280","竄ｹ999","71",\N,\N,\N,"No","https://www.flipkart.com/5-ace-win-printed-designer-premium-rubber-base-mouse-pad-laptop-dekstop-7x8-5-inches-mousepad/p/itmf156418423350","https://rukminim2.flixcart.com/image/312/312/ke5zzbk0/mousepad/d/j/a/5-ace-in-it-to-win-it-printed-designer-premium-rubber-base-mouse-original-imafuwymvnp3pguf.jpeg?q=70","2167"
"CASFXDPGDYF3FGX6","SellZone Laptop LCD Screen Video Display Cable for Acer Aspire 3750 3750G 3750Z Series P/N 1414-05H400...","SellZone","nan","nan","nan","nan","nan","nan","nan","竄ｹ814","竄ｹ1,169","30",\N,\N,\N,"No","https://www.flipkart.com/sellzone-laptop-lcd-screen-video-display-cable-acer-aspire-3750-3750g-3750z-series-p-n-1414-05h4000-50-rgv0u-006-combo-set/p/itma5231202b9d9f","https://rukminim2.flixcart.com/image/312/312/khcb7gw0/computer-acc-combo/l/b/a/laptop-lcd-screen-video-display-cable-for-acer-aspire-3750-3750g-original-imafxdpgcqy529fm.jpeg?q=70","2168"
"KRYGMHAQFY9EVSDY","SellZone Laptop Keyboard Replacement ACER ASPIRE V5-473G, V5-473P, V5-473PG Laptop Keyboard Replacemen...","SellZone","nan","nan","nan","nan","nan","nan","nan","竄ｹ1,888","竄ｹ1,999","5",\N,\N,\N,"No","https://www.flipkart.com/sellzone-laptop-keyboard-replacement-acer-aspire-v5-473g-v5-473p-v5-473pg-key/p/itm2436f1282df73","https://rukminim2.flixcart.com/image/312/312/xif0q/keyboard/laptop-keyboard/o/g/c/laptop-keyboard-replacement-acer-aspire-v5-473g-v5-473p-v5-473pg-original-imagjfggetfxnamk.jpeg?q=70","2171"
"LHIGQAMWTJZFKJA8","TechSonic Hinges For Acer Aspire 4710 4710G 4710Z 4710ZG Laptop Hinge","TechSonic","nan","nan","nan","nan","nan","nan","nan","竄ｹ998","竄ｹ999",\N,\N,\N,\N,"No","https://www.flipkart.com/techsonic-hinges-acer-aspire-4710-4710g-4710z-4710zg-laptop-hinge/p/itm4414fd9e2e0bf","https://rukminim2.flixcart.com/image/312/312/xif0q/laptop-hinge/a/o/k/hinges-for-acer-aspire-4710-4710g-4710z-4710zg-techsonic-original-imagqamvtqf4qynj.jpeg?q=70","2172"
"ACCEDKXZZ8M92NZC","HAKO ACER AS10D51 4741 6 Cell Laptop Battery","HAKO","nan","nan","nan","nan","nan","nan","180 Days Warranty","竄ｹ1,434","竄ｹ1,999","28","4","4","0","Yes","https://www.flipkart.com/hako-acer-as10d51-4741-6-cell-laptop-battery/p/itm6689b7c823e7e","https://rukminim2.flixcart.com/image/312/312/laptop-battery/e/b/m/hako-acer-aspire-5742-6-cell-laptop-battery-black-original-imae696xcykzgshj.jpeg?q=70","2175"
"ACCGHPYQSHGTNG9G","KACA Edge To Edge Tempered Glass for The All New Acer SP714-51-M24B with 9H Hardness [14-inch] (Count=...","KACA","nan","nan","nan","nan","nan","nan","nan","竄ｹ286","竄ｹ599","52",\N,\N,\N,"Yes","https://www.flipkart.com/kaca-edge-tempered-glass-all-new-acer-sp714-51-m24b-9h-hardness-14-inch-count-1/p/itm97c500c4c2e17","https://rukminim2.flixcart.com/image/312/312/xif0q/screen-guard/impossible-screen-guard/x/x/y/ghya-14-nu-387-kaca-original-imaghpyqfheermgq.jpeg?q=70","2176"
"KRYGZCM2RNBQHDUF","TechSonic Acer Aspire E1-471 Laptop Keyboard Replacement Key","TechSonic","nan","nan","nan","nan","nan","nan","nan","竄ｹ998","竄ｹ1,999","50",\N,\N,\N,"No","https://www.flipkart.com/techsonic-acer-aspire-e1-471-laptop-keyboard-replacement-key/p/itm5bccaae6e3af7","https://rukminim2.flixcart.com/image/312/312/l05lx8w0/keyboard-replacement-key/n/s/e/86-acer-aspire-e1-471-laptop-keyboard-ars-infotech-original-imagcyfv8ags9mcw.jpeg?q=70","2181"
"ACCGHZZSFHFBPYN3","SellZone Aspire 4720 4720G 4720Z Internal Laptop-size Laptop Keyboard","SellZone","nan","nan","nan","nan","nan","nan","1 Year Seller Warranty","竄ｹ1,498","竄ｹ1,999","25",\N,\N,\N,"No","https://www.flipkart.com/sellzone-aspire-4720-4720g-4720z-internal-laptop-size-laptop-keyboard/p/itm8adaff3dd2162","https://rukminim2.flixcart.com/image/312/312/kk5rgy80/keyboard/laptop-keyboard/2/l/o/laptop-keyboard-for-acer-aspire-4720-4720g-4720z-4720zg-series-original-imafzkhq2yheuhqq.jpeg?q=70","2182"
"ACCGHPYQHBWYAPGF","KACA Edge To Edge Tempered Glass for The All New Acer Chromebook 514 with 9H Hardness [14-inch] (Count...","KACA","nan","nan","nan","nan","nan","nan","nan","竄ｹ286","竄ｹ599","52",\N,\N,\N,"Yes","https://www.flipkart.com/kaca-edge-tempered-glass-all-new-acer-chromebook-514-9h-hardness-14-inch-count-1/p/itm97c500c4c2e17","https://rukminim2.flixcart.com/image/312/312/xif0q/screen-guard/impossible-screen-guard/x/x/y/ghya-14-nu-387-kaca-original-imaghpyqfheermgq.jpeg?q=70","2183"
"ACCGYMWFAZZSPZW7","Zoku Protection Nano Glass for Acer Aspire 3 A315-4115.6 Inch Laptop","Zoku","nan","nan","nan","nan","nan","nan","nan","竄ｹ449","竄ｹ1,499","70",\N,\N,\N,"No","https://www.flipkart.com/zoku-protection-nano-glass-acer-aspire-3-a315-4115-6-inch-laptop/p/itm2558ae658023f","https://rukminim2.flixcart.com/image/312/312/xif0q/screen-guard/nano-glass/7/0/6/acer-aspire-3-intel-core-i5-1035g115-6-inch-laptop-1-407-hooka-original-imagymvygwbxknsh.jpeg?q=70","2188"
"KRYGZCM2TATH9AZT","TechSonic Acer Aspire A315-21 A315-41 A315-41G A315-31 A315-32 A315-51 A315-53 A315-53G Laptop Keyboar...","TechSonic","nan","nan","nan","nan","nan","nan","nan","竄ｹ1,056","竄ｹ1,999","47",\N,\N,\N,"No","https://www.flipkart.com/techsonic-acer-aspire-a315-21-a315-41-a315-41g-a315-31-a315-32-a315-51-a315-53-a315-53g-laptop-keyboard-replacement-key/p/itmcf7e000850647","https://rukminim2.flixcart.com/image/312/312/kzd147k0/keyboard-replacement-key/w/1/1/103-acer-aspire-a315-21-a315-41-a315-41g-a315-31-a315-32-a315-51-original-imagbdwgykdhhzgm.jpeg?q=70","2189"
"KRYGXC3BZNTG4JUM","WISTAR Laptop Keyboard for Acer TravelMate 5760 5760G 7750 7750G 7750Z Laptop Keyboard Replacement Key","WISTAR","nan","nan","nan","nan","nan","nan","nan","竄ｹ978","竄ｹ3,999","75",\N,\N,\N,"Yes","https://www.flipkart.com/wistar-laptop-keyboard-acer-travelmate-5760-5760g-7750-7750g-7750z-replacement-key/p/itm73083f3bdef6c","https://rukminim2.flixcart.com/image/312/312/xif0q/keyboard-replacement-key/c/0/7/1-laptop-keyboard-for-acer-travelmate-5760-5760g-7750-7750g-original-imagxc3bfjtgdzh6.jpeg?q=70","2190"
"MONGNF2SFDC69SYV","Acer 60.45 cm (23.8 inch) Full HD LED Backlit IPS Panel with USB-C Port, Charging Support, Inbuilt Spe...","Acer","nan","nan","nan","nan","nan","nan","3 Year Warranty","竄ｹ17,998","竄ｹ26,000","30","4.7","24","3","No","https://www.flipkart.com/acer-60-45-cm-23-8-inch-full-hd-led-backlit-ips-panel-usb-c-port-charging-support-inbuilt-speaker-webcam-widescreen-monitor-b247y/p/itm8ce2d276cb2de","https://rukminim2.flixcart.com/image/312/312/xif0q/monitor/v/d/y/-original-imagtny2pgb8yttf.jpeg?q=70","2191"
"ACCFGPH8VPCPXX6F","SellZone Keyboard Replacement for ACER Aspire E1 510 4413 Laptop Internal Laptop-size Laptop Keyboard ...","SellZone","nan","nan","nan","nan","nan","nan","1 Year Warranty","竄ｹ1,849","竄ｹ1,899","2",\N,\N,\N,"No","https://www.flipkart.com/sellzone-keyboard-replacement-acer-aspire-e1-510-4413-laptop-internal-laptop-size-compatible-desktop-laptop-mac/p/itm2319155bf3dbc","https://rukminim2.flixcart.com/image/312/312/k40798w0/keyboard/laptop-keyboard/j/g/t/lapcure-replacement-keyboard-original-imafgtznayxxfshd.jpeg?q=70","2194"
"ACCGXE6TDZD6XDEV","Regatech AS 5010, 5020, 5021, 5022, 5023 19V 3.42A 65W Laptop Power 65 W Adapter","Regatech","nan","nan","nan","nan","nan","nan","6 Months Warranty","竄ｹ899","竄ｹ1,499","40",\N,\N,\N,"Yes","https://www.flipkart.com/regatech-5010-5020-5021-5022-5023-19v-3-42a-65w-laptop-power-65-w-adapter/p/itm8854d987a2476","https://rukminim2.flixcart.com/image/312/312/xif0q/laptop-adapter/p/l/x/as-5010-5020-5021-5022-5023-19v-3-42a-65w-laptop-power-regatech-original-imagxe6txsw7ehed.jpeg?q=70","2197"
"ACCGBEY8NHTNZYRX","TECHCLONE Acer Aspire 5755, 5755G, 5830, 5830G, 5830T, Internal Laptop-size Laptop Keyboard Compatible...","TECHCLONE","nan","nan","nan","nan","nan","nan","90 days replacement warranty","竄ｹ1,316","竄ｹ3,499","62",\N,\N,\N,"No","https://www.flipkart.com/techclone-acer-aspire-5755-5755g-5830-5830g-5830t-internal-laptop-size-laptop-keyboard-compatible-desktop-laptop-mac/p/itmc63b54c59b0ff","https://rukminim2.flixcart.com/image/312/312/xif0q/keyboard/laptop-keyboard/5/y/i/acer-aspire-5755-5755g-5830-5830g-5830t-techclone-original-imah4dfygtwfer7b.jpeg?q=70","2198"
"ACCGC96DJYZ9PHRJ","TechSio Aspire A315-33 A315-52 E5-522 E5-522G E5-523 E5-523G E5-532 Internal Laptop-size Laptop Keyboa...","TechSio","nan","nan","nan","nan","nan","nan","90 Days Seller Replacement Warranty","竄ｹ970","竄ｹ1,999","51",\N,\N,\N,"No","https://www.flipkart.com/techsio-aspire-a315-33-a315-52-e5-522-e5-522g-e5-523-e5-523g-e5-532-internal-laptop-size-laptop-keyboard/p/itm8a74a48f11211","https://rukminim2.flixcart.com/image/312/312/l0h1g280/keyboard/laptop-keyboard/j/o/v/aspire-a315-33-a315-52-e5-522-e5-522g-e5-523-e5-523g-e5-532-original-imagc96bpz24ruwt.jpeg?q=70","2201"
"KRYGMHAQYQ7KQHT6","SellZone Laptop Keyboard Replacement ACER ASPIRE V5-122, V5-122P-0467, NSK-R71BW01, Laptop Keyboard Re...","SellZone","nan","nan","nan","nan","nan","nan","nan","竄ｹ5,500","竄ｹ9,599","42",\N,\N,\N,"No","https://www.flipkart.com/sellzone-laptop-keyboard-replacement-acer-aspire-v5-122-v5-122p-0467-nsk-r71bw01-key/p/itme5c89110e20ee","https://rukminim2.flixcart.com/image/312/312/l12h1u80/keyboard/laptop-keyboard/e/2/u/laptop-keyboard-replacement-acer-aspire-v5-122-v5-122p-0467-nsk-original-imagcpt2x5x4rarp.jpeg?q=70","2204"
"ACCGBZZVNSJVPNPR","TECHCLONE Aspire One 725 756 AL12B32 KT.00403.004, KT.00407.002 4 Cell Laptop Battery","TECHCLONE","nan","nan","nan","nan","nan","nan","9 Months Warranty","竄ｹ2,199","竄ｹ2,999","26",\N,\N,\N,"No","https://www.flipkart.com/techclone-aspire-one-725-756-al12b32-kt-00403-004-kt-00407-002-4-cell-laptop-battery/p/itm9ab78670fdc7c","https://rukminim2.flixcart.com/image/312/312/xif0q/laptop-battery/2/v/v/aspire-v5-121-v5-123-v5-131-v5-171-al12b32-techclone-original-imah388njmbefvtg.jpeg?q=70","2205"
"ACCFUUHFVWUJWJFC","5 ACE landscape (135) msd Printed Designer Premium Rubber Base Mouse pad for Laptop|Dekstop-7x8.5 Inch...","5","nan","nan","nan","nan","nan","nan","nan","竄ｹ280","竄ｹ999","71",\N,\N,\N,"No","https://www.flipkart.com/5-ace-landscape-135-msd-printed-designer-premium-rubber-base-mouse-pad-laptop-dekstop-7x8-5-inches-mousepad/p/itm7c079e943a234","https://rukminim2.flixcart.com/image/312/312/ke4kjgw0/mousepad/j/f/c/5-ace-landscape-135-msd-printed-designer-premium-rubber-base-original-imafuvn4yzjrzvrg.jpeg?q=70","2206"
"RPSGMMHKTE587G9H","XIRIXX 邃｢ ACER NITRO 5 AN515-44-R40C 15.6-INCH 40 PIN FHD LED LAPTOP SCREEN LED 15.6 inch Replacement S...","XIRIXX","nan","nan","nan","nan","nan","nan","nan","竄ｹ18,621","竄ｹ24,144","22",\N,\N,\N,"No","https://www.flipkart.com/xirixx-acer-nitro-5-an515-44-r40c-15-6-inch-40-pin-fhd-led-laptop-screen-15-6-inch-replacement/p/itm82b30a8e3e3e8","https://rukminim2.flixcart.com/image/312/312/xif0q/replacement-screen/8/a/5/led-acer-nitro-5-an515-44-r40c-15-6-inch-40-pin-fhd-led-laptop-original-imagmmhjhfwyuxhq.jpeg?q=70","2209"
"ACCEXS4FUMDNSKCJ","SellZone Laptop Keyboard Compatible For ACER ASPIRE 4410 4739Z 4535G 4736 4736G 4736Z 4743Z 4750Z E1-4...","SellZone","nan","nan","nan","nan","nan","nan","1 Year Seller Replacement Warranty","竄ｹ999","nan",\N,"4","44","9","No","https://www.flipkart.com/sellzone-laptop-keyboard-compatible-acer-aspire-4410-4739z-4535g-4736-4736g-4736z-4743z-4750z-e1-431-internal-standard/p/itmeyygjssjvthw5","https://rukminim2.flixcart.com/image/312/312/j7usl8w0/keyboard/laptop-keyboard/k/c/j/sellzone-laptop-keyboard-compatible-for-acer-aspire-4410-4739z-original-imaeyygjzgww3rz8.jpeg?q=70","2212"
"ACCGSBQTESA6HJ44","Lapfuture Aspire N16Q2 N16Q3 N17C3 N17C4 N17Q1 N17Q2 N17Q3 65 W Adapter","Lapfuture","nan","nan","nan","nan","nan","nan","Please check the physical product for the warranty period and service center details (if any)","竄ｹ988","竄ｹ1,299","23",\N,\N,\N,"Yes","https://www.flipkart.com/lapfuture-aspire-n16q2-n16q3-n17c3-n17c4-n17q1-n17q2-n17q3-65-w-adapter/p/itmc180a3d9e5bb7","https://rukminim2.flixcart.com/image/312/312/xif0q/laptop-adapter/x/2/l/aspire-n16q2-n16q3-n17c3-n17c4-n17q1-n17q2-n17q3-lapfuture-original-imagsbqs7hpuy9g7.jpeg?q=70","2213"
"RPSGMMH6NQGF23HH","XIRIXX 邃｢ ACER NITRO 5 AN515-44-R32F 15.6-INCH 40 PIN FHD LED LAPTOP SCREEN LED 15.6 inch Replacement S...","XIRIXX","nan","nan","nan","nan","nan","nan","nan","竄ｹ18,621","竄ｹ23,134","19",\N,\N,\N,"No","https://www.flipkart.com/xirixx-acer-nitro-5-an515-44-r32f-15-6-inch-40-pin-fhd-led-laptop-screen-15-6-inch-replacement/p/itm7c5b3f4ee0f83","https://rukminim2.flixcart.com/image/312/312/xif0q/replacement-screen/h/1/l/led-acer-nitro-5-an515-44-r32f-15-6-inch-40-pin-fhd-led-laptop-original-imah4t2jmrtxfayx.jpeg?q=70","2214"
"ACCGB68ZEHDZW5VK","TECHCLONE Acer A315-33 A315-52 Aspire E5-522 E5-522G Internal Laptop-size Laptop Keyboard Compatible w...","TECHCLONE","nan","nan","nan","nan","nan","nan","90 days replacement warranty","竄ｹ1,609","竄ｹ2,499","35",\N,\N,\N,"No","https://www.flipkart.com/techclone-acer-a315-33-a315-52-aspire-e5-522-e5-522g-internal-laptop-size-laptop-keyboard-compatible-desktop-laptop-mac/p/itm17a21ed3a84ea","https://rukminim2.flixcart.com/image/312/312/xif0q/keyboard/laptop-keyboard/x/l/f/acer-a315-33-a315-52-aspire-e5-522-e5-522g-techclone-original-imah5ghy3hffdkyr.jpeg?q=70","2217"
"KRYG8XFVTNJPFNHW","SellZone Laptop Keyboard For Acer Aspire E1 571 33114G75MAKS Laptop Keyboard Replacement Key","SellZone","nan","nan","nan","nan","nan","nan","nan","竄ｹ2,049","竄ｹ2,999","31",\N,\N,\N,"No","https://www.flipkart.com/sellzone-laptop-keyboard-acer-aspire-e1-571-33114g75maks-replacement-key/p/itmeba4a827c2f5c","https://rukminim2.flixcart.com/image/312/312/kw6pw280/keyboard/laptop-keyboard/4/p/k/laptop-keyboard-for-acer-aspire-e1-571-33114g75maks-sellzone-original-imag8wzngyyz6cuq.jpeg?q=70","2218"
"ACCH2M44BUGGFNHH","SOLUTIONS-365 ACER 8920 WITHOUT BACKLIT BLACK US Internal Laptop-size Laptop Keyboard","SOLUTIONS-365","nan","nan","nan","nan","nan","nan","3 MONTHS WARRANTY BY SOLUTIONS-365","竄ｹ880","竄ｹ1,200","26",\N,\N,\N,"No","https://www.flipkart.com/solutions-365-acer-8920-without-backlit-black-internal-laptop-size-laptop-keyboard/p/itmf5971b6e7d99a","https://rukminim2.flixcart.com/image/312/312/xif0q/keyboard/laptop-keyboard/6/l/a/acer-8920-without-backlit-black-us-solutions-365-original-imah2m44fwxmvgcy.jpeg?q=70","2221"
"ACCGMFGUGHHVFXHQ","WEFLY Laptop Battery Compatible for Acer Aspire One Happy-13624 6 Cell Laptop Battery","WEFLY","nan","nan","nan","nan","nan","nan","nan","竄ｹ1,799","竄ｹ2,499","28",\N,\N,\N,"No","https://www.flipkart.com/wefly-laptop-battery-compatible-acer-aspire-one-happy-13624-6-cell/p/itm1996e5756a111","https://rukminim2.flixcart.com/image/312/312/xif0q/laptop-battery/laptop-battery/n/q/4/laptop-battery-compatible-for-acer-aspire-one-happy-13624-wefly-original-imagmfgugygaeevb.jpeg?q=70","2222"
"LSDGVWQP8QAFSXKT","SCOTLON _All Panel_Green crops_ Vinyl Laptop Decal 15.5","SCOTLON","nan","nan","nan","nan","nan","nan","nan","竄ｹ295","竄ｹ799","63",\N,\N,\N,"Yes","https://www.flipkart.com/scotlon-all-panel-green-crops-vinyl-laptop-decal-15-5/p/itm00c22de2d6fd6","https://rukminim2.flixcart.com/image/312/312/xif0q/laptop-skin-decal/z/l/m/all-panel-green-crops-scotlon-15-5-original-imagvwqptgmydzmd.jpeg?q=70","2223"
"ACCGXYUWATFWDUJ6","Heontech 19V 3.42A For Ace_r P/N. N15Q8 N15Q9 N16P1 A13-045N2A PA-1450-26 PA-1650-80 65 W Adapter","Heontech","nan","nan","nan","nan","nan","nan","6 Months Replacement Warranty. To claim warranty or any other queries, customers need to email us at","竄ｹ785","竄ｹ1,599","50",\N,\N,\N,"Yes","https://www.flipkart.com/heontech-19v-3-42a-ace-r-p-n-n15q8-n15q9-n16p1-a13-045n2a-pa-1450-26-pa-1650-80-65-w-adapter/p/itma197aeaf97344","https://rukminim2.flixcart.com/image/312/312/xif0q/laptop-adapter/2/p/6/19v-3-42a-for-ace-r-p-n-n15q8-n15q9-n16p1-a13-045n2a-pa-1450-26-original-imagxyuw8hyywgx3.jpeg?q=70","2226"
"KRYF435FNTEBRQ7V","SellZone Replacement Laptop Keyboard For ACER ASPIRE 4740 4741 4736 4535G 4535 4410 4410t 4736Z 4738 4...","SellZone","nan","nan","nan","nan","nan","nan","nan","竄ｹ1,150","竄ｹ1,299","11","3.6","5","1","No","https://www.flipkart.com/sellzone-replacement-laptop-keyboard-acer-aspire-4740-4741-4736-4535g-4535-4410-4410t-4736z-4738-4739-4739z-4741z-3810-4810-3810t-4750-4752-emachines-d728-d729-d729z-d528-d529-d640-d640g-d642-series-key/p/itmf437p2ksrrchw","https://rukminim2.flixcart.com/image/312/312/jfoac280/keyboard-replacement-key/q/7/v/replacement-laptop-keyboard-for-acer-aspire-4740-4741-4736-4535g-original-imaesbya7zsjavzz.jpeg?q=70","2229"
"KRYGMHAQZYRMZPMG","SellZone Laptop Keyboard Replacement 4330, 5332, 5334, 5516, 5517, 5532, Laptop Keyboard Replacement K...","SellZone","nan","nan","nan","nan","nan","nan","nan","竄ｹ1,888","竄ｹ1,999","5",\N,\N,\N,"No","https://www.flipkart.com/sellzone-laptop-keyboard-replacement-4330-5332-5334-5516-5517-5532-key/p/itmdbb09c97a4cf2","https://rukminim2.flixcart.com/image/312/312/xif0q/keyboard/laptop-keyboard/b/i/b/laptop-keyboard-replacement-4330-5332-5334-5516-5517-5532-original-imagg6ge6prgy5kh.jpeg?q=70","2230"
"ACCG6D2BZGKFQNMF","Myria ACR 219, 222, 225, 230, 272, 292 65 W Adapter","Myria","nan","nan","nan","nan","nan","nan","6 month warranty","竄ｹ689","竄ｹ1,299","46",\N,\N,\N,"No","https://www.flipkart.com/myria-acr-219-222-225-230-272-292-65-w-adapter/p/itm8ea19659e2558","https://rukminim2.flixcart.com/image/312/312/ksw4ccw0/laptop-adapter/p/e/5/acr-219-222-225-230-272-292-myria-original-imag6d2bd6aqnwuf.jpeg?q=70","2231"
"ACCGCHYKFW2KTP84","TECHCLONE Laptop Keyboard Replacement ACER ASPIRE V5-473G, V5-473P, V5-473PG Internal Laptop-size Lapt...","TECHCLONE","nan","nan","nan","nan","nan","nan","90 days replacement warranty","竄ｹ1,609","竄ｹ2,499","35",\N,\N,\N,"No","https://www.flipkart.com/techclone-laptop-keyboard-replacement-acer-aspire-v5-473g-v5-473p-v5-473pg-internal-laptop-size-compatible-desktop-laptop-mac/p/itm96626b9370aa1","https://rukminim2.flixcart.com/image/312/312/xif0q/keyboard/laptop-keyboard/h/e/g/travelmate-p645-p645-mg-p645-mg-p645-s-p645-sg-p645-v-p645-vg-original-imah4zzkcbn8rnub.jpeg?q=70","2232"
"ACCGFSUTXBYJUSH4","TechSonic Laptop Keyboard For ACER Aspire ONE 722 D722 721 753H 751H Internal Laptop-size Laptop Keybo...","TechSonic","nan","nan","nan","nan","nan","nan","nan","竄ｹ1,900","竄ｹ2,090","9",\N,\N,\N,"No","https://www.flipkart.com/techsonic-laptop-keyboard-acer-aspire-one-722-d722-721-753h-751h-internal-laptop-size-compatible-desktop-laptop-mac/p/itm6ef6aa70a1fa1","https://rukminim2.flixcart.com/image/312/312/l51d30w0/keyboard/laptop-keyboard/8/n/z/laptop-keyboard-for-acer-aspire-one-722-d722-721-753h-751h-original-imagfsusgract3kz.jpeg?q=70","2235"
"ACCGMYEUNVYAB2FD","WEFLY Laptop Battery Compatible for Acer Aspire 5741G-334G64Mn 6 Cell Laptop Battery","WEFLY","nan","nan","nan","nan","nan","nan","nan","竄ｹ1,746","竄ｹ2,499","30",\N,\N,\N,"No","https://www.flipkart.com/wefly-laptop-battery-compatible-acer-aspire-5741g-334g64mn-6-cell/p/itm1835c789118f8","https://rukminim2.flixcart.com/image/312/312/xif0q/laptop-battery/laptop-battery/0/e/a/laptop-battery-compatible-for-acer-aspire-5741g-334g64mn-wefly-original-imagmf4fycq2bgsg.jpeg?q=70","2236"
"COMH3YTFFRWVFFNX","MSI AMD Ryzen 5 Hexa Core 7530U - (16 GB/512 GB SSD/Windows 11 Home) Modern 15 B7M-427IN Business Lapt...","MSI","AMD Ryzen 5 Hexa Core Processor","16 GB DDR4 RAM","512 GB SSD","38.1 cm (15 Inch) Display","nan","Windows 11 Operating System","1 Year Carry-in Warranty","竄ｹ42,990","竄ｹ60,990","29","4.4","9","0","Yes","https://www.flipkart.com/msi-amd-ryzen-5-hexa-core-7530u-16-gb-512-gb-ssd-windows-11-home-modern-15-b7m-427in-business-laptop/p/itm60bd324b18095","https://rukminim2.flixcart.com/image/312/312/xif0q/computer/q/2/q/-original-imahcd9cqshhszzy.jpeg?q=70","2238"
"ACCGMFGUGNZGHPQP","WEFLY Laptop Battery Compatible for Acer Aspire One Happy-13863 6 Cell Laptop Battery","WEFLY","nan","nan","nan","nan","nan","nan","nan","竄ｹ1,799","竄ｹ2,499","28",\N,\N,\N,"No","https://www.flipkart.com/wefly-laptop-battery-compatible-acer-aspire-one-happy-13863-6-cell/p/itm1996e5756a111","https://rukminim2.flixcart.com/image/312/312/xif0q/laptop-battery/laptop-battery/f/1/j/laptop-battery-compatible-for-acer-aspire-one-happy-13863-wefly-original-imagmfgtx5kwghgc.jpeg?q=70","2239"
"ACCGHNG3VFH6QRGT","TechSonic Keyboard For Acer Aspire ONE A110, A150, ZG5, D150, D250 Internal Laptop-size Laptop Keyboar...","TechSonic","nan","nan","nan","nan","nan","nan","1 Year Seller Warranty","竄ｹ1,499","nan",\N,\N,\N,\N,"No","https://www.flipkart.com/techsonic-keyboard-acer-aspire-one-a110-a150-zg5-d150-d250-internal-laptop-size-laptop-compatible-desktop-laptop-mac/p/itmd35b7dd3b10a1","https://rukminim2.flixcart.com/image/312/312/xif0q/keyboard/laptop-keyboard/u/h/0/laptop-keyboard-for-acer-aspire-one-a110-a150-zg5-d150-d250-original-imaghng3kwe9byvh.jpeg?q=70","2240"
"COMHYWTJCY5GS3MC","MSI Modern 14 Intel Core i7 12th Gen 1255U - (16 GB/512 GB SSD/Windows 11 Home) Modern 14 C12MO Busine...","MSI","Intel Core i7 Processor (12th Gen)","16 GB DDR4 RAM","512 GB SSD","35.56 cm (14 inch) Display","nan","Windows 11 Operating System","1 Year Warranty Term","竄ｹ43,990","竄ｹ60,990","27","4.7","6","3","No","https://www.flipkart.com/msi-modern-14-intel-core-i7-12th-gen-1255u-16-gb-512-gb-ssd-windows-11-home-c12mo-business-laptop/p/itm60c14709fdf3b","https://rukminim2.flixcart.com/image/312/312/xif0q/computer/5/l/r/-original-imahcd9pe9khahvz.jpeg?q=70","2241"
"ACCGMFHEXQSGHCGG","WEFLY Laptop Battery Compatible for Acer Aspire One Happy 2-N578QB2B 6 Cell Laptop Battery","WEFLY","nan","nan","nan","nan","nan","nan","nan","竄ｹ1,799","竄ｹ2,499","28",\N,\N,\N,"No","https://www.flipkart.com/wefly-laptop-battery-compatible-acer-aspire-one-happy-2-n578qb2b-6-cell/p/itm1996e5756a111","https://rukminim2.flixcart.com/image/312/312/xif0q/laptop-battery/laptop-batery/e/z/z/laptop-battery-compatible-for-acer-aspire-one-happy-2-n578qb2b-original-imagmfhe6mga2gvh.jpeg?q=70","2243"
"ACCGYMWFYP8SJQNF","Zoku Protection Nano Glass for Acer Nitro Flagship High Performance FHD GamingPC 15.6 Inch Laptop (.1....","Zoku","nan","nan","nan","nan","nan","nan","nan","竄ｹ442","竄ｹ1,499","70",\N,\N,\N,"No","https://www.flipkart.com/zoku-protection-nano-glass-acer-nitro-flagship-high-performance-fhd-gamingpc-15-6-inch-laptop-1-435/p/itm97b640c899640","https://rukminim2.flixcart.com/image/312/312/xif0q/screen-guard/nano-glass/7/r/y/acer-nitro-flagship-high-performance-fhd-gamingpc-15-6-inch-original-imagymvynvmuudef.jpeg?q=70","2244"
"ACCGM2MYFS2WN4ZZ","WISTAR Laptop Battery Compatible for Acer BT.00603.041 6 Cell Laptop Battery","WISTAR","nan","nan","nan","nan","nan","nan","nan","竄ｹ1,619","竄ｹ2,499","35",\N,\N,\N,"Yes","https://www.flipkart.com/wistar-laptop-battery-compatible-acer-bt-00603-041-6-cell/p/itmbf0fad77371b3","https://rukminim2.flixcart.com/image/312/312/xif0q/laptop-battery/laptop-bttery/d/f/x/laptop-battery-compatible-for-acer-bt-00603-041-wistar-original-imagm2myv7pqfb5f.jpeg?q=70","2247"
"ACCGZDSACXJ89HBN","TechSonic Acer BT.00603.117, BT.00603.124, BT.00603.129, BT.00604.049 6 Cell Laptop Battery","TechSonic","nan","nan","nan","nan","nan","nan","1 Year Seller Warranty","竄ｹ2,299","竄ｹ2,999","23",\N,\N,\N,"No","https://www.flipkart.com/techsonic-acer-bt-00603-117-bt-00603-124-bt-00603-129-bt-00604-049-6-cell-laptop-battery/p/itm1a339e782d62a","https://rukminim2.flixcart.com/image/312/312/kqwobrk0/laptop-battery/a/c/e/acr-bt-00603-117-bt-00603-124-bt-00603-129-bt-00604-049-regatech-original-imag4tkq3yk2h5fh.jpeg?q=70","2248"
"ACCGMFHHESDMQYRE","WEFLY Laptop Battery Compatible for Acer Aspire AS5745DG-5464G50Mnks 6 Cell Laptop Battery","WEFLY","nan","nan","nan","nan","nan","nan","nan","竄ｹ1,900","竄ｹ2,499","23",\N,\N,\N,"No","https://www.flipkart.com/wefly-laptop-battery-compatible-acer-aspire-as5745dg-5464g50mnks-6-cell/p/itm05272caecaf2d","https://rukminim2.flixcart.com/image/312/312/xif0q/laptop-battery/h/s/k/laptop-battery-compatible-for-acer-aspire-as5745dg-5464g50mnks-original-imagmfhh3bzrszgt.jpeg?q=70","2251"
"ACCGB68FQ2RTFZS4","TECHCLONE Laptop Keyboard Replacement for Acer Aspire 5810tz 5810T 5810PG 5810 5800 Internal Laptop-si...","TECHCLONE","nan","nan","nan","nan","nan","nan","90 days replacement warranty","竄ｹ1,316","竄ｹ2,499","47",\N,\N,\N,"No","https://www.flipkart.com/techclone-laptop-keyboard-replacement-acer-aspire-5810tz-5810t-5810pg-5810-5800-internal-laptop-size-compatible-desktop-laptop-mac/p/itmbb7207e8e8239","https://rukminim2.flixcart.com/image/312/312/xif0q/keyboard/laptop-keyboard/c/o/q/laptop-keyboard-replacement-for-acer-aspire-5810tz-5810t-5810pg-original-imah46qhw4yjjhkb.jpeg?q=70","2254"
"ACCGMYEXVCQC4KTZ","WEFLY Laptop Battery Compatible for Acer Aspire 5741-334G32Mn 6 Cell Laptop Battery","WEFLY","nan","nan","nan","nan","nan","nan","nan","竄ｹ1,795","竄ｹ2,499","28",\N,\N,\N,"No","https://www.flipkart.com/wefly-laptop-battery-compatible-acer-aspire-5741-334g32mn-6-cell/p/itmcd345e903c54d","https://rukminim2.flixcart.com/image/312/312/xif0q/laptop-battery/laptop-battery/2/o/b/laptop-battery-compatible-for-acer-aspire-5741-334g32mn-wefly-original-imagmyex8bjkvyzn.jpeg?q=70","2257"
